geoid,name,housing_units,du_acre_urban,du_acre_rural,du_acre
01001,"Autauga, Alabama",24350,1.03938,0.02725,0.233299
01003,"Baldwin, Alabama",124148,0.950667,0.043818,0.346328
01005,"Barbour, Alabama",11618,1.023478,0.013403,0.061436
01007,"Bibb, Alabama",9002,,0.022596,0.022596
01009,"Blount, Alabama",24622,0.816448,0.05449,0.070051
01011,"Bullock, Alabama",4516,,0.01133,0.01133
01013,"Butler, Alabama",9806,0.805406,0.014012,0.046244
01015,"Calhoun, Alabama",53052,0.729546,0.055294,0.291737
01017,"Chambers, Alabama",16373,0.793888,0.022564,0.128103
01019,"Cherokee, Alabama",14513,,0.040968,0.040968
01021,"Chilton, Alabama",19438,0.489813,0.037821,0.055355
01023,"Choctaw, Alabama",7104,,0.012151,0.012151
01025,"Clarke, Alabama",11655,,0.014705,0.014705
01027,"Clay, Alabama",7035,,0.0182,0.0182
01029,"Cleburne, Alabama",6801,,0.018972,0.018972
01031,"Coffee, Alabama",24105,0.920799,0.027975,0.166914
01033,"Colbert, Alabama",27666,1.012099,0.030926,0.245519
01035,"Conecuh, Alabama",6382,,0.011728,0.011728
01037,"Coosa, Alabama",5999,,0.014401,0.014401
01039,"Covington, Alabama",18596,0.757208,0.01956,0.061736
01041,"Crenshaw, Alabama",6516,,0.016722,0.016722
01043,"Cullman, Alabama",39145,0.678523,0.064978,0.11482
01045,"Dale, Alabama",22761,0.569131,0.033968,0.136524
01047,"Dallas, Alabama",18880,0.894714,0.013678,0.139029
01049,"DeKalb, Alabama",30584,0.602709,0.055407,0.071878
01051,"Elmore, Alabama",36818,0.816803,0.068611,0.139464
01053,"Escambia, Alabama",16684,0.854145,0.01752,0.07446
01055,"Etowah, Alabama",47306,0.69358,0.064222,0.261251
01057,"Fayette, Alabama",7760,,0.019317,0.019317
01059,"Franklin, Alabama",13912,0.864931,0.025083,0.066768
01061,"Geneva, Alabama",12452,0.945656,0.033723,0.034223
01063,"Greene, Alabama",4205,,0.010155,0.010155
01065,"Hale, Alabama",7399,,0.017952,0.017952
01067,"Henry, Alabama",9058,,0.025194,0.025194
01069,"Houston, Alabama",49282,1.002269,0.0481,0.367889
01071,"Jackson, Alabama",24627,0.644874,0.026813,0.061225
01073,"Jefferson, Alabama",307927,1.133787,0.071557,0.838772
01075,"Lamar, Alabama",7071,,0.018267,0.018267
01077,"Lauderdale, Alabama",44585,1.175405,0.055222,0.249882
01079,"Lawrence *, Alabama",15225,1.48563,0.034441,0.034449
01081,"Lee, Alabama",74856,1.024848,0.057029,0.490966
01083,"Limestone, Alabama",42692,0.787554,0.066087,0.220369
01085,"Lowndes, Alabama",4779,,0.010428,0.010428
01087,"Macon, Alabama",9604,0.825802,0.013718,0.087097
01089,"Madison, Alabama",169820,1.080004,0.07199,0.697212
01091,"Marengo, Alabama",9777,1.025652,0.010913,0.043705
01093,"Marion, Alabama",14073,,0.029621,0.029621
01095,"Marshall, Alabama",41245,0.697135,0.067706,0.192962
01097,"Mobile, Alabama",184441,1.027206,0.06091,0.562463
01099,"Monroe, Alabama",10127,0.71697,0.012089,0.029693
01101,"Montgomery, Alabama",105293,1.348734,0.028252,0.860173
01103,"Morgan, Alabama",53265,0.925245,0.060317,0.328126
01105,"Perry, Alabama",3933,,0.008539,0.008539
01107,"Pickens, Alabama",8646,,0.015327,0.015327
01109,"Pike, Alabama",15977,1.091937,0.021517,0.116069
01111,"Randolph, Alabama",12400,,0.033374,0.033374
01113,"Russell, Alabama",27253,1.215261,0.026578,0.277047
01115,"St. Clair, Alabama",37775,0.6226,0.065465,0.139125
01117,"Shelby, Alabama",89060,0.891,0.050512,0.444687
01119,"Sumter, Alabama",6279,,0.010855,0.010855
01121,"Talladega, Alabama",37948,0.706572,0.049254,0.149558
01123,"Tallapoosa, Alabama",22686,0.706748,0.040366,0.07058
01125,"Tuscaloosa, Alabama",101460,1.269628,0.037805,0.451917
01127,"Walker, Alabama",29975,0.540863,0.04882,0.077632
01129,"Washington, Alabama",7712,,0.011155,0.011155
01131,"Wilcox, Alabama",5261,,0.009259,0.009259
01133,"Winston, Alabama",13015,,0.033175,0.033175
02013,"Aleutians East, Alaska",679,,0.000152,0.000152
02016,"Aleutians West, Alaska",1331,,0.000473,0.000473
02020,"Anchorage, Alaska",118640,1.617032,0.005332,1.243622
02050,"Bethel, Alaska",5984,0.182919,0.000163,0.001278
02060,"Bristol Bay, Alaska",857,,0.002778,0.002778
02063,"Chugach, Alaska",3565,,0.000585,0.000585
02066,"Copper River, Alaska",2769,,0.000175,0.000175
02068,"Denali, Alaska",1606,,0.000199,0.000199
02070,"Dillingham, Alaska",2405,,0.000205,0.000205
02090,"Fairbanks North Star, Alaska",42659,0.634652,0.002686,0.128297
02100,"Haines, Alaska",1370,,0.000913,0.000913
02105,"Hoonah-Angoon, Alaska",1777,,0.000424,0.000424
02110,"Juneau, Alaska",14093,1.158829,0.00182,0.275863
02122,"Kenai Peninsula, Alaska",32622,0.535675,0.002579,0.007123
02130,"Ketchikan Gateway, Alaska",6614,0.36018,0.000374,0.108387
02150,"Kodiak Island, Alaska",5825,1.190776,0.000474,0.078095
02158,"Kusilvak, Alaska",2342,,0.000214,0.000214
02164,"Lake and Peninsula, Alaska",1469,,9.6e-05,9.6e-05
02170,"Matanuska-Susitna, Alaska",51077,0.555911,0.001938,0.01879
02180,"Nome, Alaska",4095,,0.000279,0.000279
02185,"North Slope, Alaska",2619,,4.6e-05,4.6e-05
02188,"Northwest Arctic, Alaska",2717,,0.000119,0.000119
02195,"Petersburg, Alaska",1718,,0.000925,0.000925
02198,"Prince of Wales-Hyder, Alaska",3227,,0.000957,0.000957
02220,"Sitka, Alaska",4139,0.868027,0.00026,0.341398
02230,"Skagway, Alaska",760,,0.002737,0.002737
02240,"Southeast Fairbanks, Alaska",3513,,0.000221,0.000221
02275,"Wrangell, Alaska",1273,,0.000778,0.000778
02282,"Yakutat, Alaska",441,,9e-05,9e-05
02290,"Yukon-Koyukuk, Alaska",4014,,4.3e-05,4.3e-05
04001,"Apache, Arizona",28723,,0.004008,0.004008
04003,"Cochise, Arizona",58648,1.434103,0.005641,0.175019
04005,"Coconino, Arizona",69108,1.353955,0.002278,0.110889
04007,"Gila, Arizona",32373,1.155389,0.005305,0.079728
04009,"Graham, Arizona",13704,1.115068,0.002115,0.064165
04011,"Greenlee, Arizona",4389,,0.003723,0.003723
04012,"La Paz, Arizona",13457,1.388189,0.001984,0.086628
04013,"Maricopa, Arizona",1812827,2.26591,0.007385,2.011488
04015,"Mohave, Arizona",117650,1.521853,0.003311,0.35278
04017,"Navajo, Arizona",56180,1.007929,0.004404,0.067746
04019,"Pima, Arizona",470132,1.743164,0.006585,1.122556
04021,"Pinal, Arizona",172878,1.845359,0.010902,0.622053
04023,"Santa Cruz, Arizona",18729,0.90291,0.014552,0.073269
04025,"Yavapai, Arizona",121154,1.261242,0.007773,0.235908
04027,"Yuma, Arizona",92048,2.181913,0.00336,0.955679
05001,"Arkansas, Arkansas",8671,1.077726,0.007322,0.075327
05003,"Ashley, Arkansas",9371,0.615641,0.009924,0.047402
05005,"Baxter, Arkansas",22699,0.882822,0.03947,0.137452
05007,"Benton, Arkansas",113088,1.005901,0.061181,0.502679
05009,"Boone, Arkansas",17368,0.857394,0.028604,0.108275
05011,"Bradley, Arkansas",5073,0.635844,0.006036,0.065068
05013,"Calhoun, Arkansas",2444,,0.006075,0.006075
05015,"Carroll, Arkansas",13853,0.750179,0.029577,0.04726
05017,"Chicot, Arkansas",5104,,0.01252,0.01252
05019,"Clark, Arkansas",9977,1.059664,0.01049,0.073377
05021,"Clay, Arkansas",7470,,0.018259,0.018259
05023,"Cleburne, Arkansas",15527,0.772066,0.033431,0.072685
05025,"Cleveland, Arkansas",3570,,0.009329,0.009329
05027,"Columbia, Arkansas",10999,0.797995,0.013444,0.071019
05029,"Conway, Arkansas",9646,0.824801,0.018955,0.061766
05031,"Craighead, Arkansas",46739,1.058822,0.036024,0.351832
05033,"Crawford, Arkansas",25300,0.945659,0.034968,0.176891
05035,"Crittenden, Arkansas",21291,1.16934,0.011413,0.457984
05037,"Cross, Arkansas",7585,0.969717,0.010748,0.080061
05039,"Dallas, Arkansas",3468,,0.00812,0.00812
05041,"Desha, Arkansas",5795,1.077802,0.007731,0.047995
05043,"Drew, Arkansas",8259,0.78431,0.008286,0.071274
05045,"Faulkner, Arkansas",51685,1.380252,0.05758,0.343243
05047,"Franklin, Arkansas",7716,,0.019798,0.019798
05049,"Fulton, Arkansas",6185,,0.015637,0.015637
05051,"Garland, Arkansas",52326,0.930744,0.040129,0.359557
05053,"Grant, Arkansas",7839,0.733828,0.014253,0.0413
05055,"Greene, Arkansas",19159,1.024311,0.023799,0.191225
05057,"Hempstead, Arkansas",9601,0.813288,0.01196,0.072332
05059,"Hot Spring, Arkansas",14179,0.983074,0.025546,0.076
05061,"Howard, Arkansas",6152,,0.016367,0.016367
05063,"Independence, Arkansas",16667,0.94116,0.024688,0.069286
05065,"Izard, Arkansas",6721,,0.018101,0.018101
05067,"Jackson, Arkansas",7079,1.000815,0.010299,0.068593
05069,"Jefferson, Arkansas",30573,0.751444,0.01727,0.242936
05071,"Johnson, Arkansas",11475,0.666463,0.019498,0.054235
05073,"Lafayette, Arkansas",3916,,0.011556,0.011556
05075,"Lawrence, Arkansas",7489,0.902789,0.012082,0.06747
05077,"Lee, Arkansas",3695,,0.009625,0.009625
05079,"Lincoln, Arkansas",4366,,0.012194,0.012194
05081,"Little River, Arkansas",6043,,0.017773,0.017773
05083,"Logan, Arkansas",9744,,0.02147,0.02147
05085,"Lonoke, Arkansas",30112,0.942713,0.033386,0.160068
05087,"Madison, Arkansas",7611,,0.014255,0.014255
05089,"Marion, Arkansas",9461,,0.024776,0.024776
05091,"Miller, Arkansas",19779,0.860961,0.020384,0.19455
05093,"Mississippi, Arkansas",19075,0.890428,0.014627,0.150047
05095,"Monroe, Arkansas",3828,,0.009846,0.009846
05097,"Montgomery, Arkansas",5435,,0.010881,0.010881
05099,"Nevada, Arkansas",4298,,0.01087,0.01087
05101,"Newton, Arkansas",4086,,0.007776,0.007776
05103,"Ouachita, Arkansas",11837,0.734132,0.014387,0.080734
05105,"Perry, Arkansas",4933,,0.013979,0.013979
05107,"Phillips, Arkansas",8315,1.123469,0.008954,0.115072
05109,"Pike, Arkansas",5289,,0.013766,0.013766
05111,"Poinsett, Arkansas",10327,1.148605,0.014887,0.055875
05113,"Polk, Arkansas",9612,0.625223,0.012544,0.038995
05115,"Pope, Arkansas",26902,1.034415,0.029994,0.139336
05117,"Prairie, Arkansas",4071,,0.009824,0.009824
05119,"Pulaski, Arkansas",190511,1.407918,0.054702,1.002506
05121,"Randolph, Arkansas",8562,0.976405,0.013094,0.063683
05123,"St. Francis, Arkansas",9565,0.907601,0.013667,0.081622
05125,"Saline, Arkansas",51879,0.819484,0.043172,0.291498
05127,"Scott, Arkansas",4851,,0.008489,0.008489
05129,"Searcy, Arkansas",4705,,0.011041,0.011041
05131,"Sebastian, Arkansas",56749,1.229682,0.035615,0.627644
05133,"Sevier, Arkansas",6741,0.702362,0.012802,0.046276
05135,"Sharp, Arkansas",9499,,0.024548,0.024548
05137,"Stone, Arkansas",6784,,0.017479,0.017479
05139,"Union, Arkansas",18599,0.683778,0.014926,0.092427
05141,"Van Buren, Arkansas",9668,,0.02129,0.02129
05143,"Washington, Arkansas",100508,1.475315,0.04348,0.637209
05145,"White, Arkansas",33270,0.88537,0.028891,0.130087
05147,"Woodruff, Arkansas",3250,,0.008666,0.008666
05149,"Yell, Arkansas",9246,1.407527,0.012786,0.029571
06001,"Alameda, California",621958,3.494965,0.010032,3.399013
06003,"Alpine, California",1540,,0.003259,0.003259
06005,"Amador, California",18805,1.420443,0.03423,0.110649
06007,"Butte, California",90133,1.567252,0.019868,0.596918
06009,"Calaveras, California",27422,0.695951,0.03735,0.052611
06011,"Colusa, California",8099,1.387803,0.004985,0.109411
06013,"Contra Costa, California",423342,2.152258,0.015114,2.053986
06015,"Del Norte, California",11090,0.638334,0.00697,0.10565
06017,"El Dorado, California",93467,1.349106,0.032874,0.342515
06019,"Fresno, California",338441,2.34437,0.010868,1.240989
06021,"Glenn, California",10895,1.381081,0.00543,0.137289
06023,"Humboldt, California",62120,1.602446,0.00915,0.287574
06025,"Imperial, California",56625,2.234174,0.003936,0.694281
06027,"Inyo, California",9469,1.452632,0.000669,0.042078
06029,"Kern, California",301009,2.119165,0.00885,0.934153
06031,"Kings, California",46287,1.592252,0.006482,0.817648
06033,"Lake, California",34220,1.331754,0.016535,0.250288
06035,"Lassen, California",12216,2.080789,0.002749,0.027337
06037,"Los Angeles, California",3591981,4.082833,0.018162,3.894391
06039,"Madera, California",49572,1.565014,0.016581,0.200721
06041,"Marin, California",111564,1.890502,0.030878,1.376521
06043,"Mariposa, California",9760,,0.010526,0.010526
06045,"Mendocino, California",41370,1.131598,0.009675,0.094781
06047,"Merced, California",87783,1.879146,0.01308,0.77193
06049,"Modoc, California",4752,,0.001881,0.001881
06051,"Mono, California",13589,3.812456,0.002265,0.34125
06053,"Monterey, California",143631,2.258684,0.010562,1.007498
06055,"Napa, California",55448,2.152218,0.021367,0.954121
06057,"Nevada, California",53627,0.949996,0.039739,0.242335
06059,"Orange, California",1129785,3.359302,0.017425,3.31274
06061,"Placer, California",172356,1.626524,0.038196,0.826947
06063,"Plumas, California",15396,,0.009423,0.009423
06065,"Riverside, California",848549,1.832383,0.011795,1.366973
06067,"Sacramento, California",587551,2.812676,0.034088,2.529869
06069,"San Benito, California",20365,1.797717,0.005909,0.417274
06071,"San Bernardino, California",731899,1.79123,0.004413,1.140506
06073,"San Diego, California",1228505,2.54181,0.021941,2.103424
06075,"San Francisco, California",406628,13.603981,,13.603981
06077,"San Joaquin, California",251453,2.21456,0.026809,1.52904
06079,"San Luis Obispo, California",123715,1.908847,0.010729,0.756675
06081,"San Mateo, California",283693,3.081341,0.027761,2.814146
06083,"Santa Barbara, California",158279,2.321568,0.006037,1.58328
06085,"Santa Clara, California",688035,3.371642,0.014444,3.13888
06087,"Santa Cruz, California",106345,1.919203,0.063613,1.183252
06089,"Shasta, California",79380,1.197374,0.011794,0.234783
06091,"Sierra, California",2127,0.446712,0.003456,0.003609
06093,"Siskiyou, California",22929,0.913074,0.004065,0.019422
06095,"Solano, California",162237,2.320257,0.016568,1.840185
06097,"Sonoma, California",204742,1.989836,0.038295,1.005858
06099,"Stanislaus, California",183140,2.536865,0.017698,1.653982
06101,"Sutter, California",34499,2.398292,0.015263,1.039382
06103,"Tehama, California",27341,1.355879,0.008525,0.069548
06105,"Trinity, California",8183,,0.004022,0.004022
06107,"Tulare, California",150652,2.113926,0.010564,0.68544
06109,"Tuolumne, California",31415,0.860287,0.010977,0.101443
06111,"Ventura, California",293080,2.096957,0.009407,1.749753
06113,"Yolo, California",80188,2.528419,0.0104,1.625231
06115,"Yuba, California",29458,2.020567,0.025998,0.443036
08001,"Adams, Colorado",186544,1.987976,0.011164,1.621726
08003,"Alamosa, Colorado",7064,0.946691,0.005263,0.161254
08005,"Arapahoe, Colorado",262493,2.741402,0.01116,2.486785
08007,"Archuleta, Colorado",9495,1.025246,0.006277,0.056553
08009,"Baca, Colorado",1972,,0.001206,0.001206
08011,"Bent, Colorado",2136,,0.002206,0.002206
08013,"Boulder, Colorado",140848,2.597813,0.036779,1.634855
08014,"Broomfield, Colorado",31298,1.865021,0.019707,1.841848
08015,"Chaffee, Colorado",10921,1.073864,0.00844,0.096457
08017,"Cheyenne, Colorado",925,,0.000813,0.000813
08019,"Clear Creek, Colorado",5672,,0.022433,0.022433
08021,"Conejos, Colorado",3998,,0.004852,0.004852
08023,"Costilla, Colorado",2423,,0.003084,0.003084
08025,"Crowley, Colorado",1509,,0.002994,0.002994
08027,"Custer, Colorado",4175,,0.008832,0.008832
08029,"Delta, Colorado",14780,0.891602,0.015443,0.040943
08031,"Denver *, Colorado",344980,4.858172,0.000297,4.857079
08033,"Dolores, Colorado",1319,,0.001931,0.001931
08035,"Douglas, Colorado",135643,1.743442,0.026985,1.183464
08037,"Eagle, Colorado",32967,1.499953,0.005275,0.575342
08039,"Elbert, Colorado",9805,,0.008278,0.008278
08041,"El Paso, Colorado",287459,1.944434,0.020848,1.299042
08043,"Fremont, Colorado",20243,1.091146,0.009394,0.127913
08045,"Garfield, Colorado",24091,1.471511,0.004117,0.223614
08047,"Gilpin, Colorado",3516,,0.036619,0.036619
08049,"Grand, Colorado",16633,1.340229,0.006976,0.100321
08051,"Gunnison, Colorado",12131,1.403989,0.004272,0.020518
08053,"Hinsdale, Colorado",1329,,0.001859,0.001859
08055,"Huerfano, Colorado",4679,,0.004595,0.004595
08057,"Jackson, Colorado",1190,,0.001152,0.001152
08059,"Jefferson, Colorado",248429,2.172626,0.048786,1.632414
08061,"Kiowa, Colorado",736,,0.000651,0.000651
08063,"Kit Carson, Colorado",3410,,0.002466,0.002466
08065,"Lake, Colorado",4303,1.632067,0.007082,0.190979
08067,"La Plata, Colorado",28198,1.526298,0.017637,0.075975
08069,"Larimer, Colorado",158769,1.781424,0.012379,0.964672
08071,"Las Animas, Colorado",8077,1.434032,0.001217,0.055462
08073,"Lincoln, Colorado",2358,,0.001429,0.001429
08075,"Logan, Colorado",8668,1.632058,0.002566,0.173456
08077,"Mesa, Colorado",67407,1.210679,0.004238,0.577529
08079,"Mineral, Colorado",1215,,0.002168,0.002168
08081,"Moffat, Colorado",6091,1.217967,0.000595,0.127476
08083,"Montezuma, Colorado",12295,1.439752,0.006466,0.036142
08085,"Montrose, Colorado",18952,0.89132,0.005513,0.108793
08087,"Morgan, Colorado",11493,1.405695,0.005207,0.178206
08089,"Otero, Colorado",8716,1.437978,0.00639,0.058781
08091,"Ouray, Colorado",3314,,0.009577,0.009577
08093,"Park, Colorado",14112,,0.010052,0.010052
08095,"Phillips, Colorado",2025,,0.004599,0.004599
08097,"Pitkin, Colorado",13245,1.747211,0.006222,0.341965
08099,"Prowers, Colorado",5437,1.242155,0.001961,0.108968
08101,"Pueblo, Colorado",71981,1.270144,0.006479,0.629257
08103,"Rio Blanco, Colorado",3274,,0.001588,0.001588
08105,"Rio Grande, Colorado",6527,,0.011183,0.011183
08107,"Routt, Colorado",16511,1.627779,0.003972,0.184301
08109,"Saguache, Colorado",3739,,0.001844,0.001844
08111,"San Juan, Colorado",779,,0.003141,0.003141
08113,"San Miguel, Colorado",6551,0.988203,0.002691,0.135486
08115,"Sedgwick, Colorado",1343,,0.003829,0.003829
08117,"Summit, Colorado",31342,1.656007,0.014589,0.727087
08119,"Teller, Colorado",13316,0.918827,0.025044,0.084839
08121,"Washington, Colorado",2276,,0.001412,0.001412
08123,"Weld, Colorado",119962,1.708449,0.00977,0.598391
08125,"Yuma, Colorado",4315,,0.002852,0.002852
09001,"Fairfield, Connecticut",378479,1.341478,0.151584,1.19453
09003,"Hartford, Connecticut",385307,1.268875,0.109594,1.11743
09005,"Litchfield, Connecticut",87615,0.918338,0.075677,0.28787
09007,"Middlesex, Connecticut",76289,0.937498,0.116272,0.533995
09009,"New Haven, Connecticut",369178,1.362084,0.1322,1.223819
09011,"New London, Connecticut",122863,1.033961,0.098355,0.545983
09013,"Tolland, Connecticut",60876,0.927398,0.132537,0.350335
09015,"Windham, Connecticut",49590,0.903558,0.082524,0.272619
10001,"Kent, Delaware",72708,1.035469,0.059709,0.485216
10003,"New Castle, Delaware",233747,1.618462,0.086406,1.397271
10005,"Sussex, Delaware",142280,1.196774,0.076197,0.561655
11001,"District of Columbia, District of Columbia",350364,8.95596,,8.95596
12001,"Alachua, Florida",123359,1.703877,0.054983,0.787525
12003,"Baker, Florida",9809,0.720283,0.016016,0.072652
12005,"Bay, Florida",102971,1.461333,0.026292,0.947177
12007,"Bradford, Florida",10723,0.666698,0.039566,0.099104
12009,"Brevard, Florida",288794,1.470038,0.023935,1.256199
12011,"Broward *, Florida",860329,3.482236,6.7e-05,3.480698
12013,"Calhoun, Florida",5628,,0.0155,0.0155
12015,"Charlotte, Florida",110046,1.177796,0.017401,0.934226
12017,"Citrus, Florida",81687,0.651031,0.074546,0.375029
12019,"Clay, Florida",85049,1.02715,0.041552,0.625033
12021,"Collier, Florida",228390,1.709502,0.014317,1.2095
12023,"Columbia, Florida",29775,0.605033,0.038031,0.106269
12027,"DeSoto, Florida",15548,1.190879,0.018222,0.167375
12029,"Dixie, Florida",9276,,0.020558,0.020558
12031,"Duval, Florida",435033,1.583752,0.048107,1.454635
12033,"Escambia, Florida",145390,1.153419,0.031745,0.909584
12035,"Flagler, Florida",55565,1.137745,0.015035,0.833462
12037,"Franklin, Florida",8347,,0.023931,0.023931
12039,"Gadsden, Florida",18929,0.909928,0.046993,0.082358
12041,"Gilchrist, Florida",7493,,0.03348,0.03348
12043,"Glades, Florida",6491,1.549131,0.009898,0.029184
12045,"Gulf, Florida",8796,,0.024833,0.024833
12047,"Hamilton, Florida",5596,,0.017001,0.017001
12049,"Hardee, Florida",9820,0.983824,0.014575,0.078685
12051,"Hendry, Florida",14971,1.013338,0.00776,0.160106
12053,"Hernando, Florida",89165,1.101278,0.078228,0.632969
12055,"Highlands, Florida",57486,1.056025,0.018887,0.472883
12057,"Hillsborough, Florida",602886,1.810827,0.060801,1.616185
12059,"Holmes, Florida",8622,,0.028133,0.028133
12061,"Indian River, Florida",83529,1.346878,0.016749,1.068626
12063,"Jackson, Florida",19882,0.97924,0.029337,0.04744
12065,"Jefferson, Florida",6690,,0.017478,0.017478
12067,"Lafayette, Florida",3284,,0.009444,0.009444
12069,"Lake, Florida",177628,1.398963,0.05925,0.822746
12071,"Lee, Florida",416332,1.546535,0.062467,1.377524
12073,"Leon, Florida",133478,1.455018,0.047911,0.950519
12075,"Levy, Florida",20868,,0.029159,0.029159
12077,"Liberty, Florida",3196,,0.005977,0.005977
12079,"Madison, Florida",8315,,0.018653,0.018653
12081,"Manatee, Florida",206633,1.780421,0.019075,1.529222
12083,"Marion, Florida",177380,1.013279,0.058167,0.438925
12085,"Martin, Florida",81371,1.442296,0.013166,1.153257
12086,"Miami-Dade, Florida",1074685,4.208222,0.006338,4.055904
12087,"Monroe, Florida",53961,2.016327,0.012863,0.971235
12089,"Nassau, Florida",41628,0.810484,0.040243,0.266785
12091,"Okaloosa, Florida",101197,1.345742,0.016746,0.918173
12093,"Okeechobee, Florida",18484,0.909029,0.011069,0.257556
12095,"Orange, Florida",561851,1.847807,0.041847,1.707672
12097,"Osceola, Florida",154680,1.428901,0.013137,1.060673
12099,"Palm Beach, Florida",705988,2.330452,0.005207,2.232242
12101,"Pasco, Florida",256783,1.260288,0.059863,1.0273
12103,"Pinellas, Florida",516324,3.174565,0.057761,3.156462
12105,"Polk, Florida",316381,1.164755,0.038514,0.798725
12107,"Putnam, Florida",36014,0.754038,0.059818,0.111345
12109,"St. Johns, Florida",119090,1.083227,0.057461,0.718389
12111,"St. Lucie, Florida",147884,1.44404,0.020822,1.231081
12113,"Santa Rosa, Florida",75854,0.922694,0.025406,0.458218
12115,"Sarasota, Florida",253231,1.721042,0.02007,1.597486
12117,"Seminole, Florida",193790,1.735572,0.063015,1.575756
12119,"Sumter, Florida",75304,1.653868,0.039499,0.885972
12121,"Suwannee, Florida",18859,0.811107,0.036835,0.057828
12123,"Taylor, Florida",11088,0.776704,0.012265,0.036912
12125,"Union, Florida",4713,,0.030236,0.030236
12127,"Volusia, Florida",272325,1.568601,0.038251,1.180747
12129,"Wakulla, Florida",13633,0.628924,0.025455,0.063892
12131,"Walton, Florida",56197,1.447179,0.030446,0.380052
12133,"Washington, Florida",10846,,0.028985,0.028985
13001,"Appling, Georgia",8496,0.619583,0.018718,0.052032
13003,"Atkinson, Georgia",3470,,0.01582,0.01582
13005,"Bacon, Georgia",4807,,0.026439,0.026439
13007,"Baker, Georgia",1447,,0.006612,0.006612
13009,"Baldwin, Georgia",19988,0.81672,0.063091,0.237317
13011,"Banks, Georgia",7211,0.284925,0.046554,0.050642
13013,"Barrow, Georgia",30019,0.544471,0.148724,0.35633
13015,"Bartow, Georgia",42435,0.676653,0.062885,0.276046
13017,"Ben Hill, Georgia",8124,0.983775,0.017913,0.251022
13019,"Berrien, Georgia",7991,0.919828,0.020345,0.056324
13021,"Bibb, Georgia",71901,1.050156,0.089502,0.773796
13023,"Bleckley, Georgia",5176,0.689941,0.020554,0.105388
13025,"Brantley, Georgia",8143,0.515369,0.028483,0.029169
13027,"Brooks, Georgia",7280,,0.023064,0.023064
13029,"Bryan, Georgia",16703,1.007062,0.030156,0.18028
13031,"Bulloch, Georgia",32983,0.9927,0.0362,0.220077
13033,"Burke, Georgia",11138,0.709698,0.016055,0.040239
13035,"Butts, Georgia",9437,0.740109,0.062885,0.112725
13037,"Calhoun, Georgia",2020,,0.011257,0.011257
13039,"Camden, Georgia",22541,0.800137,0.018119,0.24857
13043,"Candler, Georgia",4629,,0.029757,0.029757
13045,"Carroll, Georgia",46239,0.654426,0.087723,0.218858
13047,"Catoosa, Georgia",27971,0.719409,0.083523,0.448672
13049,"Charlton, Georgia",4660,,0.009334,0.009334
13051,"Chatham, Georgia",134146,1.060745,0.025302,0.951387
13053,"Chattahoochee, Georgia",3242,0.374708,0.009454,0.071451
13055,"Chattooga, Georgia",10854,0.778273,0.034173,0.114046
13057,"Cherokee, Georgia",100813,0.943511,0.09984,0.629557
13059,"Clarke, Georgia",55802,1.25538,0.091808,1.08281
13061,"Clay, Georgia",1961,,0.015681,0.015681
13063,"Clayton, Georgia",114038,1.400888,0.057016,1.379423
13065,"Clinch, Georgia",3025,,0.005799,0.005799
13067,"Cobb *, Georgia",308504,1.419059,0.109539,1.418977
13069,"Coffee, Georgia",17331,0.574291,0.030486,0.085664
13071,"Colquitt, Georgia",19105,0.680073,0.031754,0.121741
13073,"Columbia, Georgia",58640,1.05633,0.065402,0.686686
13075,"Cook, Georgia",7258,0.758097,0.030169,0.112603
13077,"Coweta, Georgia",56729,0.796866,0.100675,0.328193
13079,"Crawford, Georgia",5154,,0.024785,0.024785
13081,"Crisp, Georgia",9854,0.949301,0.027395,0.179449
13083,"Dade, Georgia",7387,0.258178,0.06589,0.066724
13085,"Dawson, Georgia",11926,0.435239,0.064194,0.118679
13087,"Decatur, Georgia",13036,0.888419,0.018556,0.112412
13089,"DeKalb, Georgia",326101,1.983272,0.06154,1.974
13091,"Dodge, Georgia",8533,0.728052,0.018351,0.060824
13093,"Dooly, Georgia",4762,,0.018951,0.018951
13095,"Dougherty, Georgia",40560,0.986517,0.031892,0.61542
13097,"Douglas, Georgia",53885,0.820988,0.109293,0.61146
13099,"Early, Georgia",4918,,0.014991,0.014991
13101,"Echols, Georgia",1531,,0.00569,0.00569
13103,"Effingham, Georgia",24317,0.813779,0.059835,0.119636
13105,"Elbert, Georgia",9248,0.861985,0.029247,0.080577
13107,"Emanuel, Georgia",9962,0.606805,0.015916,0.049617
13109,"Evans, Georgia",4646,,0.039692,0.039692
13111,"Fannin, Georgia",17643,,0.071214,0.071214
13113,"Fayette, Georgia",45202,0.670646,0.112222,0.494616
13115,"Floyd, Georgia",40475,0.863625,0.052637,0.292524
13117,"Forsyth, Georgia",87581,0.754071,0.184676,0.676551
13119,"Franklin, Georgia",10586,,0.063289,0.063289
13121,"Fulton, Georgia",494006,1.770971,0.04845,1.734
13123,"Gilmer, Georgia",17717,0.442086,0.052886,0.082776
13125,"Glascock, Georgia",1403,,0.01525,0.01525
13127,"Glynn, Georgia",42156,0.904928,0.034584,0.487722
13129,"Gordon, Georgia",22736,0.69723,0.063406,0.165516
13131,"Grady, Georgia",11539,0.86229,0.024908,0.096882
13133,"Greene, Georgia",10087,,0.040672,0.040672
13135,"Gwinnett, Georgia",330569,1.246452,0.120774,1.234183
13137,"Habersham, Georgia",18340,0.553234,0.071353,0.148117
13139,"Hall, Georgia",76865,0.675705,0.113967,0.436359
13141,"Hancock, Georgia",4896,,0.01624,0.01624
13143,"Haralson, Georgia",12292,0.707901,0.05309,0.098314
13145,"Harris, Georgia",14212,0.77176,0.046549,0.050577
13147,"Hart, Georgia",12763,0.6016,0.070318,0.109034
13149,"Heard, Georgia",4742,,0.025034,0.025034
13151,"Henry, Georgia",86594,0.71335,0.146668,0.539939
13153,"Houston, Georgia",66633,1.013721,0.031499,0.753781
13155,"Irwin, Georgia",4158,,0.018334,0.018334
13157,"Jackson, Georgia",27699,0.530843,0.086764,0.173131
13159,"Jasper, Georgia",6270,,0.026593,0.026593
13161,"Jeff Davis, Georgia",6351,0.688479,0.019998,0.067342
13163,"Jefferson, Georgia",7148,,0.021211,0.021211
13165,"Jenkins, Georgia",4066,,0.018292,0.018292
13167,"Johnson, Georgia",3542,,0.018264,0.018264
13169,"Jones, Georgia",11584,0.576862,0.038517,0.06156
13171,"Lamar, Georgia",7561,0.751397,0.041901,0.121847
13173,"Lanier, Georgia",4069,,0.032349,0.032349
13175,"Laurens, Georgia",21924,0.714063,0.024993,0.1042
13177,"Lee, Georgia",12709,0.687127,0.035475,0.110726
13179,"Liberty, Georgia",26564,0.94781,0.021263,0.370028
13181,"Lincoln, Georgia",4389,,0.032597,0.032597
13183,"Long, Georgia",6180,0.45893,0.019412,0.036975
13185,"Lowndes, Georgia",48717,1.225819,0.055944,0.435682
13187,"Lumpkin, Georgia",13006,0.6965,0.064796,0.083716
13189,"McDuffie, Georgia",9390,0.73397,0.034489,0.122493
13191,"McIntosh, Georgia",6615,,0.023962,0.023962
13193,"Macon, Georgia",5109,,0.019924,0.019924
13195,"Madison, Georgia",12114,0.482898,0.061891,0.07418
13197,"Marion, Georgia",3497,,0.014941,0.014941
13199,"Meriwether, Georgia",9456,,0.029497,0.029497
13201,"Miller, Georgia",2851,,0.015773,0.015773
13205,"Mitchell, Georgia",9036,0.774057,0.020588,0.052878
13207,"Monroe, Georgia",11085,0.667071,0.035231,0.064409
13209,"Montgomery, Georgia",3740,0.647045,0.023946,0.024937
13211,"Morgan, Georgia",8318,0.68079,0.028412,0.063065
13213,"Murray, Georgia",16038,0.487778,0.052378,0.105458
13215,"Muscogee, Georgia",90348,1.524318,0.033419,1.359344
13217,"Newton, Georgia",41756,0.708432,0.102768,0.371199
13219,"Oconee, Georgia",14998,0.498815,0.075679,0.186069
13221,"Oglethorpe, Georgia",6343,,0.022573,0.022573
13223,"Paulding, Georgia",59172,0.619506,0.098518,0.423657
13225,"Peach, Georgia",11991,0.820066,0.053071,0.28507
13227,"Pickens, Georgia",14896,0.505617,0.08543,0.117314
13229,"Pierce, Georgia",8360,1.076119,0.037943,0.039428
13231,"Pike, Georgia",7066,0.449623,0.050953,0.051299
13233,"Polk, Georgia",17274,0.741296,0.047393,0.180438
13235,"Pulaski, Georgia",4281,,0.026836,0.026836
13237,"Putnam, Georgia",13032,,0.059076,0.059076
13239,"Quitman, Georgia",1678,0.866143,0.013246,0.036061
13241,"Rabun, Georgia",11970,,0.050531,0.050531
13243,"Randolph, Georgia",3438,,0.012544,0.012544
13245,"Richmond, Georgia",92057,1.209176,0.051091,0.950212
13247,"Rockdale, Georgia",35427,0.740672,0.118599,0.572585
13249,"Schley, Georgia",1961,,0.018358,0.018358
13251,"Screven, Georgia",6500,,0.015727,0.015727
13253,"Seminole, Georgia",5048,,0.033205,0.033205
13255,"Spalding, Georgia",27785,0.879318,0.106062,0.371564
13257,"Stephens, Georgia",12317,0.647488,0.066703,0.174742
13259,"Stewart, Georgia",2103,,0.007163,0.007163
13261,"Sumter, Georgia",13458,1.082865,0.019367,0.1884
13263,"Talbot, Georgia",3042,,0.012145,0.012145
13265,"Taliaferro, Georgia",908,,0.00729,0.00729
13267,"Tattnall, Georgia",9298,,0.030214,0.030214
13269,"Taylor, Georgia",3894,,0.016152,0.016152
13271,"Telfair, Georgia",4704,,0.016807,0.016807
13273,"Terrell, Georgia",4243,,0.019743,0.019743
13275,"Thomas, Georgia",20668,0.815093,0.027045,0.183729
13277,"Tift, Georgia",17375,0.894444,0.044222,0.272678
13279,"Toombs, Georgia",12027,0.634248,0.026142,0.135006
13281,"Towns, Georgia",8600,,0.080717,0.080717
13283,"Treutlen, Georgia",2868,,0.02247,0.02247
13285,"Troup, Georgia",28721,0.761259,0.051478,0.234686
13287,"Turner, Georgia",3916,0.767444,0.01017,0.101754
13289,"Twiggs, Georgia",4028,,0.017519,0.017519
13291,"Union, Georgia",14645,,0.071046,0.071046
13293,"Upson, Georgia",12301,1.006911,0.028056,0.196027
13295,"Walker, Georgia",29137,0.730879,0.053897,0.203228
13297,"Walton, Georgia",35473,0.653329,0.109966,0.233566
13299,"Ware, Georgia",15858,0.697329,0.008713,0.181174
13301,"Warren, Georgia",2511,,0.013798,0.013798
13303,"Washington, Georgia",8556,0.628323,0.012151,0.056799
13305,"Wayne, Georgia",12460,0.652562,0.018577,0.076845
13307,"Webster, Georgia",1196,,0.008913,0.008913
13309,"Wheeler, Georgia",2420,,0.012797,0.012797
13311,"White, Georgia",13535,,0.087846,0.087846
13313,"Whitfield, Georgia",38876,0.698733,0.092563,0.339233
13315,"Wilcox, Georgia",3440,,0.014227,0.014227
13317,"Wilkes, Georgia",5165,,0.017189,0.017189
13319,"Wilkinson, Georgia",4288,,0.014915,0.014915
13321,"Worth, Georgia",9244,0.727437,0.01803,0.053646
15001,"Hawaii, Hawaii",88691,1.104488,0.020758,0.103459
15003,"Honolulu, Hawaii",370665,3.081101,0.018551,2.878595
15005,"Kalawao, Hawaii",114,,0.014854,0.014854
15007,"Kauai, Hawaii",30157,1.17497,0.033179,0.262554
15009,"Maui, Hawaii",71439,2.05143,0.021009,0.781945
16001,"Ada, Idaho",196901,1.975461,0.013802,1.615766
16003,"Adams, Idaho",2642,,0.003029,0.003029
16005,"Bannock, Idaho",34903,1.665039,0.008118,0.704735
16007,"Bear Lake, Idaho",3849,,0.006164,0.006164
16009,"Benewah, Idaho",4628,,0.009307,0.009307
16011,"Bingham, Idaho",16905,1.147652,0.007341,0.06151
16013,"Blaine, Idaho",15436,1.364402,0.002299,0.276195
16015,"Boise, Idaho",5443,,0.004477,0.004477
16017,"Bonner, Idaho",26312,1.084058,0.01803,0.048979
16019,"Bonneville, Idaho",45214,1.452623,0.005872,0.629765
16021,"Boundary, Idaho",5400,,0.006651,0.006651
16023,"Butte, Idaho",1289,,0.000901,0.000901
16025,"Camas, Idaho",691,,0.001005,0.001005
16027,"Canyon, Idaho",81013,1.462463,0.045915,0.764465
16029,"Caribou, Idaho",3108,,0.002753,0.002753
16031,"Cassia, Idaho",8838,1.231849,0.002645,0.060595
16033,"Clark, Idaho",483,,0.000428,0.000428
16035,"Clearwater, Idaho",4552,,0.002894,0.002894
16037,"Custer, Idaho",3021,,0.000959,0.000959
16039,"Elmore, Idaho",12049,1.758001,0.002378,0.135804
16041,"Franklin, Idaho",4985,,0.011748,0.011748
16043,"Fremont, Idaho",8452,,0.007085,0.007085
16045,"Gem, Idaho",7563,1.142736,0.00951,0.135103
16047,"Gooding, Idaho",6030,,0.012919,0.012919
16049,"Idaho, Idaho",8872,,0.001635,0.001635
16051,"Jefferson, Idaho",10134,0.689473,0.009744,0.040016
16053,"Jerome, Idaho",8569,1.232556,0.011242,0.119305
16055,"Kootenai, Idaho",74736,1.688667,0.026105,0.558531
16057,"Latah, Idaho",17259,2.756876,0.008705,0.377712
16059,"Lemhi, Idaho",4568,,0.001564,0.001564
16061,"Lewis, Idaho",1810,,0.005906,0.005906
16063,"Lincoln, Idaho",1948,,0.002534,0.002534
16065,"Madison, Idaho",14124,1.764106,0.012004,0.506308
16067,"Minidoka, Idaho",8218,1.103984,0.007413,0.126367
16069,"Nez Perce, Idaho",18364,1.444136,0.006668,0.510333
16071,"Oneida, Idaho",2009,,0.002618,0.002618
16073,"Owyhee, Idaho",4719,,0.000962,0.000962
16075,"Payette, Idaho",9684,1.282977,0.015097,0.218073
16077,"Power, Idaho",2937,,0.003269,0.003269
16079,"Shoshone, Idaho",6990,,0.004141,0.004141
16081,"Teton, Idaho",5815,,0.020232,0.020232
16083,"Twin Falls, Idaho",34693,1.617573,0.009746,0.282252
16085,"Valley, Idaho",12189,1.120219,0.003356,0.02645
16087,"Washington, Idaho",4514,1.55178,0.002405,0.063233
17001,"Adams, Illinois",30235,1.425031,0.017853,0.359315
17003,"Alexander, Illinois",2946,1.995942,0.019009,0.021673
17005,"Bond, Illinois",6858,1.183545,0.019031,0.074317
17007,"Boone, Illinois",20157,1.121313,0.035726,0.404253
17009,"Brown, Illinois",2330,,0.011908,0.011908
17011,"Bureau, Illinois",15616,1.094011,0.015377,0.108783
17013,"Calhoun, Illinois",2282,,0.014047,0.014047
17015,"Carroll, Illinois",8159,,0.028622,0.028622
17017,"Cass, Illinois",5676,1.829488,0.013261,0.116661
17019,"Champaign, Illinois",93075,1.98492,0.023109,1.025206
17021,"Christian, Illinois",15184,1.54211,0.015018,0.197528
17023,"Clark, Illinois",7327,,0.022834,0.022834
17025,"Clay, Illinois",6145,1.109076,0.013046,0.0669
17027,"Clinton, Illinois",15574,1.312322,0.04063,0.085874
17029,"Coles, Illinois",22739,1.660853,0.01787,0.540887
17031,"Cook, Illinois",2264966,4.001079,0.028835,3.991306
17033,"Crawford, Illinois",8471,1.110619,0.018748,0.087698
17035,"Cumberland, Illinois",4728,,0.021355,0.021355
17037,"DeKalb, Illinois",41311,1.629787,0.0231,0.653209
17039,"De Witt, Illinois",7309,1.521139,0.014914,0.140895
17041,"Douglas, Illinois",8469,1.212458,0.023138,0.069213
17043,"DuPage, Illinois",364970,1.926442,0.029247,1.913138
17045,"Edgar, Illinois",8236,1.341231,0.010152,0.123817
17047,"Edwards, Illinois",3041,,0.021365,0.021365
17049,"Effingham, Illinois",15314,0.758259,0.029309,0.118792
17051,"Fayette, Illinois",8829,0.706689,0.012989,0.048863
17053,"Ford, Illinois",6265,1.495733,0.013667,0.06286
17055,"Franklin, Illinois",18480,1.267065,0.041613,0.177495
17057,"Fulton, Illinois",15855,1.679244,0.018212,0.096065
17059,"Gallatin, Illinois",2497,,0.012081,0.012081
17061,"Greene, Illinois",5785,,0.016645,0.016645
17063,"Grundy, Illinois",21174,1.160093,0.021719,0.411322
17065,"Hamilton, Illinois",3806,,0.013682,0.013682
17067,"Hancock, Illinois",8952,0.833711,0.015047,0.027346
17069,"Hardin, Illinois",2196,,0.019343,0.019343
17071,"Henderson, Illinois",3357,0.11389,0.013746,0.01399
17073,"Henry, Illinois",22211,1.274935,0.020925,0.171687
17075,"Iroquois, Illinois",12779,1.332374,0.014489,0.034402
17077,"Jackson, Illinois",27743,1.278484,0.028322,0.315523
17079,"Jasper, Illinois",4228,,0.013356,0.013356
17081,"Jefferson, Illinois",16632,0.937328,0.025031,0.133533
17083,"Jersey, Illinois",9754,1.287538,0.024729,0.124058
17085,"Jo Daviess, Illinois",13408,0.825395,0.031801,0.04282
17087,"Johnson, Illinois",5526,,0.025119,0.025119
17089,"Kane, Illinois",188510,1.375311,0.039715,1.183498
17091,"Kankakee, Illinois",45270,1.331859,0.032191,0.451273
17093,"Kendall, Illinois",45008,1.293558,0.030824,0.828031
17095,"Knox, Illinois",23817,1.11674,0.018333,0.273767
17097,"Lake, Illinois",269378,1.267165,0.053855,1.208941
17099,"LaSalle, Illinois",49812,1.279705,0.02042,0.391171
17101,"Lawrence, Illinois",6279,1.390038,0.016751,0.085538
17103,"Lee, Illinois",14985,1.341609,0.018029,0.124256
17105,"Livingston, Illinois",15920,1.6648,0.015334,0.082886
17107,"Logan, Illinois",11984,1.303031,0.013392,0.176869
17109,"McDonough, Illinois",13609,1.429809,0.01509,0.219235
17111,"McHenry, Illinois",119708,1.301778,0.055605,0.829914
17113,"McLean, Illinois",74855,1.843408,0.021294,0.734573
17115,"Macon, Illinois",49727,1.192484,0.022807,0.647747
17117,"Macoupin, Illinois",21023,1.277602,0.025157,0.097877
17119,"Madison, Illinois",118579,1.065544,0.04797,0.675831
17121,"Marion, Illinois",17358,1.160546,0.022272,0.188473
17123,"Marshall, Illinois",5819,,0.023505,0.023505
17125,"Mason, Illinois",6626,,0.019195,0.019195
17127,"Massac, Illinois",6797,1.476237,0.022898,0.181114
17129,"Menard, Illinois",5591,,0.027787,0.027787
17131,"Mercer, Illinois",7291,,0.020298,0.020298
17133,"Monroe, Illinois",14540,1.067477,0.024519,0.234058
17135,"Montgomery, Illinois",12511,0.9704,0.01589,0.095075
17137,"Morgan, Illinois",15031,1.22192,0.015358,0.248365
17139,"Moultrie, Illinois",6159,1.151855,0.019302,0.07493
17141,"Ogle, Illinois",22632,0.856736,0.032609,0.090501
17143,"Peoria, Illinois",85074,1.450091,0.03706,0.834164
17145,"Perry, Illinois",9123,1.142486,0.02196,0.079463
17147,"Piatt, Illinois",7360,1.038264,0.017069,0.073059
17149,"Pike, Illinois",7260,,0.013645,0.013645
17151,"Pope, Illinois",2355,,0.009976,0.009976
17153,"Pulaski, Illinois",2831,,0.022198,0.022198
17155,"Putnam, Illinois",3057,,0.029835,0.029835
17157,"Randolph, Illinois",13373,0.799045,0.031028,0.050757
17159,"Richland, Illinois",7364,1.057443,0.014173,0.161396
17161,"Rock Island, Illinois",66729,1.430138,0.031342,0.943095
17163,"St. Clair, Illinois",114595,0.99769,0.048053,0.662787
17165,"Saline, Illinois",11576,1.226664,0.03095,0.115909
17167,"Sangamon, Illinois",92982,1.477573,0.031162,0.770587
17169,"Schuyler, Illinois",3320,,0.011863,0.011863
17171,"Scott, Illinois",2388,,0.014878,0.014878
17173,"Shelby, Illinois",10015,1.174193,0.015465,0.046392
17175,"Stark, Illinois",2577,,0.013977,0.013977
17177,"Stephenson, Illinois",21369,1.76368,0.026476,0.279173
17179,"Tazewell, Illinois",58550,1.165291,0.031859,0.56048
17181,"Union, Illinois",7841,0.969833,0.019454,0.076596
17183,"Vermilion, Illinois",34407,1.099204,0.023871,0.251108
17185,"Wabash, Illinois",5409,1.249317,0.014082,0.243083
17187,"Warren, Illinois",7602,1.46302,0.010776,0.132992
17189,"Washington, Illinois",6390,0.147501,0.017647,0.017889
17191,"Wayne, Illinois",7679,1.216799,0.0113,0.053121
17193,"White, Illinois",6751,1.498627,0.013367,0.078869
17195,"Whiteside, Illinois",25855,1.355719,0.025353,0.256467
17197,"Will, Illinois",250678,1.145173,0.040651,0.959023
17199,"Williamson, Illinois",31818,0.930005,0.048717,0.303905
17201,"Winnebago, Illinois",124983,1.395028,0.047321,1.016424
17203,"Woodford, Illinois",15704,0.908623,0.033374,0.087943
18001,"Adams, Indiana",13172,1.148289,0.039264,0.13504
18003,"Allen, Indiana",162431,1.38222,0.05719,0.969522
18005,"Bartholomew, Indiana",35317,1.480834,0.042722,0.520845
18007,"Benton, Indiana",3783,,0.014544,0.014544
18009,"Blackford, Indiana",5857,1.35514,0.027109,0.208425
18011,"Boone, Indiana",28103,1.026161,0.030064,0.398286
18013,"Brown, Indiana",8436,,0.042249,0.042249
18015,"Carroll, Indiana",9483,1.06084,0.035539,0.0518
18017,"Cass, Indiana",16379,1.274121,0.02984,0.219795
18019,"Clark, Indiana",52169,1.159735,0.051306,0.623093
18021,"Clay, Indiana",11632,1.117335,0.030761,0.132237
18023,"Clinton, Indiana",13450,1.387994,0.026724,0.188399
18025,"Crawford, Indiana",5871,,0.030016,0.030016
18027,"Daviess, Indiana",12738,1.280091,0.026536,0.144043
18029,"Dearborn, Indiana",20845,0.717641,0.066912,0.177676
18031,"Decatur, Indiana",11512,0.99245,0.025579,0.149519
18033,"DeKalb, Indiana",18096,1.393281,0.041096,0.228584
18035,"Delaware, Indiana",51464,1.251778,0.05161,0.621728
18037,"Dubois, Indiana",18618,1.002178,0.033648,0.19879
18039,"Elkhart, Indiana",79594,0.973898,0.070267,0.56922
18041,"Fayette, Indiana",10886,1.477996,0.028883,0.369226
18043,"Floyd, Indiana",34344,1.484852,0.133792,0.707826
18045,"Fountain, Indiana",7760,,0.030644,0.030644
18047,"Franklin, Indiana",9639,0.917448,0.035466,0.048871
18049,"Fulton, Indiana",9532,1.138322,0.025056,0.110481
18051,"Gibson, Indiana",14539,1.469455,0.0341,0.095908
18053,"Grant, Indiana",29810,1.368364,0.042482,0.395132
18055,"Greene, Indiana",14329,1.374486,0.033909,0.066745
18057,"Hamilton, Indiana",135064,1.33714,0.051732,1.098957
18059,"Hancock, Indiana",32125,0.986457,0.051036,0.438843
18061,"Harrison, Indiana",16686,1.092386,0.0461,0.0742
18063,"Hendricks, Indiana",66869,1.05375,0.049851,0.65844
18065,"Henry, Indiana",20952,1.837284,0.048525,0.231953
18067,"Howard, Indiana",39605,1.493739,0.053878,0.701973
18069,"Huntington, Indiana",16217,1.274284,0.034383,0.204911
18071,"Jackson, Indiana",19069,1.066255,0.0292,0.18576
18073,"Jasper, Indiana",13515,1.213002,0.030902,0.061094
18075,"Jay, Indiana",8890,1.142674,0.024074,0.090076
18077,"Jefferson, Indiana",14386,1.159461,0.028555,0.223517
18079,"Jennings, Indiana",11574,0.951766,0.035588,0.086134
18081,"Johnson, Indiana",63393,1.466444,0.048173,0.949795
18083,"Knox, Indiana",16917,1.212308,0.023999,0.201441
18085,"Kosciusko, Indiana",38133,0.928458,0.054815,0.254892
18087,"LaGrange, Indiana",14845,,0.0611,0.0611
18089,"Lake, Indiana",214775,1.352819,0.053775,1.18209
18091,"LaPorte, Indiana",49780,1.234694,0.049072,0.397137
18093,"Lawrence, Indiana",20484,1.273106,0.048055,0.14566
18095,"Madison, Indiana",58784,1.162047,0.053913,0.574321
18097,"Marion, Indiana",436998,1.913222,0.113416,1.87568
18099,"Marshall, Indiana",19654,0.850383,0.051908,0.109335
18101,"Martin, Indiana",4576,,0.021295,0.021295
18103,"Miami, Indiana",14852,1.12206,0.030176,0.203672
18105,"Monroe, Indiana",63606,1.819682,0.059955,0.882504
18107,"Montgomery, Indiana",16464,1.280605,0.026699,0.175421
18109,"Morgan, Indiana",29351,0.97967,0.062937,0.232737
18111,"Newton, Indiana",6018,,0.023405,0.023405
18113,"Noble, Indiana",20049,1.245641,0.059724,0.119251
18115,"Ohio, Indiana",2722,,0.049369,0.049369
18117,"Orange, Indiana",9058,,0.035527,0.035527
18119,"Owen, Indiana",9795,,0.039722,0.039722
18121,"Parke, Indiana",7536,1.10286,0.026306,0.026966
18123,"Perry, Indiana",8502,1.633044,0.016994,0.180076
18125,"Pike, Indiana",5581,,0.026085,0.026085
18127,"Porter, Indiana",71483,0.994665,0.075174,0.559688
18129,"Posey, Indiana",11021,0.922799,0.029255,0.086614
18131,"Pulaski, Indiana",5816,,0.020955,0.020955
18133,"Putnam, Indiana",14946,1.325008,0.035833,0.094968
18135,"Randolph, Indiana",11394,1.316068,0.025789,0.102776
18137,"Ripley, Indiana",12259,0.946059,0.035037,0.06564
18139,"Rush, Indiana",7352,1.628358,0.016745,0.109012
18141,"St. Joseph, Indiana",118123,1.35624,0.052944,0.993301
18143,"Scott, Indiana",10715,1.132239,0.06067,0.158239
18145,"Shelby, Indiana",19423,1.510022,0.038408,0.234025
18147,"Spencer, Indiana",8572,,0.033747,0.033747
18149,"Starke, Indiana",11123,,0.056219,0.056219
18151,"Steuben, Indiana",18837,0.845885,0.063845,0.16067
18153,"Sullivan, Indiana",8788,1.409106,0.022295,0.0707
18155,"Switzerland, Indiana",4290,,0.030377,0.030377
18157,"Tippecanoe, Indiana",77797,1.512864,0.040827,0.897707
18159,"Tipton, Indiana",6797,1.614925,0.024575,0.132889
18161,"Union, Indiana",3238,,0.031388,0.031388
18163,"Vanderburgh, Indiana",84058,1.387025,0.06295,1.118274
18165,"Vermillion, Indiana",7297,1.571047,0.025962,0.146702
18167,"Vigo, Indiana",46932,1.196097,0.048525,0.561282
18169,"Wabash, Indiana",14037,1.306291,0.025867,0.20183
18171,"Warren, Indiana",3659,,0.015677,0.015677
18173,"Warrick, Indiana",26118,1.145056,0.029346,0.445379
18175,"Washington, Indiana",12093,1.175536,0.027827,0.070784
18177,"Wayne, Indiana",30752,1.327273,0.044575,0.403437
18179,"Wells, Indiana",11938,1.143076,0.031027,0.130622
18181,"White, Indiana",12866,0.848981,0.02083,0.127468
18183,"Whitley, Indiana",14837,1.147578,0.047918,0.132286
19001,"Adair, Iowa",3585,,0.00984,0.00984
19003,"Adams, Iowa",1888,,0.006967,0.006967
19005,"Allamakee, Iowa",7668,,0.018749,0.018749
19007,"Appanoose, Iowa",6306,1.223127,0.011334,0.085628
19009,"Audubon, Iowa",2787,,0.009831,0.009831
19011,"Benton, Iowa",11076,1.22757,0.019471,0.04413
19013,"Black Hawk, Iowa",58559,1.262327,0.022063,0.773414
19015,"Boone, Iowa",11921,1.180144,0.016353,0.142634
19017,"Bremer, Iowa",10484,1.024452,0.024799,0.090941
19019,"Buchanan, Iowa",8886,0.92541,0.015725,0.068
19021,"Buena Vista, Iowa",8141,1.656716,0.011011,0.138988
19023,"Butler, Iowa",6536,,0.017604,0.017604
19025,"Calhoun, Iowa",4771,,0.013082,0.013082
19027,"Carroll, Iowa",9490,1.500271,0.013068,0.141708
19029,"Cass, Iowa",6398,1.151081,0.008622,0.108371
19031,"Cedar, Iowa",8190,,0.022084,0.022084
19033,"Cerro Gordo, Iowa",22603,1.258429,0.011023,0.562114
19035,"Cherokee, Iowa",5558,1.139229,0.008905,0.065613
19037,"Chickasaw, Iowa",5534,,0.017145,0.017145
19039,"Clarke, Iowa",4268,0.974562,0.007205,0.101069
19041,"Clay, Iowa",8109,1.388401,0.007427,0.248519
19043,"Clayton, Iowa",8758,1.094029,0.017373,0.018249
19045,"Clinton, Iowa",21517,1.185926,0.013981,0.341246
19047,"Crawford, Iowa",6855,1.043191,0.008487,0.069703
19049,"Dallas, Iowa",41125,1.64174,0.02408,0.679741
19051,"Davis, Iowa",3579,,0.011136,0.011136
19053,"Decatur, Iowa",3653,,0.010731,0.010731
19055,"Delaware, Iowa",8100,1.001328,0.015751,0.051551
19057,"Des Moines, Iowa",18782,1.07194,0.018016,0.397593
19059,"Dickinson, Iowa",13691,1.134068,0.012434,0.434549
19061,"Dubuque, Iowa",42630,1.48409,0.033557,0.493793
19063,"Emmet, Iowa",4475,1.21135,0.007167,0.153855
19065,"Fayette, Iowa",9298,1.100677,0.013582,0.055606
19067,"Floyd, Iowa",7314,1.409722,0.011424,0.12918
19069,"Franklin, Iowa",4656,,0.012501,0.012501
19071,"Fremont, Iowa",3110,0.012053,0.009505,0.009507
19073,"Greene, Iowa",4309,,0.011821,0.011821
19075,"Grundy, Iowa",5465,,0.017015,0.017015
19077,"Guthrie, Iowa",5773,,0.015273,0.015273
19079,"Hamilton, Iowa",7037,1.298872,0.009268,0.119662
19081,"Hancock, Iowa",5113,,0.013991,0.013991
19083,"Hardin, Iowa",8032,0.930059,0.015511,0.053274
19085,"Harrison, Iowa",6665,,0.014944,0.014944
19087,"Henry, Iowa",8398,0.799964,0.017875,0.087465
19089,"Howard, Iowa",4314,,0.014243,0.014243
19091,"Humboldt, Iowa",4571,1.073646,0.007448,0.115147
19093,"Ida, Iowa",3352,,0.012138,0.012138
19095,"Iowa, Iowa",7341,,0.019559,0.019559
19097,"Jackson, Iowa",9241,1.1923,0.01571,0.060669
19099,"Jasper, Iowa",16132,1.630973,0.018764,0.147353
19101,"Jefferson, Iowa",7689,1.376613,0.010701,0.214101
19103,"Johnson, Iowa",65916,1.689456,0.028221,0.900245
19105,"Jones, Iowa",8871,1.235621,0.018484,0.049819
19107,"Keokuk, Iowa",4654,,0.012556,0.012556
19109,"Kossuth, Iowa",7216,1.251206,0.007305,0.049482
19111,"Lee, Iowa",15858,1.209953,0.019119,0.240319
19113,"Linn, Iowa",101230,1.555543,0.032293,0.946192
19115,"Louisa, Iowa",4712,,0.018325,0.018325
19117,"Lucas, Iowa",4058,,0.014722,0.014722
19119,"Lyon, Iowa",4817,,0.012809,0.012809
19121,"Madison, Iowa",6913,1.627577,0.012735,0.066656
19123,"Mahaska, Iowa",9680,1.070353,0.011214,0.159836
19125,"Marion, Iowa",14073,1.108118,0.018444,0.171159
19127,"Marshall, Iowa",16745,1.448997,0.015407,0.32348
19129,"Mills, Iowa",6110,1.351059,0.014482,0.067728
19131,"Mitchell, Iowa",4847,,0.016139,0.016139
19133,"Monona, Iowa",4373,,0.009845,0.009845
19135,"Monroe, Iowa",3636,,0.013099,0.013099
19137,"Montgomery, Iowa",5007,1.49742,0.008346,0.145388
19139,"Muscatine, Iowa",18366,1.06702,0.027501,0.243519
19141,"O'Brien, Iowa",6524,1.557987,0.011583,0.064866
19143,"Osceola, Iowa",2878,,0.011279,0.011279
19145,"Page, Iowa",6983,1.416843,0.006986,0.233687
19147,"Palo Alto, Iowa",4516,,0.012514,0.012514
19149,"Plymouth, Iowa",10818,1.242191,0.011793,0.076622
19151,"Pocahontas, Iowa",3666,,0.009923,0.009923
19153,"Polk, Iowa",210184,1.60857,0.032741,1.390253
19155,"Pottawattamie, Iowa",39852,1.30389,0.017911,0.421279
19157,"Poweshiek, Iowa",8906,1.445913,0.013174,0.109309
19159,"Ringgold, Iowa",2672,,0.007796,0.007796
19161,"Sac, Iowa",5118,,0.013907,0.013907
19163,"Scott, Iowa",77771,1.622832,0.038092,1.022888
19165,"Shelby, Iowa",5421,1.373455,0.008333,0.071597
19167,"Sioux, Iowa",13000,0.806269,0.015821,0.079264
19169,"Story, Iowa",41361,1.877139,0.030094,0.655204
19171,"Tama, Iowa",7575,1.177204,0.01178,0.043814
19173,"Taylor, Iowa",2885,,0.008475,0.008475
19175,"Union, Iowa",5784,1.269407,0.007888,0.197852
19177,"Van Buren, Iowa",3500,,0.011281,0.011281
19179,"Wapello, Iowa",15734,1.348971,0.017429,0.370618
19181,"Warren, Iowa",20857,1.250105,0.027237,0.211298
19183,"Washington, Iowa",9573,1.436315,0.018064,0.072331
19185,"Wayne, Iowa",3025,,0.008995,0.008995
19187,"Webster, Iowa",16937,1.290643,0.012665,0.272919
19189,"Winnebago, Iowa",5077,,0.019808,0.019808
19191,"Winneshiek, Iowa",8916,1.017693,0.012625,0.066802
19193,"Woodbury, Iowa",42701,1.343173,0.013601,0.616591
19195,"Worth, Iowa",3480,,0.01359,0.01359
19197,"Wright, Iowa",6260,,0.016852,0.016852
20001,"Allen, Kansas",6054,1.081105,0.009912,0.094323
20003,"Anderson, Kansas",3556,,0.009586,0.009586
20005,"Atchison, Kansas",6814,1.272272,0.008914,0.217046
20007,"Barber, Kansas",2574,,0.003546,0.003546
20009,"Barton, Kansas",12370,1.784392,0.009215,0.191492
20011,"Bourbon, Kansas",6770,1.103274,0.00785,0.10913
20013,"Brown, Kansas",4482,,0.012267,0.012267
20015,"Butler, Kansas",26901,1.234002,0.013251,0.164279
20017,"Chase, Kansas",1397,,0.002824,0.002824
20019,"Chautauqua, Kansas",1976,,0.004833,0.004833
20021,"Cherokee, Kansas",9113,,0.024234,0.024234
20023,"Cheyenne, Kansas",1464,,0.002243,0.002243
20025,"Clark, Kansas",1042,,0.00167,0.00167
20027,"Clay, Kansas",3933,1.287464,0.004521,0.088913
20029,"Cloud, Kansas",4503,1.255524,0.00437,0.102643
20031,"Coffey, Kansas",3959,,0.009868,0.009868
20033,"Comanche, Kansas",938,,0.001859,0.001859
20035,"Cowley, Kansas",15558,1.19192,0.007044,0.228153
20037,"Crawford, Kansas",17997,1.501444,0.019648,0.26011
20039,"Decatur, Kansas",1640,,0.002868,0.002868
20041,"Dickinson, Kansas",8778,1.380602,0.010304,0.061986
20043,"Doniphan, Kansas",3364,0.467019,0.009786,0.028132
20045,"Douglas, Kansas",52846,2.203268,0.025677,1.226308
20047,"Edwards, Kansas",1550,,0.003894,0.003894
20049,"Elk, Kansas",1491,,0.003616,0.003616
20051,"Ellis, Kansas",13166,1.593718,0.005673,0.399327
20053,"Ellsworth, Kansas",3080,,0.006725,0.006725
20055,"Finney, Kansas",14185,1.406708,0.003281,0.442467
20057,"Ford, Kansas",12550,1.410098,0.003876,0.397106
20059,"Franklin, Kansas",11149,1.357327,0.015678,0.140185
20061,"Geary, Kansas",15928,1.09163,0.007794,0.621009
20063,"Gove, Kansas",1319,,0.001923,0.001923
20065,"Graham, Kansas",1422,,0.002473,0.002473
20067,"Grant, Kansas",2930,1.298666,0.001683,0.320945
20069,"Gray, Kansas",2327,,0.004185,0.004185
20071,"Greeley, Kansas",638,,0.001281,0.001281
20073,"Greenwood, Kansas",3666,,0.00501,0.00501
20075,"Hamilton, Kansas",1106,,0.001734,0.001734
20077,"Harper, Kansas",3027,,0.005903,0.005903
20079,"Harvey, Kansas",14569,1.230382,0.016426,0.237379
20081,"Haskell, Kansas",1545,,0.00418,0.00418
20083,"Hodgeman, Kansas",842,,0.00153,0.00153
20085,"Jackson, Kansas",5583,,0.013293,0.013293
20087,"Jefferson, Kansas",7911,0.241858,0.02304,0.023476
20089,"Jewell, Kansas",1763,,0.003027,0.003027
20091,"Johnson, Kansas",251681,1.705611,0.057969,1.504546
20093,"Kearny, Kansas",1581,,0.002838,0.002838
20095,"Kingman, Kansas",3647,,0.0066,0.0066
20097,"Kiowa, Kansas",1153,,0.002493,0.002493
20099,"Labette, Kansas",9524,1.176962,0.011757,0.114987
20101,"Lane, Kansas",895,,0.001949,0.001949
20103,"Leavenworth, Kansas",31219,1.264553,0.037484,0.387117
20105,"Lincoln, Kansas",1672,,0.003632,0.003632
20107,"Linn, Kansas",5065,,0.013322,0.013322
20109,"Logan, Kansas",1369,,0.001994,0.001994
20111,"Lyon, Kansas",14957,1.567652,0.006975,0.405789
20113,"McPherson, Kansas",13019,1.12152,0.011973,0.104096
20115,"Marion, Kansas",5671,,0.009384,0.009384
20117,"Marshall, Kansas",4762,,0.008266,0.008266
20119,"Meade, Kansas",1900,,0.003035,0.003035
20121,"Miami, Kansas",13865,1.364965,0.028237,0.075816
20123,"Mitchell, Kansas",3124,,0.006955,0.006955
20125,"Montgomery, Kansas",15569,1.225735,0.016611,0.191369
20127,"Morris, Kansas",2996,,0.006732,0.006732
20129,"Morton, Kansas",1316,,0.002818,0.002818
20131,"Nemaha, Kansas",4490,,0.009779,0.009779
20133,"Neosho, Kansas",7211,1.108055,0.00856,0.137047
20135,"Ness, Kansas",1548,,0.002251,0.002251
20137,"Norton, Kansas",2461,,0.004379,0.004379
20139,"Osage, Kansas",7233,,0.016019,0.016019
20141,"Osborne, Kansas",2044,,0.003578,0.003578
20143,"Ottawa, Kansas",2681,,0.005812,0.005812
20145,"Pawnee, Kansas",3055,1.565133,0.002011,0.189871
20147,"Phillips, Kansas",2794,,0.004928,0.004928
20149,"Pottawatomie, Kansas",9866,0.82849,0.012058,0.052426
20151,"Pratt, Kansas",4388,1.334238,0.002688,0.225087
20153,"Rawlins, Kansas",1364,,0.001993,0.001993
20155,"Reno, Kansas",28289,1.268494,0.01066,0.30705
20157,"Republic, Kansas",2676,,0.005829,0.005829
20159,"Rice, Kansas",4377,,0.009417,0.009417
20161,"Riley, Kansas",30477,1.670255,0.008665,0.954698
20163,"Rooks, Kansas",2638,,0.004629,0.004629
20165,"Rush, Kansas",1663,,0.00362,0.00362
20167,"Russell, Kansas",3675,1.460109,0.002731,0.104107
20169,"Saline, Kansas",24076,1.440738,0.007404,0.698636
20171,"Scott, Kansas",2260,,0.004921,0.004921
20173,"Sedgwick, Kansas",223640,1.496212,0.029046,1.159348
20175,"Seward, Kansas",8268,1.088981,0.002159,0.56616
20177,"Shawnee, Kansas",80512,1.28267,0.039701,0.774307
20179,"Sheridan, Kansas",1152,,0.002009,0.002009
20181,"Sherman, Kansas",2934,1.238011,0.001068,0.219177
20183,"Smith, Kansas",2026,,0.003535,0.003535
20185,"Stafford, Kansas",2088,,0.004119,0.004119
20187,"Stanton, Kansas",931,,0.002138,0.002138
20189,"Stevens, Kansas",2240,,0.004813,0.004813
20191,"Sumner, Kansas",10324,1.245417,0.008367,0.058782
20193,"Thomas, Kansas",3573,1.306809,0.001595,0.167554
20195,"Trego, Kansas",1611,,0.00283,0.00283
20197,"Wabaunsee, Kansas",3110,,0.006118,0.006118
20199,"Wallace, Kansas",740,,0.001266,0.001266
20201,"Washington, Kansas",2726,,0.00476,0.00476
20203,"Wichita, Kansas",999,,0.002172,0.002172
20205,"Wilson, Kansas",4485,,0.012285,0.012285
20207,"Woodson, Kansas",1828,,0.005738,0.005738
20209,"Wyandotte, Kansas",68475,1.175953,0.08263,1.028692
21001,"Adair, Kentucky",8600,0.940539,0.025519,0.059941
21003,"Allen, Kentucky",9208,0.717554,0.032284,0.067548
21005,"Anderson, Kentucky",10044,1.357923,0.034723,0.277812
21007,"Ballard, Kentucky",3684,,0.023312,0.023312
21009,"Barren, Kentucky",19794,0.950766,0.038776,0.141783
21011,"Bath, Kentucky",5445,,0.030516,0.030516
21013,"Bell, Kentucky",11517,1.011824,0.029747,0.130274
21015,"Boone, Kentucky",51468,0.932493,0.053469,0.675295
21017,"Bourbon, Kentucky",9112,1.416268,0.022058,0.226711
21019,"Boyd, Kentucky",21742,0.90299,0.05994,0.482549
21021,"Boyle, Kentucky",12929,1.004182,0.039207,0.351576
21023,"Bracken, Kentucky",3839,,0.02959,0.02959
21025,"Breathitt, Kentucky",6551,,0.020787,0.020787
21027,"Breckinridge, Kentucky",10704,,0.029352,0.029352
21029,"Bullitt, Kentucky",32704,0.985194,0.057828,0.427122
21031,"Butler, Kentucky",5416,,0.019861,0.019861
21033,"Caldwell, Kentucky",6082,0.764041,0.014288,0.100723
21035,"Calloway, Kentucky",17874,1.13975,0.038682,0.198306
21037,"Campbell, Kentucky",41405,1.648237,0.082423,1.050649
21039,"Carlisle, Kentucky",2293,,0.018913,0.018913
21041,"Carroll, Kentucky",4658,1.065527,0.028214,0.182967
21043,"Carter, Kentucky",12206,0.719922,0.037909,0.067581
21045,"Casey, Kentucky",7366,,0.025908,0.025908
21047,"Christian, Kentucky",29206,0.88746,0.019822,0.288113
21049,"Clark, Kentucky",16116,1.257739,0.029587,0.440623
21051,"Clay, Kentucky",8581,,0.02857,0.02857
21053,"Clinton, Kentucky",4841,,0.038348,0.038348
21055,"Crittenden, Kentucky",4331,,0.0188,0.0188
21057,"Cumberland, Kentucky",3379,,0.017299,0.017299
21059,"Daviess, Kentucky",43863,1.429836,0.039082,0.601308
21061,"Edmonson, Kentucky",6358,,0.032799,0.032799
21063,"Elliott, Kentucky",3022,,0.020152,0.020152
21065,"Estill, Kentucky",6827,1.13863,0.029999,0.088028
21067,"Fayette, Kentucky",146142,2.710686,0.031269,2.396323
21069,"Fleming, Kentucky",6732,,0.030179,0.030179
21071,"Floyd, Kentucky",17333,0.719628,0.054607,0.097302
21073,"Franklin, Kentucky",24000,1.278835,0.048592,0.582509
21075,"Fulton, Kentucky",3177,0.994593,0.014792,0.077057
21077,"Gallatin, Kentucky",3685,,0.058536,0.058536
21079,"Garrard, Kentucky",7254,,0.049257,0.049257
21081,"Grant, Kentucky",10050,,0.06087,0.06087
21083,"Graves, Kentucky",16472,0.912207,0.031628,0.09706
21085,"Grayson, Kentucky",13275,0.853334,0.032529,0.067745
21087,"Green, Kentucky",5270,,0.028787,0.028787
21089,"Greenup, Kentucky",16235,0.888761,0.032878,0.218757
21091,"Hancock, Kentucky",3894,0.650548,0.029575,0.039295
21093,"Hardin, Kentucky",46669,0.907549,0.040943,0.337423
21095,"Harlan, Kentucky",12962,0.999899,0.033515,0.074966
21097,"Harrison, Kentucky",8063,1.543407,0.026319,0.116855
21099,"Hart, Kentucky",8816,0.756804,0.029315,0.044289
21101,"Henderson, Kentucky",20047,1.372252,0.024658,0.362127
21103,"Henry, Kentucky",6600,,0.036021,0.036021
21105,"Hickman, Kentucky",2150,,0.013866,0.013866
21107,"Hopkins, Kentucky",20888,1.007843,0.031175,0.175785
21109,"Jackson, Kentucky",5954,,0.02695,0.02695
21111,"Jefferson, Kentucky",356887,1.946324,0.077837,1.862292
21113,"Jessamine, Kentucky",20626,1.524906,0.051789,0.651893
21115,"Johnson, Kentucky",10493,0.939675,0.046046,0.106458
21117,"Kenton, Kentucky",72585,1.51343,0.07816,1.259328
21119,"Knott, Kentucky",6639,,0.02951,0.02951
21121,"Knox, Kentucky",13723,0.755952,0.034761,0.116151
21123,"Larue, Kentucky",6474,,0.038675,0.038675
21125,"Laurel, Kentucky",26533,0.485796,0.061825,0.142261
21127,"Lawrence, Kentucky",7524,0.991068,0.021746,0.053651
21129,"Lee, Kentucky",3211,,0.024022,0.024022
21131,"Leslie, Kentucky",4872,,0.018991,0.018991
21133,"Letcher, Kentucky",10520,,0.048642,0.048642
21135,"Lewis, Kentucky",6023,,0.019491,0.019491
21137,"Lincoln *, Kentucky",10777,1.580803,0.05056,0.050673
21139,"Livingston, Kentucky",4589,0.597776,0.021937,0.0253
21141,"Logan, Kentucky",12461,0.757581,0.026377,0.063356
21143,"Lyon, Kentucky",4780,,0.034926,0.034926
21145,"McCracken, Kentucky",32040,0.927419,0.060831,0.46521
21147,"McCreary, Kentucky",6892,,0.025231,0.025231
21149,"McLean, Kentucky",4161,,0.025746,0.025746
21151,"Madison, Kentucky",39319,1.140908,0.053117,0.392658
21153,"Magoffin, Kentucky",5402,,0.027365,0.027365
21155,"Marion, Kentucky",8350,0.879882,0.025727,0.083498
21157,"Marshall, Kentucky",16351,0.800389,0.074629,0.10142
21159,"Martin, Kentucky",4792,,0.032608,0.032608
21161,"Mason, Kentucky",8160,0.87066,0.027332,0.154785
21163,"Meade, Kentucky",11943,1.556654,0.055525,0.076093
21165,"Menifee, Kentucky",3277,,0.025151,0.025151
21167,"Mercer, Kentucky",10338,1.074571,0.037681,0.161424
21169,"Metcalfe, Kentucky",4691,,0.025306,0.025306
21171,"Monroe, Kentucky",5237,,0.024839,0.024839
21173,"Montgomery, Kentucky",12125,0.830822,0.049769,0.210478
21175,"Morgan, Kentucky",5610,,0.022999,0.022999
21177,"Muhlenberg, Kentucky",13491,0.773342,0.029606,0.094982
21179,"Nelson, Kentucky",19716,0.90434,0.046308,0.148666
21181,"Nicholas, Kentucky",3316,,0.026549,0.026549
21183,"Ohio, Kentucky",10159,1.178425,0.020319,0.056665
21185,"Oldham, Kentucky",23064,0.722113,0.059515,0.389641
21187,"Owen, Kentucky",5323,,0.023688,0.023688
21189,"Owsley, Kentucky",2044,,0.016178,0.016178
21191,"Pendleton, Kentucky",6263,,0.035308,0.035308
21193,"Perry, Kentucky",13213,0.738884,0.044947,0.097694
21195,"Pike, Kentucky",28693,0.787098,0.049619,0.072657
21197,"Powell, Kentucky",5587,,0.048774,0.048774
21199,"Pulaski, Kentucky",31552,0.589383,0.042576,0.144482
21201,"Robertson, Kentucky",1038,,0.016232,0.016232
21203,"Rockcastle, Kentucky",7321,,0.036137,0.036137
21205,"Rowan, Kentucky",10518,0.702329,0.039488,0.107249
21207,"Russell, Kentucky",10088,,0.062132,0.062132
21209,"Scott, Kentucky",22795,1.618385,0.042232,0.510872
21211,"Shelby, Kentucky",18801,1.253122,0.040498,0.21945
21213,"Simpson, Kentucky",8263,0.931853,0.022564,0.214594
21215,"Spencer, Kentucky",7430,,0.062173,0.062173
21217,"Taylor, Kentucky",11199,1.020788,0.034246,0.184018
21219,"Todd, Kentucky",5117,,0.021349,0.021349
21221,"Trigg, Kentucky",7526,,0.026635,0.026635
21223,"Trimble, Kentucky",3841,,0.039576,0.039576
21225,"Union, Kentucky",5863,,0.026725,0.026725
21227,"Warren, Kentucky",56881,1.253985,0.047899,0.529893
21229,"Washington, Kentucky",5196,,0.027338,0.027338
21231,"Wayne, Kentucky",10105,0.7162,0.024721,0.066225
21233,"Webster, Kentucky",5705,,0.026842,0.026842
21235,"Whitley, Kentucky",15469,0.678121,0.036369,0.104427
21237,"Wolfe, Kentucky",3021,,0.021246,0.021246
21239,"Woodford, Kentucky",11487,1.400842,0.037315,0.354927
22001,"Acadia, Louisiana",24840,1.309757,0.035013,0.160353
22003,"Allen, Louisiana",9484,0.798618,0.014558,0.040584
22005,"Ascension, Louisiana",49690,0.714579,0.045334,0.523202
22007,"Assumption, Louisiana",9935,0.582732,0.030613,0.083214
22009,"Avoyelles, Louisiana",18126,0.745142,0.02852,0.049456
22011,"Beauregard, Louisiana",15771,0.625483,0.015251,0.044897
22013,"Bienville, Louisiana",6816,,0.013126,0.013126
22015,"Bossier, Louisiana",55237,1.106413,0.029348,0.42132
22017,"Caddo, Louisiana",112323,1.15689,0.0364,0.674814
22019,"Calcasieu, Louisiana",93232,0.871507,0.036682,0.412937
22021,"Caldwell, Louisiana",4583,,0.013517,0.013517
22023,"Cameron, Louisiana",4175,,0.005078,0.005078
22025,"Catahoula, Louisiana",4412,,0.009737,0.009737
22027,"Claiborne, Louisiana",6775,,0.014025,0.014025
22029,"Concordia, Louisiana",8964,0.812763,0.008049,0.131565
22031,"De Soto, Louisiana",12355,1.008475,0.017436,0.041223
22033,"East Baton Rouge, Louisiana",204359,1.490359,0.076449,1.243817
22035,"East Carroll, Louisiana",2791,,0.010361,0.010361
22037,"East Feliciana, Louisiana",8063,,0.027793,0.027793
22039,"Evangeline, Louisiana",14416,1.270999,0.024771,0.073709
22041,"Franklin, Louisiana",8883,1.062755,0.016826,0.046867
22043,"Grant, Louisiana",8971,,0.021793,0.021793
22045,"Iberia, Louisiana",30924,0.893747,0.028089,0.303767
22047,"Iberville, Louisiana",13198,0.697661,0.019502,0.089775
22049,"Jackson, Louisiana",7182,0.644936,0.013383,0.047662
22051,"Jefferson, Louisiana",193878,2.970769,0.034024,2.685262
22053,"Jefferson Davis, Louisiana",13936,0.828475,0.023917,0.067539
22055,"Lafayette, Louisiana",107922,1.066529,0.112504,0.885748
22057,"Lafourche, Louisiana",40933,0.911737,0.014628,0.349701
22059,"LaSalle, Louisiana",6151,,0.015381,0.015381
22061,"Lincoln, Louisiana",20370,0.755208,0.029895,0.19453
22063,"Livingston, Louisiana",57480,0.653574,0.063254,0.257876
22065,"Madison, Louisiana",4357,1.259455,0.003149,0.225768
22067,"Morehouse, Louisiana",11863,0.862472,0.012271,0.094717
22069,"Natchitoches, Louisiana",18513,1.239273,0.012246,0.109306
22071,"Orleans, Louisiana",193840,3.756093,0.014818,3.666439
22073,"Ouachita, Louisiana",70028,0.912023,0.050929,0.454034
22075,"Plaquemines, Louisiana",9447,0.486154,0.007354,0.099172
22077,"Pointe Coupee, Louisiana",10923,0.855788,0.019655,0.078548
22079,"Rapides, Louisiana",57935,0.858097,0.027869,0.228104
22081,"Red River, Louisiana",3567,,0.014328,0.014328
22083,"Richland, Louisiana",8628,,0.024264,0.024264
22085,"Sabine, Louisiana",13370,,0.024106,0.024106
22087,"St. Bernard, Louisiana",17642,1.577395,0.005307,1.061542
22089,"St. Charles, Louisiana",20445,1.018991,0.021631,0.52842
22091,"St. Helena, Louisiana",5243,,0.020053,0.020053
22093,"St. James, Louisiana",8554,0.511748,0.029288,0.125201
22095,"St. John the Baptist, Louisiana",17738,1.137501,0.018141,0.674034
22097,"St. Landry, Louisiana",36723,0.944838,0.037222,0.14339
22099,"St. Martin, Louisiana",23515,0.607251,0.027599,0.117005
22101,"St. Mary, Louisiana",22407,1.123359,0.012708,0.473802
22103,"St. Tammany, Louisiana",110370,0.972269,0.056378,0.50251
22105,"Tangipahoa, Louisiana",56685,0.651294,0.056254,0.213468
22107,"Tensas, Louisiana",2779,,0.007201,0.007201
22109,"Terrebonne, Louisiana",47321,1.027417,0.014071,0.393948
22111,"Union, Louisiana",10334,,0.018414,0.018414
22113,"Vermilion, Louisiana",25741,1.088106,0.018791,0.121375
22115,"Vernon, Louisiana",21953,0.72244,0.01551,0.074592
22117,"Washington, Louisiana",21341,0.825312,0.03696,0.085455
22119,"Webster, Louisiana",18236,0.711143,0.024534,0.135072
22121,"West Baton Rouge, Louisiana",11496,0.562324,0.027172,0.259713
22123,"West Carroll, Louisiana",4656,,0.020226,0.020226
22125,"West Feliciana, Louisiana",5036,,0.01951,0.01951
22127,"Winn, Louisiana",6339,0.821208,0.006607,0.039217
23001,"Androscoggin, Maine",49837,1.36748,0.079966,0.382985
23003,"Aroostook, Maine",38303,0.971101,0.007838,0.014477
23005,"Cumberland, Maine",149452,1.111437,0.130405,0.475618
23007,"Franklin, Maine",20856,,0.019203,0.019203
23009,"Hancock, Maine",40133,,0.03951,0.03951
23011,"Kennebec, Maine",62607,0.988492,0.073522,0.195321
23013,"Knox, Maine",24255,0.788209,0.069769,0.16686
23015,"Lincoln, Maine",23608,0.528472,0.069617,0.09645
23017,"Oxford, Maine",36130,1.144346,0.023303,0.041087
23019,"Penobscot, Maine",74878,0.892563,0.020471,0.098111
23021,"Piscataquis, Maine",14577,,0.00575,0.00575
23023,"Sagadahoc, Maine",18938,1.203762,0.075447,0.213773
23025,"Somerset, Maine",29785,1.304609,0.010363,0.019167
23027,"Waldo, Maine",21921,1.102151,0.041807,0.060571
23029,"Washington, Maine",21594,,0.013166,0.013166
23031,"York, Maine",112198,1.017954,0.089552,0.333811
24001,"Allegany, Maryland",32911,1.242591,0.043811,0.40343
24003,"Anne Arundel, Maryland",233130,1.505,0.142879,1.26174
24005,"Baltimore, Maryland",350163,2.094606,0.102785,1.713576
24009,"Calvert, Maryland",35663,0.859524,0.175739,0.337907
24011,"Caroline, Maryland",13434,0.928646,0.056797,0.085047
24013,"Carroll, Maryland",65793,1.008408,0.110226,0.401403
24015,"Cecil, Maryland",43941,0.816545,0.109182,0.310001
24017,"Charles, Maryland",62123,1.206821,0.071049,0.525527
24019,"Dorchester, Maryland",16383,1.341039,0.026304,0.156261
24021,"Frederick, Maryland",103493,1.368602,0.075037,0.631631
24023,"Garrett, Maryland",18407,0.794168,0.039223,0.056405
24025,"Harford, Maryland",103284,1.312167,0.096529,0.772907
24027,"Howard, Maryland",123202,1.558646,0.144043,1.213604
24029,"Kent, Maryland",10286,1.341199,0.04383,0.104069
24031,"Montgomery, Maryland",404423,2.333327,0.067798,2.139083
24033,"Prince George's, Maryland",359957,1.872876,0.070673,1.732286
24035,"Queen Anne's, Maryland",21274,0.741722,0.054391,0.164173
24037,"St. Mary's, Maryland",45560,0.834458,0.122446,0.289878
24039,"Somerset, Maryland",10895,1.302944,0.030588,0.156846
24041,"Talbot, Maryland",19538,1.171123,0.06787,0.229482
24043,"Washington, Maryland",63790,1.331661,0.078899,0.535739
24045,"Wicomico, Maryland",43682,1.058403,0.057247,0.474758
24047,"Worcester, Maryland",56263,3.275771,0.037036,1.409415
24510,"Baltimore, Maryland",293249,5.660579,,5.660579
25001,"Barnstable, Massachusetts",164885,0.884887,0.05296,0.830475
25003,"Berkshire, Massachusetts",69759,1.138824,0.047997,0.339604
25005,"Bristol, Massachusetts",243464,1.224973,0.136567,0.98798
25007,"Dukes, Massachusetts",17530,1.078736,0.11005,0.487292
25009,"Essex, Massachusetts",327185,1.572274,0.138773,1.393142
25011,"Franklin, Massachusetts",34345,0.957742,0.042835,0.180309
25013,"Hampden, Massachusetts",197033,1.482033,0.069912,1.10024
25015,"Hampshire, Massachusetts",66245,1.018836,0.068021,0.452682
25017,"Middlesex, Massachusetts",658283,1.721644,0.136811,1.588234
25019,"Nantucket, Massachusetts",12169,1.142597,0.165066,0.639646
25021,"Norfolk, Massachusetts",291489,1.389375,0.107931,1.328455
25023,"Plymouth, Massachusetts",214770,0.912129,0.118262,0.717236
25025,"Suffolk *, Massachusetts",349616,9.550244,0.019238,9.54804
25027,"Worcester, Massachusetts",351764,1.204765,0.097323,0.722693
26001,"Alcona, Michigan",10263,0.51047,0.021448,0.029627
26003,"Alger, Michigan",6169,,0.010534,0.010534
26005,"Allegan, Michigan",51789,0.792764,0.065522,0.161435
26007,"Alpena, Michigan",15645,0.991192,0.021189,0.153708
26009,"Antrim, Michigan",17538,,0.057608,0.057608
26011,"Arenac, Michigan",9504,0.867758,0.031766,0.068332
26013,"Baraga, Michigan",5052,,0.008786,0.008786
26015,"Barry, Michigan",27351,1.173128,0.067795,0.098235
26017,"Bay, Michigan",48562,1.208543,0.051665,0.515915
26019,"Benzie, Michigan",12099,0.968707,0.046915,0.090533
26021,"Berrien, Michigan",76821,0.955321,0.070919,0.458632
26023,"Branch, Michigan",20749,0.82649,0.047564,0.103624
26025,"Calhoun, Michigan",59518,1.139474,0.044428,0.416061
26027,"Cass, Michigan",25291,0.856049,0.062193,0.11872
26029,"Charlevoix, Michigan",17451,0.96629,0.044544,0.124999
26031,"Cheboygan, Michigan",17631,0.801796,0.031448,0.058369
26033,"Chippewa, Michigan",20268,0.960007,0.013407,0.058524
26035,"Clare, Michigan",21818,1.156512,0.054058,0.07577
26037,"Clinton, Michigan",32821,0.849122,0.046272,0.208373
26039,"Crawford, Michigan",10174,0.469543,0.028481,0.028749
26041,"Delta, Michigan",19786,0.903435,0.012659,0.12044
26043,"Dickinson, Michigan",13917,1.112369,0.011437,0.183248
26045,"Eaton, Michigan",47497,1.068805,0.048873,0.364129
26047,"Emmet, Michigan",21771,0.871279,0.044322,0.151105
26049,"Genesee, Michigan",183087,1.049183,0.111856,0.734264
26051,"Gladwin, Michigan",16862,,0.052506,0.052506
26053,"Gogebic, Michigan",10393,1.098798,0.010408,0.041423
26055,"Grand Traverse, Michigan",45776,0.877673,0.06899,0.316705
26057,"Gratiot, Michigan",16032,0.943379,0.029546,0.096009
26059,"Hillsdale, Michigan",21396,1.078817,0.044354,0.088166
26061,"Houghton, Michigan",18632,1.330664,0.015255,0.12839
26063,"Huron, Michigan",20319,,0.037976,0.037976
26065,"Ingham, Michigan",125251,1.726753,0.055317,1.106703
26067,"Ionia, Michigan",24638,1.063653,0.045989,0.130418
26069,"Iosco, Michigan",19856,0.706233,0.031444,0.133286
26071,"Iron, Michigan",8878,,0.011897,0.011897
26073,"Isabella, Michigan",28489,1.459839,0.041156,0.231637
26075,"Jackson, Michigan",69025,1.082366,0.079093,0.311158
26077,"Kalamazoo, Michigan",114021,1.291924,0.079414,0.736666
26079,"Kalkaska, Michigan",11570,,0.032297,0.032297
26081,"Kent, Michigan",265002,1.449384,0.101085,0.977771
26083,"Keweenaw, Michigan",2270,,0.006567,0.006567
26085,"Lake, Michigan",13315,,0.036654,0.036654
26087,"Lapeer, Michigan",36725,0.947012,0.076701,0.111018
26089,"Leelanau, Michigan",15421,0.656694,0.063275,0.079518
26091,"Lenawee, Michigan",43577,1.172748,0.055812,0.191455
26093,"Livingston, Michigan",78441,0.697637,0.099778,0.33966
26095,"Luce, Michigan",4065,,0.007065,0.007065
26097,"Mackinac, Michigan",10519,0.593429,0.013615,0.024639
26099,"Macomb, Michigan",369404,2.171447,0.071705,1.977494
26101,"Manistee, Michigan",15472,0.789597,0.031886,0.082622
26103,"Marquette, Michigan",33454,1.429111,0.014403,0.147914
26105,"Mason, Michigan",17392,0.89043,0.032907,0.129756
26107,"Mecosta, Michigan",20884,1.08984,0.044957,0.09826
26109,"Menominee, Michigan",13212,1.520458,0.012826,0.069643
26111,"Midland, Michigan",36867,1.03651,0.049061,0.294121
26113,"Missaukee, Michigan",8615,,0.023834,0.023834
26115,"Monroe, Michigan",65845,0.956387,0.077472,0.38506
26117,"Montcalm, Michigan",27894,1.035666,0.052534,0.084104
26119,"Montmorency, Michigan",8930,,0.025524,0.025524
26121,"Muskegon, Michigan",74591,1.027422,0.069488,0.524379
26123,"Newaygo, Michigan",24542,0.989312,0.041382,0.056634
26125,"Oakland, Michigan",554403,1.574422,0.121487,1.391588
26127,"Oceana, Michigan",15538,,0.045118,0.045118
26129,"Ogemaw, Michigan",15246,,0.042275,0.042275
26131,"Ontonagon, Michigan",5244,,0.00625,0.00625
26133,"Osceola, Michigan",12534,,0.034584,0.034584
26135,"Oscoda, Michigan",7649,,0.021128,0.021128
26137,"Otsego, Michigan",14861,0.702951,0.031715,0.083031
26139,"Ottawa, Michigan",114318,1.020589,0.083607,0.621764
26141,"Presque Isle, Michigan",9804,,0.023255,0.023255
26143,"Roscommon, Michigan",23069,1.217683,0.02623,0.300448
26145,"Saginaw, Michigan",85953,1.208461,0.057419,0.470569
26147,"St. Clair, Michigan",72092,1.126327,0.063106,0.38906
26149,"St. Joseph, Michigan",27081,0.973161,0.05723,0.151305
26151,"Sanilac, Michigan",21676,1.484076,0.030144,0.053295
26153,"Schoolcraft, Michigan",5955,,0.00794,0.00794
26155,"Shiawassee, Michigan",30231,1.140659,0.053343,0.193086
26157,"Tuscola, Michigan",23933,0.88283,0.041714,0.057872
26159,"Van Buren, Michigan",36948,0.7956,0.073168,0.133805
26161,"Washtenaw, Michigan",156882,1.632562,0.067543,0.981435
26163,"Wayne, Michigan",790191,2.29704,0.122878,2.245067
26165,"Wexford, Michigan",16418,0.883206,0.028985,0.10402
27001,"Aitkin, Minnesota",13944,,0.01196,0.01196
27003,"Anoka, Minnesota",138017,1.286098,0.116058,0.895657
27005,"Becker, Minnesota",19620,1.011278,0.016349,0.057188
27007,"Beltrami, Minnesota",21271,0.729133,0.009113,0.036587
27009,"Benton, Minnesota",17315,1.616892,0.027979,0.303861
27011,"Big Stone, Minnesota",2982,,0.009334,0.009334
27013,"Blue Earth, Minnesota",29169,1.615229,0.020801,0.379619
27015,"Brown, Minnesota",11780,1.635755,0.014686,0.167969
27017,"Carlton, Minnesota",15688,0.945276,0.018315,0.076833
27019,"Carver, Minnesota",40380,1.186638,0.049443,0.542961
27021,"Cass, Minnesota",23872,,0.018452,0.018452
27023,"Chippewa, Minnesota",5627,0.948236,0.008525,0.067891
27025,"Chisago, Minnesota",22294,0.977384,0.054853,0.157984
27027,"Clay, Minnesota",26844,1.744158,0.010321,0.476953
27029,"Clearwater, Minnesota",4448,,0.006958,0.006958
27031,"Cook, Minnesota",5936,,0.006385,0.006385
27033,"Cottonwood, Minnesota",5152,,0.012579,0.012579
27035,"Crow Wing, Minnesota",41568,0.901919,0.051306,0.097542
27037,"Dakota, Minnesota",173469,1.588236,0.031369,1.324512
27039,"Dodge, Minnesota",8291,1.376034,0.018981,0.089239
27041,"Douglas, Minnesota",21769,0.684948,0.030199,0.124797
27043,"Faribault, Minnesota",6916,,0.015167,0.015167
27045,"Fillmore, Minnesota",9583,,0.017384,0.017384
27047,"Freeborn, Minnesota",14114,1.210728,0.012896,0.190413
27049,"Goodhue, Minnesota",20864,1.334006,0.028099,0.110729
27051,"Grant, Minnesota",3155,,0.008999,0.008999
27053,"Hennepin, Minnesota",555779,2.333611,0.093668,2.18516
27055,"Houston, Minnesota",8731,1.219188,0.017677,0.060052
27057,"Hubbard, Minnesota",14705,,0.024813,0.024813
27059,"Isanti, Minnesota",16550,1.132609,0.036262,0.144548
27061,"Itasca, Minnesota",25375,0.721302,0.012083,0.026299
27063,"Jackson, Minnesota",4891,,0.010871,0.010871
27065,"Kanabec, Minnesota",7735,,0.02317,0.02317
27067,"Kandiyohi, Minnesota",19950,0.990538,0.017798,0.165417
27069,"Kittson, Minnesota",2272,,0.00323,0.00323
27071,"Koochiching, Minnesota",7402,0.773265,0.00189,0.036855
27073,"Lac qui Parle, Minnesota",3471,,0.007089,0.007089
27075,"Lake, Minnesota",7311,,0.005416,0.005416
27077,"Lake of the Woods, Minnesota",3391,,0.004082,0.004082
27079,"Le Sueur, Minnesota",12811,1.289064,0.039208,0.060666
27081,"Lincoln, Minnesota",3051,,0.008881,0.008881
27083,"Lyon, Minnesota",11180,1.119034,0.011597,0.131386
27085,"McLeod, Minnesota",15820,1.251701,0.022079,0.221477
27087,"Mahnomen, Minnesota",2550,,0.007142,0.007142
27089,"Marshall, Minnesota",4416,,0.003887,0.003887
27091,"Martin, Minnesota",9748,1.79506,0.012276,0.104096
27093,"Meeker, Minnesota",10576,1.146214,0.019951,0.059733
27095,"Mille Lacs, Minnesota",12786,1.090583,0.029166,0.053789
27097,"Morrison, Minnesota",16074,0.915997,0.016398,0.048635
27099,"Mower, Minnesota",16928,1.673997,0.013735,0.291209
27101,"Murray, Minnesota",4388,,0.00973,0.00973
27103,"Nicollet, Minnesota",13371,1.395411,0.012131,0.41811
27105,"Nobles, Minnesota",8394,1.342949,0.008112,0.142624
27107,"Norman, Minnesota",3230,,0.005782,0.005782
27109,"Olmsted, Minnesota",69270,1.589969,0.028486,0.845931
27111,"Otter Tail, Minnesota",36506,1.284454,0.023963,0.048093
27113,"Pennington, Minnesota",6639,1.348417,0.005378,0.234138
27115,"Pine, Minnesota",16886,,0.018695,0.018695
27117,"Pipestone, Minnesota",4337,,0.014572,0.014572
27119,"Polk, Minnesota",14623,1.192955,0.005884,0.081517
27121,"Pope, Minnesota",6367,0.907652,0.009167,0.054267
27123,"Ramsey, Minnesota",228546,2.375307,0.030713,2.37359
27125,"Red Lake, Minnesota",1876,,0.006779,0.006779
27127,"Redwood, Minnesota",7086,1.067224,0.008638,0.039788
27129,"Renville, Minnesota",6913,,0.010989,0.010989
27131,"Rice, Minnesota",25018,1.342735,0.029353,0.341264
27133,"Rock, Minnesota",4222,1.503537,0.006583,0.111411
27135,"Roseau, Minnesota",7137,,0.006671,0.006671
27137,"St. Louis, Minnesota",103681,1.37862,0.011615,0.165953
27139,"Scott, Minnesota",54658,1.185429,0.050308,0.682243
27141,"Sherburne, Minnesota",35909,0.973818,0.069392,0.260116
27143,"Sibley, Minnesota",6454,,0.017126,0.017126
27145,"Stearns, Minnesota",65684,1.276387,0.030781,0.300849
27147,"Steele, Minnesota",15691,1.386406,0.017175,0.384285
27149,"Stevens, Minnesota",4213,1.067313,0.005344,0.095961
27151,"Swift, Minnesota",4693,,0.009883,0.009883
27153,"Todd, Minnesota",12770,0.702462,0.020862,0.021778
27155,"Traverse, Minnesota",1877,,0.005111,0.005111
27157,"Wabasha, Minnesota",10158,1.40248,0.024212,0.055836
27159,"Wadena, Minnesota",6939,1.230975,0.014578,0.050971
27161,"Waseca, Minnesota",7895,1.564837,0.015221,0.142199
27163,"Washington, Minnesota",104014,1.303325,0.078413,0.895603
27165,"Watonwan, Minnesota",4874,,0.017509,0.017509
27167,"Wilkin, Minnesota",2972,1.007139,0.002781,0.071814
27169,"Winona, Minnesota",21716,1.583246,0.021045,0.306384
27171,"Wright, Minnesota",54467,1.021547,0.058551,0.30591
27173,"Yellow Medicine, Minnesota",4513,,0.009289,0.009289
28001,"Adams, Mississippi",14885,0.927532,0.01724,0.248718
28003,"Alcorn, Mississippi",16159,0.742786,0.040648,0.121396
28005,"Amite, Mississippi",7230,,0.015473,0.015473
28007,"Attala, Mississippi",8277,0.801841,0.011583,0.050342
28009,"Benton, Mississippi",4057,,0.01559,0.01559
28011,"Bolivar, Mississippi",13628,1.215603,0.012998,0.109695
28013,"Calhoun, Mississippi",6720,,0.017901,0.017901
28015,"Carroll, Mississippi",4914,,0.012219,0.012219
28017,"Chickasaw, Mississippi",7789,,0.024254,0.024254
28019,"Choctaw, Mississippi",4353,,0.016264,0.016264
28021,"Claiborne, Mississippi",3906,,0.012521,0.012521
28023,"Clarke, Mississippi",7575,,0.017114,0.017114
28025,"Clay, Mississippi",8985,0.908984,0.02005,0.100915
28027,"Coahoma, Mississippi",10162,1.443715,0.009481,0.280757
28029,"Copiah, Mississippi",12380,0.849625,0.020668,0.039419
28031,"Covington, Mississippi",8290,,0.031301,0.031301
28033,"DeSoto, Mississippi",72079,0.882966,0.063637,0.50506
28035,"Forrest, Mississippi",33490,0.967042,0.040086,0.339107
28037,"Franklin, Mississippi",4284,,0.011869,0.011869
28039,"George, Mississippi",10280,,0.033555,0.033555
28041,"Greene, Mississippi",5104,,0.011189,0.011189
28043,"Grenada, Mississippi",10405,1.101641,0.020271,0.139377
28045,"Hancock, Mississippi",22340,0.86552,0.026894,0.261478
28047,"Harrison, Mississippi",91554,1.012181,0.054597,0.60828
28049,"Hinds, Mississippi",106134,1.228758,0.035042,0.695866
28051,"Holmes, Mississippi",7485,,0.015456,0.015456
28053,"Humphreys, Mississippi",3528,,0.013172,0.013172
28055,"Issaquena, Mississippi",439,,0.001661,0.001661
28057,"Itawamba, Mississippi",10456,,0.030664,0.030664
28059,"Jackson, Mississippi",62190,1.01502,0.041201,0.417659
28061,"Jasper, Mississippi",8029,,0.01855,0.01855
28063,"Jefferson, Mississippi",3346,,0.010055,0.010055
28065,"Jefferson Davis, Mississippi",5641,,0.021579,0.021579
28067,"Jones, Mississippi",28488,0.805606,0.041829,0.123515
28069,"Kemper, Mississippi",3909,,0.007972,0.007972
28071,"Lafayette, Mississippi",28208,1.134435,0.02716,0.280616
28073,"Lamar, Mississippi",27434,0.770578,0.046484,0.184611
28075,"Lauderdale, Mississippi",33462,0.881026,0.03903,0.183546
28077,"Lawrence, Mississippi",5717,,0.020745,0.020745
28079,"Leake, Mississippi",8979,,0.024069,0.024069
28081,"Lee, Mississippi",37261,0.663005,0.072582,0.216002
28083,"Leflore, Mississippi",12632,1.267461,0.010635,0.282011
28085,"Lincoln, Mississippi",15744,0.749747,0.029638,0.079607
28087,"Lowndes, Mississippi",26882,0.987986,0.045662,0.195096
28089,"Madison, Mississippi",46033,0.849651,0.02839,0.354552
28091,"Marion, Mississippi",11080,0.701143,0.024057,0.056858
28093,"Marshall, Mississippi",14990,0.629705,0.028641,0.044551
28095,"Monroe, Mississippi",16714,0.82275,0.028313,0.051336
28097,"Montgomery, Mississippi",5193,,0.019937,0.019937
28099,"Neshoba, Mississippi",12013,0.706793,0.024118,0.061447
28101,"Newton, Mississippi",9073,,0.024537,0.024537
28103,"Noxubee, Mississippi",4705,,0.010575,0.010575
28105,"Oktibbeha, Mississippi",25372,1.307323,0.032696,0.343986
28107,"Panola, Mississippi",14586,0.657629,0.027487,0.048863
28109,"Pearl River, Mississippi",24641,0.740123,0.033863,0.085468
28111,"Perry, Mississippi",5426,,0.013098,0.013098
28113,"Pike, Mississippi",19017,0.881826,0.045844,0.144773
28115,"Pontotoc, Mississippi",13928,,0.043716,0.043716
28117,"Prentiss, Mississippi",10972,0.644147,0.031914,0.065512
28119,"Quitman, Mississippi",3030,,0.011689,0.011689
28121,"Rankin, Mississippi",63611,0.789653,0.047178,0.313421
28123,"Scott, Mississippi",11313,,0.029015,0.029015
28125,"Sharkey, Mississippi",1679,,0.006077,0.006077
28127,"Simpson, Mississippi",11559,,0.030655,0.030655
28129,"Smith, Mississippi",6622,,0.016262,0.016262
28131,"Stone, Mississippi",7499,,0.026302,0.026302
28133,"Sunflower, Mississippi",9412,1.164151,0.012637,0.078855
28135,"Tallahatchie, Mississippi",5450,,0.013198,0.013198
28137,"Tate, Mississippi",11307,0.90636,0.035207,0.06768
28139,"Tippah, Mississippi",9877,,0.033709,0.033709
28141,"Tishomingo, Mississippi",10512,,0.038711,0.038711
28143,"Tunica, Mississippi",4575,,0.015741,0.015741
28145,"Union, Mississippi",12119,0.596215,0.034461,0.072027
28147,"Walthall, Mississippi",6834,,0.026436,0.026436
28149,"Warren, Mississippi",21452,0.819898,0.024281,0.194482
28151,"Washington, Mississippi",20879,1.274002,0.01589,0.281388
28153,"Wayne, Mississippi",9031,,0.017406,0.017406
28155,"Webster, Mississippi",5066,,0.018795,0.018795
28157,"Wilkinson, Mississippi",4554,,0.010493,0.010493
28159,"Winston, Mississippi",8174,,0.021032,0.021032
28161,"Yalobusha, Mississippi",6405,,0.021423,0.021423
28163,"Yazoo, Mississippi",10432,0.833174,0.009413,0.078352
29001,"Adair, Missouri",11338,1.361984,0.010755,0.26361
29003,"Andrew, Missouri",7551,1.050406,0.016256,0.089898
29005,"Atchison, Missouri",2731,,0.007797,0.007797
29007,"Audrain, Missouri",10542,1.21012,0.01218,0.117601
29009,"Barry, Missouri",16990,0.946025,0.029183,0.04904
29011,"Barton, Missouri",5290,,0.013961,0.013961
29013,"Bates, Missouri",7189,,0.013425,0.013425
29015,"Benton, Missouri",13551,,0.030074,0.030074
29017,"Bollinger, Missouri",5037,,0.012737,0.012737
29019,"Boone, Missouri",79836,1.461067,0.042957,0.68949
29021,"Buchanan, Missouri",38258,1.306881,0.020596,0.771797
29023,"Butler, Missouri",19287,0.960876,0.022518,0.142961
29025,"Caldwell, Missouri",4218,,0.015457,0.015457
29027,"Callaway, Missouri",18538,0.809258,0.022059,0.085056
29029,"Camden, Missouri",39473,0.801491,0.049462,0.201929
29031,"Cape Girardeau, Missouri",35696,1.236347,0.031281,0.399968
29033,"Carroll, Missouri",4364,,0.009816,0.009816
29035,"Carter, Missouri",2675,,0.008238,0.008238
29037,"Cass, Missouri",43445,1.138092,0.030384,0.39378
29039,"Cedar, Missouri",6930,,0.022822,0.022822
29041,"Chariton, Missouri",3792,,0.007888,0.007888
29043,"Christian, Missouri",35134,1.240713,0.043118,0.300803
29045,"Clark, Missouri",3216,,0.009958,0.009958
29047,"Clay, Missouri",105619,1.376545,0.041859,1.06796
29049,"Clinton, Missouri",8934,1.196744,0.025693,0.063106
29051,"Cole, Missouri",33211,1.086122,0.040514,0.434196
29053,"Cooper, Missouri",7281,0.902534,0.01095,0.084077
29055,"Crawford, Missouri",11378,0.826663,0.022513,0.028092
29057,"Dade, Missouri",3775,,0.012037,0.012037
29059,"Dallas, Missouri",7588,,0.021917,0.021917
29061,"Daviess, Missouri",4123,,0.011437,0.011437
29063,"DeKalb, Missouri",4264,0.695911,0.01293,0.027108
29065,"Dent, Missouri",6819,1.168866,0.009297,0.049501
29067,"Douglas, Missouri",5346,,0.010267,0.010267
29069,"Dunklin, Missouri",13409,1.175783,0.025027,0.100205
29071,"Franklin, Missouri",45275,1.072649,0.042859,0.188119
29073,"Gasconade, Missouri",7577,,0.022811,0.022811
29075,"Gentry, Missouri",2921,,0.009287,0.009287
29077,"Greene, Missouri",136450,1.493052,0.048547,0.971824
29079,"Grundy, Missouri",4844,1.035245,0.007197,0.135133
29081,"Harrison, Missouri",4019,,0.008691,0.008691
29083,"Henry, Missouri",10693,1.128284,0.0143,0.085238
29085,"Hickory, Missouri",5464,,0.021408,0.021408
29087,"Holt, Missouri",2418,,0.008166,0.008166
29089,"Howard, Missouri",4368,,0.014715,0.014715
29091,"Howell, Missouri",18048,0.850145,0.021248,0.066463
29093,"Iron, Missouri",4688,,0.013312,0.013312
29095,"Jackson, Missouri",329579,1.863195,0.053485,1.644951
29097,"Jasper, Missouri",52739,1.089638,0.03115,0.500176
29099,"Jefferson, Missouri",92385,1.006564,0.08863,0.434852
29101,"Johnson, Missouri",22601,1.071569,0.022626,0.143474
29103,"Knox, Missouri",1934,,0.005996,0.005996
29105,"Laclede, Missouri",15908,0.847824,0.019066,0.094924
29107,"Lafayette, Missouri",14065,1.385127,0.024243,0.085792
29109,"Lawrence, Missouri",16219,1.097125,0.029463,0.086193
29111,"Lewis, Missouri",4312,,0.013341,0.013341
29113,"Lincoln, Missouri",23366,1.112469,0.042905,0.104768
29115,"Linn, Missouri",5999,0.989271,0.010117,0.047847
29117,"Livingston, Missouri",6350,1.021463,0.007244,0.152533
29119,"McDonald, Missouri",9760,0.023204,0.028274,0.02827
29121,"Macon, Missouri",7398,0.81207,0.00934,0.045932
29123,"Madison, Missouri",5832,1.045427,0.011597,0.062725
29125,"Maries, Missouri",4263,,0.01264,0.01264
29127,"Marion, Missouri",12847,1.266085,0.017864,0.250678
29129,"Mercer, Missouri",1911,,0.006579,0.006579
29131,"Miller, Missouri",12476,0.809683,0.025323,0.057696
29133,"Mississippi, Missouri",5283,,0.020055,0.020055
29135,"Moniteau, Missouri",6180,,0.023266,0.023266
29137,"Monroe, Missouri",4466,,0.010775,0.010775
29139,"Montgomery, Missouri",5758,,0.016815,0.016815
29141,"Morgan, Missouri",15110,,0.039505,0.039505
29143,"New Madrid, Missouri",7870,0.821274,0.016146,0.025483
29145,"Newton, Missouri",24570,0.724093,0.039746,0.117584
29147,"Nodaway, Missouri",9449,1.440468,0.007664,0.134866
29149,"Oregon, Missouri",4316,,0.008538,0.008538
29151,"Osage, Missouri",6492,,0.016723,0.016723
29153,"Ozark, Missouri",5025,,0.010539,0.010539
29155,"Pemiscot, Missouri",7484,1.241514,0.015652,0.070772
29157,"Perry, Missouri",8464,0.965151,0.016447,0.089924
29159,"Pettis, Missouri",18563,1.106455,0.015257,0.247156
29161,"Phelps, Missouri",20174,1.290354,0.025131,0.162314
29163,"Pike, Missouri",7603,,0.017719,0.017719
29165,"Platte, Missouri",45307,0.955218,0.025879,0.597781
29167,"Polk, Missouri",13387,1.173249,0.022199,0.082807
29169,"Pulaski, Missouri",19315,0.569204,0.029331,0.126823
29171,"Putnam, Missouri",2835,,0.008563,0.008563
29173,"Ralls, Missouri",5028,0.269231,0.016307,0.017563
29175,"Randolph, Missouri",10773,0.792651,0.016497,0.132534
29177,"Ray, Missouri",9842,0.96374,0.019494,0.059137
29179,"Reynolds, Missouri",3461,,0.006689,0.006689
29181,"Ripley, Missouri",5145,,0.01277,0.01277
29183,"St. Charles, Missouri",161144,1.601183,0.034363,1.290062
29185,"St. Clair, Missouri",5288,,0.012241,0.012241
29186,"Ste. Genevieve, Missouri",8301,1.04438,0.019543,0.053394
29187,"St. Francois, Missouri",28636,1.199485,0.047375,0.273906
29189,"St. Louis, Missouri",444653,1.819662,0.063079,1.748554
29195,"Saline, Missouri",9836,1.206277,0.009548,0.127046
29197,"Schuyler, Missouri",1887,,0.009594,0.009594
29199,"Scotland, Missouri",2210,,0.007911,0.007911
29201,"Scott, Missouri",16746,0.90361,0.028901,0.194485
29203,"Shannon, Missouri",3513,,0.005468,0.005468
29205,"Shelby, Missouri",2950,,0.009203,0.009203
29207,"Stoddard, Missouri",13402,0.943269,0.016723,0.068269
29209,"Stone, Missouri",19935,0.571417,0.054031,0.089896
29211,"Sullivan, Missouri",3024,,0.007292,0.007292
29213,"Taney, Missouri",29391,0.758752,0.027502,0.233446
29215,"Texas, Missouri",11004,1.227436,0.014501,0.014971
29217,"Vernon, Missouri",8921,1.035958,0.009271,0.07905
29219,"Warren, Missouri",15355,1.040625,0.041919,0.097144
29221,"Washington, Missouri",10719,,0.022041,0.022041
29223,"Wayne, Missouri",6109,,0.012573,0.012573
29225,"Webster, Missouri",15220,0.938136,0.031972,0.065118
29227,"Worth, Missouri",1114,,0.006528,0.006528
29229,"Wright, Missouri",8347,1.070216,0.014318,0.043007
29510,"St. Louis, Missouri",173479,4.390642,,4.390642
30001,"Beaverhead, Montana",4918,1.26323,0.000761,0.021652
30003,"Big Horn, Montana",4522,,0.001414,0.001414
30005,"Blaine, Montana",2824,,0.001044,0.001044
30007,"Broadwater, Montana",3172,,0.004157,0.004157
30009,"Carbon, Montana",6359,,0.004852,0.004852
30011,"Carter, Montana",817,,0.000382,0.000382
30013,"Cascade, Montana",38937,1.586804,0.00478,0.47001
30015,"Chouteau, Montana",2843,,0.001118,0.001118
30017,"Custer, Montana",5776,1.523347,0.00052,0.267777
30019,"Daniels, Montana",1043,,0.001143,0.001143
30021,"Dawson, Montana",4382,0.926418,0.000769,0.140525
30023,"Deer Lodge, Montana",5493,2.29171,0.003544,0.322263
30025,"Fallon, Montana",1526,,0.001471,0.001471
30027,"Fergus, Montana",6013,1.70392,0.00102,0.051773
30029,"Flathead, Montana",49875,1.26492,0.00812,0.088416
30031,"Gallatin, Montana",52835,1.496558,0.011889,0.249848
30033,"Garfield, Montana",795,,0.000266,0.000266
30035,"Glacier, Montana",5342,,0.002787,0.002787
30037,"Golden Valley, Montana",474,,0.000631,0.000631
30039,"Granite, Montana",2601,,0.002353,0.002353
30041,"Hill, Montana",7223,1.795264,0.00136,0.146226
30043,"Jefferson, Montana",5375,,0.005068,0.005068
30045,"Judith Basin, Montana",1248,,0.001043,0.001043
30047,"Lake, Montana",16390,1.005235,0.014044,0.030978
30049,"Lewis and Clark, Montana",33599,1.185524,0.00436,0.240489
30051,"Liberty, Montana",933,,0.001019,0.001019
30053,"Lincoln, Montana",10953,0.975174,0.003792,0.011526
30055,"McCone, Montana",1025,,0.000606,0.000606
30057,"Madison, Montana",6379,,0.002778,0.002778
30059,"Meagher, Montana",1352,,0.000883,0.000883
30061,"Mineral, Montana",2563,,0.003284,0.003284
30063,"Missoula, Montana",54542,1.447285,0.008286,0.402638
30065,"Musselshell, Montana",2633,,0.002201,0.002201
30067,"Park, Montana",9554,1.657285,0.002682,0.065553
30069,"Petroleum, Montana",333,,0.000314,0.000314
30071,"Phillips, Montana",2229,,0.000678,0.000678
30073,"Pondera, Montana",2759,,0.002654,0.002654
30075,"Powder River, Montana",971,,0.00046,0.00046
30077,"Powell, Montana",2900,,0.001948,0.001948
30079,"Prairie, Montana",671,,0.000604,0.000604
30081,"Ravalli, Montana",21062,1.370536,0.011502,0.025398
30083,"Richland, Montana",5566,0.70323,0.001805,0.05371
30085,"Roosevelt, Montana",4065,,0.002698,0.002698
30087,"Rosebud, Montana",3780,,0.001179,0.001179
30089,"Sanders, Montana",6800,,0.003849,0.003849
30091,"Sheridan, Montana",2128,,0.001983,0.001983
30093,"Silver Bow, Montana",17247,1.547565,0.004683,0.762152
30095,"Stillwater, Montana",4659,,0.004052,0.004052
30097,"Sweet Grass, Montana",1949,,0.001641,0.001641
30099,"Teton, Montana",2935,,0.002019,0.002019
30101,"Toole, Montana",2320,,0.001893,0.001893
30103,"Treasure, Montana",448,,0.000716,0.000716
30105,"Valley, Montana",4229,,0.001341,0.001341
30107,"Wheatland, Montana",1114,,0.001224,0.001224
30109,"Wibaux, Montana",518,,0.00091,0.00091
30111,"Yellowstone, Montana",71804,1.573953,0.006513,0.693469
31001,"Adams, Nebraska",13806,1.361915,0.007468,0.504994
31003,"Antelope, Nebraska",3112,,0.005673,0.005673
31005,"Arthur, Nebraska",226,,0.000494,0.000494
31007,"Banner, Nebraska",327,,0.000685,0.000685
31009,"Blaine, Nebraska",299,,0.000657,0.000657
31011,"Boone, Nebraska",2554,,0.005813,0.005813
31013,"Box Butte, Nebraska",5234,1.260087,0.001865,0.256735
31015,"Boyd, Nebraska",1226,,0.003548,0.003548
31017,"Brown, Nebraska",1642,,0.002101,0.002101
31019,"Buffalo, Nebraska",20947,1.259458,0.010366,0.297121
31021,"Burt, Nebraska",3324,,0.010565,0.010565
31023,"Butler, Nebraska",4028,,0.010761,0.010761
31025,"Cass, Nebraska",11623,1.517066,0.024564,0.068917
31027,"Cedar, Nebraska",3900,,0.008232,0.008232
31029,"Chase, Nebraska",1850,,0.003232,0.003232
31031,"Cherry, Nebraska",2979,,0.000781,0.000781
31033,"Cheyenne, Nebraska",4891,1.110491,0.002278,0.123279
31035,"Clay, Nebraska",2817,,0.007691,0.007691
31037,"Colfax, Nebraska",3976,1.237899,0.007429,0.101353
31039,"Cuming, Nebraska",4123,,0.011292,0.011292
31041,"Custer, Nebraska",5310,,0.003221,0.003221
31043,"Dakota, Nebraska",7765,1.138073,0.011049,0.38612
31045,"Dawes, Nebraska",4002,1.500166,0.002005,0.077873
31047,"Dawson, Nebraska",9792,1.175903,0.00968,0.055021
31049,"Deuel, Nebraska",1048,,0.003723,0.003723
31051,"Dixon, Nebraska",2520,,0.00827,0.00827
31053,"Dodge, Nebraska",16191,1.361327,0.012714,0.405822
31055,"Douglas, Nebraska",245050,2.242485,0.058508,2.05142
31057,"Dundy, Nebraska",1008,,0.001713,0.001713
31059,"Fillmore, Nebraska",2718,,0.007381,0.007381
31061,"Franklin, Nebraska",1527,,0.004144,0.004144
31063,"Frontier, Nebraska",1395,,0.002236,0.002236
31065,"Furnas, Nebraska",2518,,0.005471,0.005471
31067,"Gage, Nebraska",10327,1.080659,0.008002,0.139086
31069,"Garden, Nebraska",1181,,0.001082,0.001082
31071,"Garfield, Nebraska",1053,,0.00289,0.00289
31073,"Gosper, Nebraska",1148,,0.003915,0.003915
31075,"Grant, Nebraska",362,,0.000728,0.000728
31077,"Greeley, Nebraska",1189,,0.00326,0.00326
31079,"Hall, Nebraska",25159,1.155555,0.009878,0.622637
31081,"Hamilton, Nebraska",4088,,0.011783,0.011783
31083,"Harlan, Nebraska",1915,,0.005406,0.005406
31085,"Hayes, Nebraska",442,,0.000969,0.000969
31087,"Hitchcock, Nebraska",1571,,0.003458,0.003458
31089,"Holt, Nebraska",4893,,0.003169,0.003169
31091,"Hooker, Nebraska",408,,0.000884,0.000884
31093,"Howard, Nebraska",2865,,0.007863,0.007863
31095,"Jefferson, Nebraska",3665,1.338783,0.004521,0.104416
31097,"Johnson, Nebraska",2093,,0.008696,0.008696
31099,"Kearney, Nebraska",2966,,0.008977,0.008977
31101,"Keith, Nebraska",5342,1.147784,0.004344,0.053159
31103,"Keya Paha, Nebraska",496,,0.001002,0.001002
31105,"Kimball, Nebraska",1805,,0.002963,0.002963
31107,"Knox, Nebraska",4502,,0.006346,0.006346
31109,"Lancaster, Nebraska",135484,2.055501,0.024373,1.406281
31111,"Lincoln, Nebraska",16526,1.375534,0.003131,0.209398
31113,"Logan, Nebraska",367,,0.001005,0.001005
31115,"Loup, Nebraska",419,,0.001162,0.001162
31117,"McPherson, Nebraska",232,,0.000422,0.000422
31119,"Madison, Nebraska",15094,1.448613,0.010818,0.411253
31121,"Merrick, Nebraska",3548,,0.011377,0.011377
31123,"Morrill, Nebraska",2272,,0.002493,0.002493
31125,"Nance, Nebraska",1610,,0.005697,0.005697
31127,"Nemaha, Nebraska",3312,,0.012703,0.012703
31129,"Nuckolls, Nebraska",2216,,0.00602,0.00602
31131,"Otoe, Nebraska",6941,1.151885,0.00984,0.082002
31133,"Pawnee, Nebraska",1402,,0.005082,0.005082
31135,"Perkins, Nebraska",1345,,0.002379,0.002379
31137,"Phelps, Nebraska",4149,1.377811,0.004537,0.160853
31139,"Pierce, Nebraska",3118,,0.008499,0.008499
31141,"Platte, Nebraska",14094,1.190868,0.009031,0.317345
31143,"Polk, Nebraska",2524,,0.00899,0.00899
31145,"Red Willow, Nebraska",5157,1.09363,0.003264,0.204539
31147,"Richardson, Nebraska",4083,1.001025,0.005512,0.085078
31149,"Rock, Nebraska",795,,0.001232,0.001232
31151,"Saline, Nebraska",5714,1.447227,0.009031,0.076921
31153,"Sarpy, Nebraska",73081,1.569391,0.034303,1.29246
31155,"Saunders, Nebraska",9987,1.400937,0.016713,0.040572
31157,"Scotts Bluff, Nebraska",16494,1.20698,0.011105,0.27905
31159,"Seward, Nebraska",7061,1.338677,0.011285,0.083503
31161,"Sheridan, Nebraska",2699,,0.001728,0.001728
31163,"Sherman, Nebraska",1789,,0.00494,0.00494
31165,"Sioux, Nebraska",705,,0.000533,0.000533
31167,"Stanton, Nebraska",2460,1.385925,0.006844,0.02446
31169,"Thayer, Nebraska",2498,,0.006802,0.006802
31171,"Thomas, Nebraska",379,,0.000831,0.000831
31173,"Thurston, Nebraska",2283,,0.009063,0.009063
31175,"Valley, Nebraska",2104,,0.005787,0.005787
31177,"Washington, Nebraska",8577,0.67436,0.020652,0.08674
31179,"Wayne, Nebraska",3950,1.176318,0.005773,0.131997
31181,"Webster, Nebraska",1788,,0.004859,0.004859
31183,"Wheeler, Nebraska",503,,0.001366,0.001366
31185,"York, Nebraska",6320,1.234646,0.007114,0.149819
32001,"Churchill, Nevada",10772,0.800535,0.001146,0.08867
32003,"Clark, Nevada",917656,3.118191,0.002453,2.847137
32005,"Douglas, Nevada",24309,1.017467,0.018753,0.263172
32007,"Elko, Nevada",21770,1.155396,0.001018,0.031213
32009,"Esmeralda, Nevada",537,,0.000234,0.000234
32011,"Eureka, Nevada",962,,0.00036,0.00036
32013,"Humboldt, Nevada",7658,1.008688,0.000486,0.050903
32015,"Lander, Nevada",2798,,0.000792,0.000792
32017,"Lincoln, Nevada",2203,,0.000324,0.000324
32019,"Lyon, Nevada",24401,1.07277,0.009175,0.110396
32021,"Mineral, Nevada",2586,,0.001077,0.001077
32023,"Nye, Nevada",25191,0.549881,0.000582,0.087714
32027,"Pershing, Nevada",2278,,0.00059,0.00059
32029,"Storey, Nevada",1987,0.588268,0.01063,0.015793
32031,"Washoe, Nevada",207209,1.754622,0.002209,1.326528
32033,"White Pine, Nevada",4137,1.152772,0.000326,0.029667
32510,"Carson City, Nevada",24564,1.778969,0.011,1.485417
33001,"Belknap, New Hampshire",38252,0.931627,0.080155,0.276297
33003,"Carroll, New Hampshire",39670,0.673786,0.060755,0.076396
33005,"Cheshire, New Hampshire",35612,1.110981,0.055954,0.139089
33007,"Coos, New Hampshire",20444,1.687187,0.013188,0.046819
33009,"Grafton, New Hampshire",50840,0.68631,0.033523,0.081264
33011,"Hillsborough, New Hampshire",175571,1.177044,0.091314,0.650122
33013,"Merrimack, New Hampshire",65565,0.938192,0.062365,0.218716
33015,"Rockingham, New Hampshire",135338,0.640072,0.121529,0.416288
33017,"Strafford, New Hampshire",55706,1.005817,0.101402,0.436336
33019,"Sullivan, New Hampshire",21797,1.152869,0.051065,0.095994
34001,"Atlantic, New Jersey",132038,1.5809,0.053945,1.071816
34003,"Bergen, New Jersey",367383,2.644098,0.041181,2.631547
34005,"Burlington, New Jersey",184775,1.328852,0.044193,0.97109
34007,"Camden, New Jersey",212759,2.111109,0.063869,2.019673
34009,"Cape May, New Jersey",99606,2.442272,0.064835,1.824473
34011,"Cumberland, New Jersey",57119,1.058847,0.052697,0.503166
34013,"Essex, New Jersey",334896,4.269536,0.015901,4.26697
34015,"Gloucester, New Jersey",117208,1.197663,0.104125,0.92607
34017,"Hudson, New Jersey",312706,10.577295,,10.577295
34019,"Hunterdon, New Jersey",51687,0.911762,0.118197,0.28426
34021,"Mercer, New Jersey",150442,1.789911,0.114036,1.56726
34023,"Middlesex, New Jersey",315521,1.984288,0.068179,1.92692
34025,"Monmouth, New Jersey",268912,1.456594,0.091876,1.297183
34027,"Morris, New Jersey",197722,1.180259,0.111589,0.978525
34029,"Ocean, New Jersey",294429,1.79399,0.038547,1.587501
34031,"Passaic, New Jersey",185367,3.038716,0.100142,2.720383
34033,"Salem, New Jersey",27763,1.089898,0.070719,0.270753
34035,"Somerset, New Jersey",131822,1.131481,0.111121,0.958069
34037,"Sussex, New Jersey",62709,1.139302,0.096797,0.360138
34039,"Union, New Jersey",209908,3.191524,,3.191524
34041,"Warren, New Jersey",46457,1.785234,0.092353,0.508828
35001,"Bernalillo, New Mexico",299451,2.127094,0.01848,1.780294
35003,"Catron, New Mexico",3231,,0.000729,0.000729
35005,"Chaves, New Mexico",26658,1.278697,0.001576,0.276398
35006,"Cibola, New Mexico",11099,1.155352,0.002259,0.029035
35007,"Colfax, New Mexico",9503,1.066315,0.002622,0.019879
35009,"Curry, New Mexico",21102,1.693756,0.004148,0.592117
35011,"De Baca, New Mexico",1125,,0.000757,0.000757
35013,"Doña Ana, New Mexico",89804,1.464007,0.007933,0.486808
35015,"Eddy, New Mexico",26277,1.230991,0.002085,0.320794
35017,"Grant, New Mexico",14584,0.956313,0.002413,0.078432
35019,"Guadalupe, New Mexico",2187,,0.001128,0.001128
35021,"Harding, New Mexico",600,,0.000441,0.000441
35023,"Hidalgo, New Mexico",2190,,0.000995,0.000995
35025,"Lea, New Mexico",27950,1.068094,0.002471,0.238903
35027,"Lincoln, New Mexico",17624,1.0412,0.002068,0.109775
35028,"Los Alamos, New Mexico",8634,1.212308,0.006613,0.942551
35029,"Luna, New Mexico",11508,1.237498,0.002651,0.08494
35031,"McKinley, New Mexico",25057,1.046143,0.004569,0.033287
35033,"Mora, New Mexico",2866,,0.002325,0.002325
35035,"Otero, New Mexico",32210,1.729618,0.004028,0.070393
35037,"Quay, New Mexico",5471,1.172073,0.001415,0.048156
35039,"Rio Arriba, New Mexico",19545,0.786841,0.003213,0.026709
35041,"Roosevelt, New Mexico",8483,1.601946,0.001984,0.138872
35043,"Sandoval, New Mexico",58603,1.437445,0.004851,0.476928
35045,"San Juan, New Mexico",47744,0.857051,0.00475,0.140772
35047,"San Miguel, New Mexico",14768,1.641785,0.002463,0.062285
35049,"Santa Fe, New Mexico",76877,1.508184,0.02244,0.349971
35051,"Sierra, New Mexico",8056,1.062495,0.000918,0.124047
35053,"Socorro, New Mexico",7573,1.122733,0.000866,0.034513
35055,"Taos, New Mexico",20904,0.713211,0.0088,0.053749
35057,"Torrance, New Mexico",7169,,0.003349,0.003349
35059,"Union, New Mexico",2077,,0.000848,0.000848
35061,"Valencia, New Mexico",29929,0.842228,0.013203,0.252323
36001,"Albany, New York",146131,1.664426,0.05419,1.203735
36003,"Allegany, New York",23454,1.164427,0.031661,0.047704
36005,"Bronx *, New York",547030,21.53442,0.00063,21.534009
36007,"Broome, New York",92569,1.688144,0.05629,0.722371
36009,"Cattaraugus, New York",40152,1.141248,0.031688,0.11067
36011,"Cayuga, New York",36660,1.823951,0.049106,0.222817
36013,"Chautauqua, New York",66247,1.468829,0.041629,0.341091
36015,"Chemung, New York",38985,1.456525,0.039529,0.604522
36017,"Chenango, New York",24210,1.908116,0.035596,0.067891
36019,"Clinton, New York",37315,0.88842,0.03648,0.117261
36021,"Columbia, New York",33226,1.4331,0.067997,0.116681
36023,"Cortland, New York",20814,1.646103,0.031725,0.250786
36025,"Delaware, New York",29953,1.358593,0.030049,0.040061
36027,"Dutchess, New York",122009,0.93185,0.096385,0.437443
36029,"Erie, New York",438747,2.053914,0.089889,1.51524
36031,"Essex, New York",25123,1.294652,0.018612,0.035397
36033,"Franklin, New York",25318,1.455603,0.017464,0.06137
36035,"Fulton, New York",28087,1.340138,0.048061,0.233076
36037,"Genesee, New York",26013,1.48825,0.0502,0.197976
36039,"Greene, New York",28926,0.800224,0.057163,0.095749
36041,"Hamilton, New York",7826,,0.00712,0.00712
36043,"Herkimer, New York",32335,1.687197,0.02036,0.139967
36045,"Jefferson, New York",61604,1.164074,0.042987,0.189703
36047,"Kings, New York",1077654,25.078241,,25.078241
36049,"Lewis, New York",15464,,0.018956,0.018956
36051,"Livingston, New York",27113,1.177841,0.048479,0.121868
36053,"Madison, New York",30551,1.290841,0.049959,0.144836
36055,"Monroe, New York",336262,1.753915,0.10423,1.41774
36057,"Montgomery, New York",22857,1.50028,0.037525,0.3322
36059,"Nassau, New York",476732,3.025138,0.090839,2.974491
36061,"New York, New York",913926,63.029338,,63.029338
36063,"Niagara, New York",100156,1.581955,0.095263,0.731996
36065,"Oneida, New York",104919,1.489256,0.049172,0.464008
36067,"Onondaga, New York",211343,1.617872,0.079536,1.043793
36069,"Ontario, New York",52585,1.065329,0.060061,0.301285
36071,"Orange, New York",146879,1.136199,0.093517,0.577473
36073,"Orleans, New York",18209,1.478028,0.05083,0.145322
36075,"Oswego, New York",54470,1.34851,0.058902,0.180107
36077,"Otsego, New York",29838,1.374439,0.036997,0.079253
36079,"Putnam, New York",38308,0.749248,0.119334,0.389247
36081,"Queens *, New York",896333,13.492537,0.007928,13.489738
36083,"Rensselaer, New York",74197,1.34283,0.062808,0.501289
36085,"Richmond, New York",183692,5.061588,,5.061588
36087,"Rockland, New York",108068,1.382777,0.016482,1.352064
36089,"St. Lawrence, New York",51612,1.351302,0.022051,0.067472
36091,"Saratoga, New York",109919,1.049814,0.069649,0.490141
36093,"Schenectady, New York",70794,1.893482,0.062689,1.414042
36095,"Schoharie, New York",16449,0.851209,0.035653,0.056197
36097,"Schuyler, New York",9621,,0.045784,0.045784
36099,"Seneca, New York",16096,1.268127,0.04429,0.197405
36101,"Steuben, New York",47327,1.50606,0.031087,0.161238
36103,"Suffolk, New York",578940,1.353949,0.103704,1.252944
36105,"Sullivan, New York",49125,1.19481,0.064196,0.115575
36107,"Tioga, New York",21787,1.049196,0.043772,0.131998
36109,"Tompkins, New York",46884,1.592606,0.075864,0.385373
36111,"Ulster, New York",85853,1.084042,0.073224,0.223647
36113,"Warren, New York",39928,0.990039,0.030803,0.238803
36115,"Washington, New York",28998,1.378253,0.041819,0.096809
36117,"Wayne, New York",42257,0.950277,0.083577,0.156635
36119,"Westchester, New York",388963,2.283587,0.151964,2.026437
36121,"Wyoming, New York",18186,1.280029,0.041857,0.065551
36123,"Yates, New York",13037,1.227284,0.038968,0.137139
37001,"Alamance, North Carolina",73385,1.0924,0.088009,0.559187
37003,"Alexander, North Carolina",15960,0.482141,0.087175,0.10545
37005,"Alleghany, North Carolina",7666,,0.051007,0.051007
37007,"Anson, North Carolina",9834,0.617574,0.022223,0.049353
37009,"Ashe, North Carolina",16935,,0.062076,0.062076
37011,"Avery, North Carolina",13827,,0.087349,0.087349
37013,"Beaufort, North Carolina",24090,0.773905,0.030295,0.092125
37015,"Bertie, North Carolina",8936,,0.01997,0.01997
37017,"Bladen, North Carolina",15131,,0.027019,0.027019
37019,"Brunswick, North Carolina",88330,0.979351,0.051041,0.432468
37021,"Buncombe, North Carolina",129141,0.932123,0.08929,0.562489
37023,"Burke, North Carolina",39525,0.530823,0.064574,0.199671
37025,"Cabarrus, North Carolina",87410,0.944314,0.098844,0.636071
37027,"Caldwell, North Carolina",36931,0.577481,0.061341,0.214161
37029,"Camden, North Carolina",4119,0.62986,0.025157,0.030827
37031,"Carteret, North Carolina",50846,1.20327,0.039533,0.553784
37033,"Caswell, North Carolina",10444,0.409347,0.038314,0.038445
37035,"Catawba, North Carolina",70744,0.733395,0.127507,0.397577
37037,"Chatham, North Carolina",33947,1.056189,0.050723,0.153949
37039,"Cherokee, North Carolina",17863,,0.06127,0.06127
37041,"Chowan, North Carolina",7131,1.028814,0.044083,0.12509
37043,"Clay, North Carolina",7295,,0.05302,0.05302
37045,"Cleveland, North Carolina",43630,0.730529,0.0968,0.214143
37047,"Columbus, North Carolina",23433,0.826131,0.034861,0.049617
37049,"Craven, North Carolina",46800,0.831633,0.03958,0.285089
37051,"Cumberland, North Carolina",142175,1.15931,0.060841,0.782824
37053,"Currituck, North Carolina",15989,0.760172,0.074114,0.131744
37055,"Dare, North Carolina",34237,1.328866,0.036012,0.564416
37057,"Davidson, North Carolina",74536,0.667949,0.121871,0.292747
37059,"Davie, North Carolina",18753,0.710803,0.08124,0.15694
37061,"Duplin, North Carolina",23704,,0.04546,0.04546
37063,"Durham, North Carolina",144559,1.484637,0.068655,1.301514
37065,"Edgecombe, North Carolina",23059,1.145654,0.032311,0.240554
37067,"Forsyth, North Carolina",170176,1.061645,0.112553,0.898147
37069,"Franklin, North Carolina",29358,0.578907,0.074706,0.119289
37071,"Gaston, North Carolina",98136,0.96339,0.128394,0.657012
37073,"Gates, North Carolina",4767,,0.021868,0.021868
37075,"Graham, North Carolina",5212,,0.027893,0.027893
37077,"Granville, North Carolina",24214,0.791461,0.050609,0.118071
37079,"Greene, North Carolina",7846,,0.045961,0.045961
37081,"Guilford, North Carolina",232277,1.334065,0.117852,0.965692
37083,"Halifax, North Carolina",24735,1.135276,0.032108,0.138686
37085,"Harnett, North Carolina",52876,0.759898,0.095918,0.199561
37087,"Haywood, North Carolina",34889,0.793075,0.050022,0.213529
37089,"Henderson, North Carolina",56434,0.735203,0.102982,0.374176
37091,"Hertford, North Carolina",9803,1.084306,0.033475,0.075917
37093,"Hoke, North Carolina",20083,0.730843,0.036929,0.202244
37095,"Hyde, North Carolina",3146,,0.008028,0.008028
37097,"Iredell, North Carolina",79372,0.812327,0.084769,0.392496
37099,"Jackson, North Carolina",26649,0.660949,0.06827,0.111791
37101,"Johnston, North Carolina",84340,0.757709,0.098617,0.256217
37103,"Jones, North Carolina",4635,,0.015364,0.015364
37105,"Lee, North Carolina",26583,0.695631,0.080014,0.277328
37107,"Lenoir, North Carolina",26577,0.958921,0.063893,0.195832
37109,"Lincoln, North Carolina",37170,0.555691,0.157728,0.222847
37111,"McDowell, North Carolina",21242,0.656724,0.056839,0.110032
37113,"Macon, North Carolina",26948,0.560663,0.068332,0.101065
37115,"Madison, North Carolina",11045,,0.038384,0.038384
37117,"Martin, North Carolina",11080,0.925142,0.028593,0.069163
37119,"Mecklenburg, North Carolina",478966,1.598923,0.095479,1.565319
37121,"Mitchell, North Carolina",8638,,0.061003,0.061003
37123,"Montgomery, North Carolina",14773,,0.04696,0.04696
37125,"Moore, North Carolina",48237,0.823479,0.055696,0.225759
37127,"Nash, North Carolina",43154,1.004531,0.063205,0.271163
37129,"New Hanover, North Carolina",113368,1.53248,0.043659,1.430007
37131,"Northampton, North Carolina",10570,0.865237,0.027896,0.038871
37133,"Onslow, North Carolina",84180,0.81911,0.074395,0.333813
37135,"Orange, North Carolina",61211,1.407713,0.081225,0.603247
37137,"Pamlico, North Carolina",7118,,0.03305,0.03305
37139,"Pasquotank, North Carolina",17410,0.997607,0.053885,0.294561
37141,"Pender, North Carolina",29927,0.713474,0.030396,0.126937
37143,"Perquimans, North Carolina",6866,,0.043403,0.043403
37145,"Person, North Carolina",18284,0.885638,0.055686,0.111525
37147,"Pitt, North Carolina",80515,1.374683,0.052317,0.622316
37149,"Polk, North Carolina",10775,0.755128,0.06458,0.08188
37151,"Randolph, North Carolina",62024,0.833739,0.079008,0.202831
37153,"Richmond, North Carolina",19605,0.749747,0.029501,0.184173
37155,"Robeson, North Carolina",48426,0.788609,0.061451,0.116355
37157,"Rockingham, North Carolina",43431,0.89138,0.074222,0.208731
37159,"Rowan, North Carolina",63200,0.775582,0.095367,0.319495
37161,"Rutherford, North Carolina",32444,0.577382,0.0653,0.127299
37163,"Sampson, North Carolina",25481,0.709399,0.035615,0.057818
37165,"Scotland, North Carolina",14348,0.877828,0.035555,0.185197
37167,"Stanly, North Carolina",27685,0.735272,0.081941,0.152532
37169,"Stokes, North Carolina",21160,0.740541,0.060757,0.097668
37171,"Surry, North Carolina",33436,0.65652,0.075918,0.131752
37173,"Swain, North Carolina",8341,,0.024696,0.024696
37175,"Transylvania, North Carolina",19025,0.743864,0.053343,0.132704
37177,"Tyrrell, North Carolina",1999,,0.007993,0.007993
37179,"Union, North Carolina",83788,0.754981,0.076581,0.380863
37181,"Vance, North Carolina",19276,0.852579,0.068794,0.219359
37183,"Wake, North Carolina",462582,1.337413,0.107691,1.186085
37185,"Warren, North Carolina",11309,,0.041152,0.041152
37187,"Washington, North Carolina",6039,,0.027231,0.027231
37189,"Watauga, North Carolina",32637,0.960504,0.105964,0.252706
37191,"Wayne, North Carolina",52551,0.749447,0.084412,0.243524
37193,"Wilkes, North Carolina",31545,0.42943,0.048555,0.091437
37195,"Wilson, North Carolina",36252,1.28069,0.060957,0.421004
37197,"Yadkin, North Carolina",16946,,0.079053,0.079053
37199,"Yancey, North Carolina",11230,,0.056133,0.056133
38001,"Adams, North Dakota",1364,,0.002158,0.002158
38003,"Barnes, North Dakota",5671,1.421657,0.0024,0.108548
38005,"Benson, North Dakota",2542,,0.00286,0.00286
38007,"Billings, North Dakota",567,,0.000771,0.000771
38009,"Bottineau, North Dakota",3931,,0.00368,0.00368
38011,"Bowman, North Dakota",1633,,0.002196,0.002196
38013,"Burke, North Dakota",1378,,0.001951,0.001951
38015,"Burleigh, North Dakota",42692,1.726794,0.008148,0.605563
38017,"Cass, North Dakota",85397,2.058677,0.006101,1.307606
38019,"Cavalier, North Dakota",2097,,0.0022,0.0022
38021,"Dickey, North Dakota",2383,,0.003291,0.003291
38023,"Divide, North Dakota",1397,,0.001731,0.001731
38025,"Dunn, North Dakota",2105,,0.001638,0.001638
38027,"Eddy, North Dakota",1240,,0.003074,0.003074
38029,"Emmons, North Dakota",2047,,0.002118,0.002118
38031,"Foster, North Dakota",1773,,0.004369,0.004369
38033,"Golden Valley, North Dakota",899,,0.001403,0.001403
38035,"Grand Forks, North Dakota",33428,1.998467,0.00633,0.745099
38037,"Grant, North Dakota",1649,,0.001553,0.001553
38039,"Griggs, North Dakota",1378,,0.003038,0.003038
38041,"Hettinger, North Dakota",1399,,0.001931,0.001931
38043,"Kidder, North Dakota",1631,,0.001886,0.001886
38045,"LaMoure, North Dakota",2064,,0.002814,0.002814
38047,"Logan, North Dakota",1078,,0.001697,0.001697
38049,"McHenry, North Dakota",2818,,0.00235,0.00235
38051,"McIntosh, North Dakota",1704,,0.002732,0.002732
38053,"McKenzie, North Dakota",7661,0.713578,0.002195,0.038555
38055,"McLean, North Dakota",5728,,0.004241,0.004241
38057,"Mercer, North Dakota",4657,,0.006978,0.006978
38059,"Morton, North Dakota",15107,1.572247,0.003474,0.280543
38061,"Mountrail, North Dakota",5018,,0.004296,0.004296
38063,"Nelson, North Dakota",1791,,0.00285,0.00285
38065,"Oliver, North Dakota",912,,0.001973,0.001973
38067,"Pembina, North Dakota",3499,,0.004888,0.004888
38069,"Pierce, North Dakota",2040,,0.00313,0.00313
38071,"Ramsey, North Dakota",5843,1.166652,0.002722,0.138286
38073,"Ransom, North Dakota",2536,,0.004594,0.004594
38075,"Renville, North Dakota",1282,,0.002283,0.002283
38077,"Richland, North Dakota",7501,1.207943,0.004311,0.062208
38079,"Rolette, North Dakota",4581,,0.007926,0.007926
38081,"Sargent, North Dakota",1999,,0.003638,0.003638
38083,"Sheridan, North Dakota",808,,0.001299,0.001299
38085,"Sioux, North Dakota",1277,,0.001824,0.001824
38087,"Slope, North Dakota",409,,0.000526,0.000526
38089,"Stark, North Dakota",15381,1.516493,0.004116,0.397667
38091,"Steele, North Dakota",1091,,0.002394,0.002394
38093,"Stutsman, North Dakota",10374,1.240145,0.002055,0.205815
38095,"Towner, North Dakota",1290,,0.001966,0.001966
38097,"Traill, North Dakota",3649,,0.006615,0.006615
38099,"Walsh, North Dakota",5202,,0.006342,0.006342
38101,"Ward, North Dakota",32176,1.435828,0.006032,0.389683
38103,"Wells, North Dakota",2338,,0.002875,0.002875
38105,"Williams, North Dakota",20227,1.046624,0.004246,0.22869
39001,"Adams, Ohio",12692,,0.033965,0.033965
39003,"Allen, Ohio",44563,1.005897,0.055847,0.443769
39005,"Ashland, Ohio",22471,1.420129,0.051122,0.192259
39007,"Ashtabula, Ohio",46237,1.05086,0.053464,0.241446
39009,"Athens, Ohio",26386,1.583228,0.043979,0.242103
39011,"Auglaize, Ohio",19873,1.240236,0.030241,0.307296
39013,"Belmont, Ohio",31618,1.512202,0.054824,0.224428
39015,"Brown, Ohio",19324,0.946108,0.058735,0.067654
39017,"Butler, Ohio",153741,1.294333,0.076809,0.988353
39019,"Carroll, Ohio",13395,,0.053039,0.053039
39021,"Champaign, Ohio",16862,1.284385,0.041642,0.130336
39023,"Clark, Ohio",60987,1.372891,0.066515,0.663471
39025,"Clermont, Ohio",86363,1.008585,0.099457,0.551423
39027,"Clinton, Ohio",17906,0.926821,0.048063,0.12177
39029,"Columbiana, Ohio",46091,1.053607,0.075853,0.263915
39031,"Coshocton, Ohio",16324,1.202829,0.02897,0.114272
39033,"Crawford, Ohio",19865,1.308601,0.025521,0.375577
39035,"Cuyahoga, Ohio",615825,2.309259,0.109338,2.275458
39037,"Darke, Ohio",22599,1.584024,0.040042,0.134826
39039,"Defiance, Ohio",16539,1.008974,0.033483,0.173416
39041,"Delaware, Ohio",81854,1.253135,0.069658,0.709789
39043,"Erie, Ohio",38262,1.359248,0.071703,0.627932
39045,"Fairfield, Ohio",62466,1.421045,0.07194,0.518036
39047,"Fayette, Ohio",12663,1.471898,0.022489,0.220961
39049,"Franklin, Ohio",580903,2.328668,0.072827,2.235266
39051,"Fulton, Ohio",17689,0.987555,0.056529,0.094904
39053,"Gallia, Ohio",13430,0.67893,0.035557,0.068249
39055,"Geauga, Ohio",37419,0.571869,0.120127,0.170587
39057,"Greene, Ohio",71336,1.250411,0.06439,0.69585
39059,"Guernsey, Ohio",19009,1.04877,0.035579,0.132037
39061,"Hamilton, Ohio",379015,1.959408,0.11365,1.845591
39063,"Hancock, Ohio",33655,1.387343,0.029308,0.469415
39065,"Hardin, Ohio",12883,1.426614,0.023792,0.15117
39067,"Harrison, Ohio",7379,,0.028657,0.028657
39069,"Henry, Ohio",12036,1.027454,0.030246,0.100631
39071,"Highland, Ohio",18981,1.31238,0.038583,0.106906
39073,"Hocking, Ohio",12987,1.281883,0.03487,0.096941
39075,"Holmes, Ohio",14588,,0.053935,0.053935
39077,"Huron, Ohio",25499,1.377508,0.041259,0.242952
39079,"Jackson, Ohio",14399,1.164072,0.033431,0.131871
39081,"Jefferson, Ohio",31125,1.109806,0.049328,0.332944
39083,"Knox, Ohio",25797,1.392308,0.052498,0.153816
39085,"Lake, Ohio",105315,1.266207,0.100881,1.071079
39087,"Lawrence, Ohio",26501,1.210063,0.041529,0.278785
39089,"Licking, Ohio",72709,1.18655,0.059439,0.450961
39091,"Logan, Ohio",23657,1.592822,0.038386,0.283599
39093,"Lorain, Ohio",134341,1.316181,0.074757,0.919611
39095,"Lucas, Ohio",200147,1.788121,0.079088,1.56082
39097,"Madison, Ohio",16216,1.181599,0.033393,0.137732
39099,"Mahoning, Ohio",107989,1.331958,0.081061,0.885885
39101,"Marion, Ohio",27348,1.51757,0.038449,0.42421
39103,"Medina, Ohio",75169,1.237025,0.109122,0.55151
39105,"Meigs, Ohio",10649,1.348976,0.033511,0.055636
39107,"Mercer, Ohio",17888,1.415931,0.042253,0.125574
39109,"Miami, Ohio",46766,1.460549,0.057882,0.565305
39111,"Monroe, Ohio",7133,0.195113,0.024099,0.024954
39113,"Montgomery, Ohio",251523,1.698227,0.081834,1.457959
39115,"Morgan, Ohio",7232,,0.027136,0.027136
39117,"Morrow *, Ohio",14472,0.398587,0.055674,0.055682
39119,"Muskingum, Ohio",38358,1.104892,0.04505,0.239197
39121,"Noble, Ohio",5751,,0.022577,0.022577
39123,"Ottawa, Ohio",28596,0.918309,0.090882,0.313152
39125,"Paulding, Ohio",8490,,0.031855,0.031855
39127,"Perry, Ohio",14962,1.324642,0.045387,0.093874
39129,"Pickaway, Ohio",22372,1.133451,0.039556,0.178119
39131,"Pike, Ohio",11979,1.039144,0.033295,0.071956
39133,"Portage, Ohio",70672,0.928339,0.098823,0.406161
39135,"Preble, Ohio",18093,1.237391,0.05005,0.115034
39137,"Putnam, Ohio",13824,0.765624,0.037489,0.06277
39139,"Richland, Ohio",54522,1.106182,0.060206,0.445326
39141,"Ross, Ohio",32066,1.226053,0.044596,0.168527
39143,"Sandusky, Ohio",26479,1.162462,0.044676,0.297234
39145,"Scioto, Ohio",33108,1.253696,0.046665,0.216976
39147,"Seneca, Ohio",23934,1.457256,0.030536,0.267905
39149,"Shelby, Ohio",20059,1.38622,0.042399,0.212816
39151,"Stark, Ohio",166799,1.18747,0.093191,0.83568
39153,"Summit, Ohio",246473,1.244904,0.112579,1.149314
39155,"Trumbull, Ohio",94394,1.075023,0.071474,0.54641
39157,"Tuscarawas, Ohio",40817,1.390397,0.056429,0.297733
39159,"Union, Ohio",23141,1.070494,0.040902,0.232227
39161,"Van Wert, Ohio",12540,1.358892,0.023434,0.193245
39163,"Vinton, Ohio",5923,0.981099,0.021164,0.026464
39165,"Warren, Ohio",93276,1.043213,0.088275,0.680201
39167,"Washington, Ohio",27987,1.11737,0.040237,0.170343
39169,"Wayne, Ohio",46555,1.033873,0.07097,0.265514
39171,"Williams, Ohio",16561,1.356263,0.0457,0.112629
39173,"Wood, Ohio",56863,0.951317,0.047499,0.393277
39175,"Wyandot, Ohio",9839,1.024,0.026036,0.084013
40001,"Adair, Oklahoma",8059,,0.021942,0.021942
40003,"Alfalfa, Oklahoma",2479,,0.00447,0.00447
40005,"Atoka, Oklahoma",5981,,0.009581,0.009581
40007,"Beaver, Oklahoma",2460,,0.002118,0.002118
40009,"Beckham, Oklahoma",10123,0.995141,0.007672,0.121065
40011,"Blaine, Oklahoma",4590,,0.007724,0.007724
40013,"Bryan, Oklahoma",20366,1.074851,0.021202,0.104181
40015,"Caddo, Oklahoma",11544,1.671988,0.011381,0.030126
40017,"Canadian, Oklahoma",60434,1.270695,0.020364,0.60329
40019,"Carter, Oklahoma",21561,1.042438,0.02234,0.133261
40021,"Cherokee, Oklahoma",22033,1.095557,0.029133,0.11397
40023,"Choctaw, Oklahoma",7066,0.989587,0.009292,0.04872
40025,"Cimarron, Oklahoma",1359,,0.001157,0.001157
40027,"Cleveland, Oklahoma",121539,1.729423,0.059765,1.080148
40029,"Coal, Oklahoma",2569,,0.007768,0.007768
40031,"Comanche, Oklahoma",52603,1.335891,0.019195,0.485046
40033,"Cotton, Oklahoma",2689,,0.006641,0.006641
40035,"Craig, Oklahoma",6369,0.819871,0.008032,0.048649
40037,"Creek, Oklahoma",31053,0.776612,0.032832,0.106839
40039,"Custer, Oklahoma",12932,1.335245,0.006137,0.269825
40041,"Delaware, Oklahoma",24086,0.654841,0.042244,0.069889
40043,"Dewey, Oklahoma",2176,,0.003401,0.003401
40045,"Ellis, Oklahoma",2128,,0.0027,0.0027
40047,"Garfield, Oklahoma",27846,1.1913,0.008145,0.455983
40049,"Garvin, Oklahoma",12054,1.395938,0.018085,0.049741
40051,"Grady, Oklahoma",23024,1.124569,0.022929,0.075098
40053,"Grant, Oklahoma",2160,,0.003373,0.003373
40055,"Greer, Oklahoma",2615,,0.006391,0.006391
40057,"Harmon, Oklahoma",1345,,0.003912,0.003912
40059,"Harper, Oklahoma",1714,,0.002579,0.002579
40061,"Haskell, Oklahoma",5646,,0.015296,0.015296
40063,"Hughes, Oklahoma",5766,1.267003,0.007281,0.044733
40065,"Jackson, Oklahoma",12017,0.917534,0.005605,0.277013
40067,"Jefferson, Oklahoma",2728,,0.005616,0.005616
40069,"Johnston, Oklahoma",4682,,0.011376,0.011376
40071,"Kay, Oklahoma",20968,1.110161,0.010668,0.285134
40073,"Kingfisher, Oklahoma",6394,,0.011124,0.011124
40075,"Kiowa, Oklahoma",4681,,0.007205,0.007205
40077,"Latimer, Oklahoma",4669,,0.010103,0.010103
40079,"Le Flore, Oklahoma",21032,0.801021,0.016718,0.035623
40081,"Lincoln, Oklahoma",14456,,0.023754,0.023754
40083,"Logan, Oklahoma",19307,0.731115,0.025281,0.093968
40085,"Love, Oklahoma",4703,,0.014299,0.014299
40087,"McClain, Oklahoma",16421,0.993119,0.038862,0.061393
40089,"McCurtain, Oklahoma",13888,0.94062,0.009629,0.022026
40091,"McIntosh, Oklahoma",11755,,0.029707,0.029707
40093,"Major, Oklahoma",3713,,0.006075,0.006075
40095,"Marshall, Oklahoma",8709,,0.03663,0.03663
40097,"Mayes, Oklahoma",18263,0.919066,0.033796,0.072801
40099,"Murray, Oklahoma",6508,1.04281,0.016392,0.065632
40101,"Muskogee, Oklahoma",29278,0.860987,0.02483,0.191877
40103,"Noble, Oklahoma",5057,1.179983,0.006002,0.063443
40105,"Nowata, Oklahoma",4351,0.648585,0.011155,0.014998
40107,"Okfuskee, Oklahoma",4778,,0.012071,0.012071
40109,"Oklahoma, Oklahoma",352544,1.642444,0.093183,1.355244
40111,"Okmulgee, Oklahoma",16624,0.997704,0.019564,0.131286
40113,"Osage, Oklahoma",19602,0.984573,0.010054,0.033915
40115,"Ottawa, Oklahoma",13714,1.171447,0.023061,0.166447
40117,"Pawnee, Oklahoma",7276,,0.020003,0.020003
40119,"Payne, Oklahoma",36708,1.206599,0.02709,0.374832
40121,"Pittsburg, Oklahoma",22046,0.898824,0.015884,0.081486
40123,"Pontotoc, Oklahoma",17406,0.948924,0.019365,0.134082
40125,"Pottawatomie, Oklahoma",29973,1.238495,0.03047,0.194079
40127,"Pushmataha, Oklahoma",5672,,0.006351,0.006351
40129,"Roger Mills, Oklahoma",1852,,0.002536,0.002536
40131,"Rogers, Oklahoma",37798,0.774158,0.049858,0.175617
40133,"Seminole, Oklahoma",10712,0.834605,0.019528,0.053407
40135,"Sequoyah, Oklahoma",18030,0.986447,0.034142,0.064754
40137,"Stephens, Oklahoma",20322,1.161553,0.018613,0.145756
40139,"Texas, Oklahoma",8443,1.502076,0.002926,0.089603
40141,"Tillman, Oklahoma",3778,,0.006776,0.006776
40143,"Tulsa, Oklahoma",292375,1.619829,0.068942,1.403437
40145,"Wagoner, Oklahoma",32529,0.94578,0.036589,0.274337
40147,"Washington, Oklahoma",23713,1.529807,0.021701,0.568805
40149,"Washita, Oklahoma",5121,,0.007977,0.007977
40151,"Woods, Oklahoma",4456,1.130106,0.002216,0.08868
40153,"Woodward, Oklahoma",9386,0.986898,0.004622,0.122641
41001,"Baker, Oregon",8609,1.572828,0.002091,0.067121
41003,"Benton, Oregon",40150,2.233669,0.018233,0.897578
41005,"Clackamas, Oregon",170094,1.689014,0.026656,0.818536
41007,"Clatsop, Oregon",23017,1.514371,0.016907,0.271455
41009,"Columbia, Oregon",21697,1.165051,0.021703,0.226937
41011,"Coos, Oregon",31378,1.309916,0.012074,0.213167
41013,"Crook, Oregon",11159,1.010971,0.003083,0.048236
41015,"Curry, Oregon",13018,1.310363,0.006768,0.076523
41017,"Deschutes, Oregon",94110,1.684846,0.017384,0.339801
41019,"Douglas, Oregon",49774,1.39311,0.006397,0.152031
41021,"Gilliam, Oregon",1095,,0.00142,0.00142
41023,"Grant, Oregon",4112,,0.001419,0.001419
41025,"Harney, Oregon",3694,1.065014,0.000252,0.026407
41027,"Hood River, Oregon",10126,1.447224,0.015031,0.15388
41029,"Jackson, Oregon",96239,1.758295,0.011624,0.61307
41031,"Jefferson, Oregon",10250,1.045835,0.00626,0.029893
41033,"Josephine, Oregon",38748,1.304212,0.016621,0.188999
41035,"Klamath, Oregon",32730,1.260913,0.003589,0.110125
41037,"Lake, Oregon",4195,,0.000805,0.000805
41039,"Lane, Oregon",166226,2.196597,0.010648,0.829453
41041,"Lincoln, Oregon",32066,1.416128,0.016056,0.358779
41043,"Linn, Oregon",51921,1.716044,0.011977,0.327975
41045,"Malheur, Oregon",11615,1.15814,0.001016,0.023583
41047,"Marion, Oregon",128541,2.023872,0.027961,1.05239
41049,"Morrow, Oregon",4717,,0.00363,0.00363
41051,"Multnomah, Oregon",363996,3.504775,0.024249,3.309218
41053,"Polk, Oregon",33828,2.432593,0.014725,0.868892
41055,"Sherman, Oregon",918,,0.001742,0.001742
41057,"Tillamook, Oregon",18919,1.690542,0.015134,0.120283
41059,"Umatilla, Oregon",31098,1.072001,0.00542,0.163711
41061,"Union, Oregon",11649,1.679913,0.003846,0.123724
41063,"Wallowa, Oregon",4326,,0.002149,0.002149
41065,"Wasco, Oregon",11996,1.470432,0.003147,0.126972
41067,"Washington, Oregon",236678,2.96558,0.031956,2.339155
41069,"Wheeler, Oregon",935,,0.000851,0.000851
41071,"Yamhill, Oregon",40123,1.805829,0.024878,0.557959
42001,"Adams, Pennsylvania",43007,1.262724,0.084494,0.231535
42003,"Allegheny, Pennsylvania",602095,1.721898,0.100366,1.623053
42005,"Armstrong, Pennsylvania",32106,1.353995,0.049824,0.166057
42007,"Beaver, Pennsylvania",78944,1.054005,0.095987,0.549323
42009,"Bedford, Pennsylvania",23489,0.965517,0.032586,0.046482
42011,"Berks, Pennsylvania",170742,1.658828,0.094862,0.783068
42013,"Blair, Pennsylvania",55700,1.347845,0.044386,0.588132
42015,"Bradford, Pennsylvania",29363,1.483021,0.029472,0.084307
42017,"Bucks, Pennsylvania",255632,1.344054,0.125699,1.043925
42019,"Butler, Pennsylvania",85019,0.92714,0.08026,0.325797
42021,"Cambria, Pennsylvania",64395,1.459377,0.065657,0.393457
42023,"Cameron, Pennsylvania",3932,,0.015505,0.015505
42025,"Carbon, Pennsylvania",34152,1.764449,0.089987,0.275624
42027,"Centre, Pennsylvania",65408,1.841152,0.033845,0.445057
42029,"Chester, Pennsylvania",208240,0.936548,0.12556,0.652761
42031,"Clarion, Pennsylvania",18829,1.272074,0.042061,0.069153
42033,"Clearfield, Pennsylvania",38078,1.168928,0.031963,0.132713
42035,"Clinton, Pennsylvania",18603,1.08486,0.017172,0.127223
42037,"Columbia, Pennsylvania",29654,1.308875,0.045328,0.284517
42039,"Crawford, Pennsylvania",42063,1.056853,0.043152,0.132005
42041,"Cumberland, Pennsylvania",109125,1.374929,0.076054,0.772866
42043,"Dauphin, Pennsylvania",126514,1.468334,0.069404,0.946702
42045,"Delaware, Pennsylvania",229208,2.184763,0.106062,2.144226
42047,"Elk, Pennsylvania",16836,1.075418,0.019411,0.095552
42049,"Erie, Pennsylvania",119791,1.754109,0.057837,0.824693
42051,"Fayette, Pennsylvania",61800,1.020738,0.06909,0.242159
42053,"Forest, Pennsylvania",6949,,0.025413,0.025413
42055,"Franklin, Pennsylvania",66368,1.045665,0.062182,0.311436
42057,"Fulton, Pennsylvania",7100,,0.025354,0.025354
42059,"Greene, Pennsylvania",16138,1.204558,0.035576,0.070243
42061,"Huntingdon, Pennsylvania",20807,1.341548,0.030998,0.058814
42063,"Indiana, Pennsylvania",37626,1.334205,0.042025,0.180712
42065,"Jefferson, Pennsylvania",22005,1.181394,0.038715,0.09889
42067,"Juniata, Pennsylvania",10431,,0.041642,0.041642
42069,"Lackawanna, Pennsylvania",99815,1.699433,0.071086,0.976081
42071,"Lancaster, Pennsylvania",216502,1.400251,0.107466,0.752948
42073,"Lawrence, Pennsylvania",39492,1.142443,0.076015,0.386072
42075,"Lebanon, Pennsylvania",59084,1.414979,0.071608,0.686688
42077,"Lehigh, Pennsylvania",149830,1.547199,0.107986,1.197598
42079,"Luzerne, Pennsylvania",150693,1.574868,0.066971,0.786543
42081,"Lycoming, Pennsylvania",52625,1.415374,0.027413,0.294481
42083,"McKean, Pennsylvania",19416,1.359332,0.023169,0.065756
42085,"Mercer, Pennsylvania",50828,1.154288,0.057891,0.288504
42087,"Mifflin, Pennsylvania",21313,1.344649,0.04307,0.22767
42089,"Monroe, Pennsylvania",79114,0.860029,0.133078,0.28507
42091,"Montgomery, Pennsylvania",346877,1.427377,0.148828,1.328798
42093,"Montour, Pennsylvania",8083,1.465264,0.050259,0.270298
42095,"Northampton, Pennsylvania",127584,1.418709,0.132824,0.951766
42097,"Northumberland, Pennsylvania",43300,2.034296,0.049348,0.62518
42099,"Perry, Pennsylvania",19842,0.748056,0.052578,0.063267
42101,"Philadelphia, Pennsylvania",726797,8.452294,,8.452294
42103,"Pike, Pennsylvania",39676,0.895742,0.098575,0.137283
42105,"Potter, Pennsylvania",12345,,0.01784,0.01784
42107,"Schuylkill, Pennsylvania",67128,1.936345,0.061113,0.429394
42109,"Snyder, Pennsylvania",15978,0.95633,0.055035,0.12669
42111,"Somerset, Pennsylvania",37713,1.070682,0.043677,0.086008
42113,"Sullivan, Pennsylvania",5574,,0.019357,0.019357
42115,"Susquehanna, Pennsylvania",21259,,0.040337,0.040337
42117,"Tioga, Pennsylvania",21503,,0.029633,0.029633
42119,"Union, Pennsylvania",16082,0.947813,0.05076,0.155386
42121,"Venango, Pennsylvania",26156,1.245925,0.035214,0.1639
42123,"Warren, Pennsylvania",21587,1.408269,0.025415,0.099454
42125,"Washington, Pennsylvania",96791,1.001405,0.064743,0.413321
42127,"Wayne, Pennsylvania",31910,1.205278,0.060365,0.088478
42129,"Westmoreland, Pennsylvania",167776,1.073881,0.081975,0.542703
42131,"Wyoming, Pennsylvania",12819,0.75291,0.048942,0.053276
42133,"York, Pennsylvania",187187,1.248301,0.111777,0.633234
44001,"Bristol, Rhode Island",21504,1.639338,0.103103,1.58623
44003,"Kent, Rhode Island",76084,1.546969,0.073505,1.290331
44005,"Newport, Rhode Island",43422,1.276753,0.131153,1.002666
44007,"Providence, Rhode Island",276770,2.422207,0.087873,2.060985
44009,"Washington, Rhode Island",65694,0.996776,0.127313,0.514062
45001,"Abbeville, South Carolina",11540,0.737441,0.029036,0.058696
45003,"Aiken, South Carolina",76923,0.877376,0.044906,0.294153
45005,"Allendale, South Carolina",4040,,0.015468,0.015468
45007,"Anderson, South Carolina",89123,0.695756,0.095876,0.308582
45009,"Bamberg, South Carolina",6558,,0.026049,0.026049
45011,"Barnwell, South Carolina",9854,,0.028077,0.028077
45013,"Beaufort, South Carolina",98068,0.956947,0.068385,0.564697
45015,"Berkeley, South Carolina",93623,1.214232,0.033346,0.530313
45017,"Calhoun, South Carolina",7024,,0.028794,0.028794
45019,"Charleston, South Carolina",201884,1.493547,0.038335,1.081429
45021,"Cherokee, South Carolina",24713,0.882975,0.066198,0.1651
45023,"Chester, South Carolina",14601,1.016611,0.028586,0.077791
45025,"Chesterfield, South Carolina",20408,0.806574,0.033197,0.058097
45027,"Clarendon, South Carolina",15816,0.858745,0.035439,0.054462
45029,"Colleton, South Carolina",19824,0.815238,0.023218,0.049755
45031,"Darlington, South Carolina",29379,0.765378,0.048297,0.161918
45033,"Dillon, South Carolina",12779,0.976217,0.034578,0.097229
45035,"Dorchester, South Carolina",64608,1.375315,0.030595,0.766856
45037,"Edgefield, South Carolina",11022,0.60529,0.030421,0.043771
45039,"Fairfield, South Carolina",10838,0.96657,0.019279,0.046175
45041,"Florence, South Carolina",60594,0.975386,0.048854,0.310685
45043,"Georgetown, South Carolina",35916,1.037513,0.026306,0.271022
45045,"Greenville, South Carolina",226215,1.116838,0.080174,0.825577
45047,"Greenwood, South Carolina",31323,0.83751,0.046393,0.264355
45049,"Hampton, South Carolina",8584,,0.023952,0.023952
45051,"Horry, South Carolina",203702,1.43802,0.062133,0.801471
45053,"Jasper, South Carolina",12862,1.285547,0.026463,0.045609
45055,"Kershaw, South Carolina",28874,0.602421,0.034977,0.130871
45057,"Lancaster, South Carolina",41030,0.838637,0.047575,0.288541
45059,"Laurens, South Carolina",31276,0.780731,0.046247,0.122913
45061,"Lee, South Carolina",7549,,0.028756,0.028756
45063,"Lexington, South Carolina",127887,0.803997,0.097977,0.473514
45065,"McCormick, South Carolina",5380,,0.023425,0.023425
45067,"Marion, South Carolina",14253,0.966412,0.027393,0.117927
45069,"Marlboro, South Carolina",12029,0.935931,0.024183,0.101634
45071,"Newberry, South Carolina",18213,0.811246,0.032275,0.084087
45073,"Oconee, South Carolina",40788,0.607465,0.07021,0.149487
45075,"Orangeburg, South Carolina",41197,0.81088,0.039657,0.10891
45077,"Pickens, South Carolina",56385,0.896974,0.079367,0.34497
45079,"Richland, South Carolina",182408,1.353691,0.041912,1.014626
45081,"Saluda, South Carolina",9267,1.003344,0.031566,0.033074
45083,"Spartanburg, South Carolina",137009,0.702964,0.105584,0.403808
45085,"Sumter, South Carolina",46753,0.834592,0.041049,0.298513
45087,"Union, South Carolina",13451,0.822156,0.026735,0.091252
45089,"Williamsburg, South Carolina",14737,0.796217,0.020428,0.038888
45091,"York, South Carolina",114656,0.9503,0.074671,0.539193
46003,"Aurora, South Dakota",1260,,0.002779,0.002779
46005,"Beadle, South Dakota",8396,1.23067,0.002724,0.251477
46007,"Bennett, South Dakota",1177,,0.001552,0.001552
46009,"Bon Homme, South Dakota",2810,,0.007791,0.007791
46011,"Brookings, South Dakota",14849,1.426455,0.009436,0.289675
46013,"Brown, South Dakota",17885,1.48947,0.004266,0.326157
46015,"Brule, South Dakota",2344,,0.004482,0.004482
46017,"Buffalo, South Dakota",570,,0.001889,0.001889
46019,"Butte, South Dakota",4673,1.297703,0.001598,0.04812
46021,"Campbell, South Dakota",900,,0.001917,0.001917
46023,"Charles Mix, South Dakota",3625,,0.005161,0.005161
46025,"Clark, South Dakota",1603,,0.002616,0.002616
46027,"Clay, South Dakota",6180,1.812714,0.005951,0.4303
46029,"Codington, South Dakota",13211,1.238089,0.007882,0.336168
46031,"Corson, South Dakota",1362,,0.000862,0.000862
46033,"Custer, South Dakota",4837,,0.004854,0.004854
46035,"Davison, South Dakota",9484,1.319848,0.006543,0.485845
46037,"Day, South Dakota",3395,,0.005158,0.005158
46039,"Deuel, South Dakota",2132,,0.005349,0.005349
46041,"Dewey, South Dakota",1923,,0.001305,0.001305
46043,"Douglas, South Dakota",1341,,0.004852,0.004852
46045,"Edmunds, South Dakota",1940,,0.002692,0.002692
46047,"Fall River, South Dakota",4081,,0.003665,0.003665
46049,"Faulk, South Dakota",1022,,0.001627,0.001627
46051,"Grant, South Dakota",3426,,0.007856,0.007856
46053,"Gregory, South Dakota",2186,,0.003365,0.003365
46055,"Haakon, South Dakota",931,,0.000803,0.000803
46057,"Hamlin, South Dakota",2759,,0.008503,0.008503
46059,"Hand, South Dakota",1705,,0.001854,0.001854
46061,"Hanson, South Dakota",1279,,0.004599,0.004599
46063,"Harding, South Dakota",720,,0.000421,0.000421
46065,"Hughes, South Dakota",7922,1.028954,0.004083,0.270525
46067,"Hutchinson, South Dakota",3212,,0.006173,0.006173
46069,"Hyde, South Dakota",626,,0.001137,0.001137
46071,"Jackson, South Dakota",1064,,0.000892,0.000892
46073,"Jerauld, South Dakota",952,,0.002827,0.002827
46075,"Jones, South Dakota",504,,0.000812,0.000812
46077,"Kingsbury, South Dakota",2615,,0.00491,0.00491
46079,"Lake, South Dakota",5658,1.062898,0.007628,0.098425
46081,"Lawrence, South Dakota",14163,1.197235,0.010214,0.211548
46083,"Lincoln, South Dakota",26227,1.800164,0.018139,0.575743
46085,"Lyman, South Dakota",1546,,0.001471,0.001471
46087,"McCook, South Dakota",2448,,0.006661,0.006661
46089,"McPherson, South Dakota",1258,,0.001729,0.001729
46091,"Marshall, South Dakota",2394,,0.004463,0.004463
46093,"Meade, South Dakota",12357,1.112102,0.001933,0.123142
46095,"Mellette, South Dakota",775,,0.000926,0.000926
46097,"Miner, South Dakota",1189,,0.003258,0.003258
46099,"Minnehaha, South Dakota",83717,1.860014,0.022842,1.04884
46101,"Moody, South Dakota",2728,,0.008207,0.008207
46102,"Oglala Lakota, South Dakota",3454,,0.002578,0.002578
46103,"Pennington, South Dakota",49153,1.180317,0.005446,0.417601
46105,"Perkins, South Dakota",1710,,0.000931,0.000931
46107,"Potter, South Dakota",1569,,0.002847,0.002847
46109,"Roberts, South Dakota",4788,,0.006795,0.006795
46111,"Sanborn, South Dakota",1134,,0.003113,0.003113
46115,"Spink, South Dakota",2983,,0.0031,0.0031
46117,"Stanley, South Dakota",1427,0.538214,0.000467,0.064016
46119,"Sully, South Dakota",892,,0.001384,0.001384
46121,"Todd, South Dakota",2875,,0.003235,0.003235
46123,"Tripp, South Dakota",2762,,0.002676,0.002676
46125,"Turner, South Dakota",3871,,0.009802,0.009802
46127,"Union, South Dakota",7215,0.84897,0.014309,0.080257
46129,"Walworth, South Dakota",2927,,0.006454,0.006454
46135,"Yankton, South Dakota",10372,1.29797,0.010058,0.276498
46137,"Ziebach, South Dakota",882,,0.000703,0.000703
47001,"Anderson, Tennessee",35143,0.763297,0.067935,0.319317
47003,"Bedford, Tennessee",19685,1.019994,0.037634,0.158929
47005,"Benton, Tennessee",8485,,0.033623,0.033623
47007,"Bledsoe, Tennessee",5870,,0.02256,0.02256
47009,"Blount, Tennessee",59776,0.748007,0.074988,0.306971
47011,"Bradley, Tennessee",44781,0.869276,0.081022,0.409675
47013,"Campbell, Tennessee",19941,0.61596,0.036134,0.137307
47015,"Cannon, Tennessee",6355,,0.037381,0.037381
47017,"Carroll, Tennessee",13084,0.882221,0.028731,0.050633
47019,"Carter, Tennessee",27779,0.745121,0.059312,0.257289
47021,"Cheatham, Tennessee",16785,,0.086698,0.086698
47023,"Chester, Tennessee",7212,0.612447,0.028382,0.070014
47025,"Claiborne, Tennessee",15321,0.605441,0.040782,0.08642
47027,"Clay, Tennessee",3941,,0.026033,0.026033
47029,"Cocke, Tennessee",17808,0.871962,0.045066,0.112782
47031,"Coffee, Tennessee",24946,0.890601,0.043509,0.227504
47033,"Crockett, Tennessee",6071,,0.035725,0.035725
47035,"Cumberland, Tennessee",30479,0.642652,0.037539,0.151695
47037,"Davidson, Tennessee",328309,1.687052,0.072525,1.537537
47039,"Decatur, Tennessee",6557,,0.030686,0.030686
47041,"DeKalb, Tennessee",9867,0.806119,0.040594,0.075807
47043,"Dickson, Tennessee",22551,0.687561,0.050534,0.116819
47045,"Dyer, Tennessee",16218,0.924077,0.026733,0.142926
47047,"Fayette, Tennessee",17554,0.730538,0.029799,0.065104
47049,"Fentress, Tennessee",9201,,0.028833,0.028833
47051,"Franklin, Tennessee",19395,0.71093,0.037533,0.099279
47053,"Gibson, Tennessee",22313,0.979967,0.04024,0.110835
47055,"Giles, Tennessee",13915,1.169527,0.02614,0.073383
47057,"Grainger, Tennessee",11644,0.434111,0.055925,0.077284
47059,"Greene, Tennessee",32154,0.725346,0.057156,0.12796
47061,"Grundy, Tennessee",6196,,0.026859,0.026859
47063,"Hamblen, Tennessee",27376,0.709787,0.085513,0.436807
47065,"Hamilton, Tennessee",162268,1.019741,0.090213,0.772353
47067,"Hancock, Tennessee",3669,,0.025786,0.025786
47069,"Hardeman, Tennessee",10655,0.80322,0.019367,0.045402
47071,"Hardin, Tennessee",15063,0.724944,0.03006,0.071854
47073,"Hawkins, Tennessee",27053,0.631116,0.057311,0.140424
47075,"Haywood, Tennessee",8240,0.945925,0.011199,0.1244
47077,"Henderson, Tennessee",12867,0.724705,0.02977,0.064016
47079,"Henry, Tennessee",16937,0.815386,0.03365,0.086949
47081,"Hickman, Tennessee",10457,,0.026677,0.026677
47083,"Houston, Tennessee",3936,,0.030705,0.030705
47085,"Humphreys, Tennessee",8849,,0.02605,0.02605
47087,"Jackson, Tennessee",5819,,0.029444,0.029444
47089,"Jefferson, Tennessee",24828,0.819351,0.113307,0.177938
47091,"Johnson, Tennessee",8723,,0.04567,0.04567
47093,"Knox, Tennessee",210972,1.080028,0.125728,0.894429
47095,"Lake, Tennessee",2500,,0.023562,0.023562
47097,"Lauderdale, Tennessee",10653,0.660597,0.025229,0.066333
47099,"Lawrence, Tennessee",18658,0.851242,0.034444,0.085178
47101,"Lewis, Tennessee",5690,,0.031517,0.031517
47103,"Lincoln, Tennessee",15958,0.605288,0.031202,0.076367
47105,"Loudon, Tennessee",24559,0.661153,0.069097,0.303798
47107,"McMinn, Tennessee",23934,0.722767,0.055374,0.152072
47109,"McNairy, Tennessee",12268,,0.034057,0.034057
47111,"Macon, Tennessee",10649,0.810217,0.04085,0.088555
47113,"Madison, Tennessee",43656,1.051224,0.03538,0.429049
47115,"Marion, Tennessee",13578,0.788641,0.039006,0.050867
47117,"Marshall, Tennessee",14302,0.867048,0.038819,0.120277
47119,"Maury, Tennessee",43143,1.030975,0.041465,0.333691
47121,"Meigs, Tennessee",6042,,0.04838,0.04838
47123,"Monroe, Tennessee",21286,0.618201,0.03968,0.080597
47125,"Montgomery, Tennessee",85714,1.112517,0.052344,0.658126
47127,"Moore, Tennessee",2960,0.419595,0.035758,0.035847
47129,"Morgan, Tennessee",8502,,0.02544,0.02544
47131,"Obion, Tennessee",14314,0.977584,0.02468,0.111178
47133,"Overton, Tennessee",10329,,0.037231,0.037231
47135,"Perry, Tennessee",4797,,0.018071,0.018071
47137,"Pickett, Tennessee",3342,,0.03204,0.03204
47139,"Polk, Tennessee",8561,,0.030779,0.030779
47141,"Putnam, Tennessee",35295,0.762372,0.057615,0.292026
47143,"Rhea, Tennessee",15163,0.729727,0.055614,0.114605
47145,"Roane, Tennessee",25374,0.578294,0.062294,0.183749
47147,"Robertson, Tennessee",28459,0.886931,0.051697,0.198785
47149,"Rutherford, Tennessee",131216,1.183886,0.064868,0.767321
47151,"Scott, Tennessee",9802,,0.028773,0.028773
47153,"Sequatchie, Tennessee",6925,,0.040701,0.040701
47155,"Sevier, Tennessee",56240,0.651441,0.094756,0.214004
47157,"Shelby, Tennessee",400189,1.565724,0.050615,1.411511
47159,"Smith, Tennessee",8513,,0.042322,0.042322
47161,"Stewart, Tennessee",6669,,0.022664,0.022664
47163,"Sullivan, Tennessee",75476,0.807668,0.09965,0.470952
47165,"Sumner, Tennessee",78995,1.000206,0.069613,0.519045
47167,"Tipton, Tennessee",23945,0.803669,0.056117,0.138866
47169,"Trousdale, Tennessee",3749,,0.051231,0.051231
47171,"Unicoi, Tennessee",8702,1.068176,0.040008,0.187403
47173,"Union, Tennessee",9569,,0.066872,0.066872
47175,"Van Buren, Tennessee",2901,,0.016578,0.016578
47177,"Warren, Tennessee",18088,0.857413,0.040354,0.137487
47179,"Washington, Tennessee",60546,0.94321,0.094191,0.529991
47181,"Wayne, Tennessee",7178,,0.015278,0.015278
47183,"Weakley, Tennessee",14945,0.894217,0.028045,0.082832
47185,"White, Tennessee",11938,0.555525,0.039734,0.069661
47187,"Williamson, Tennessee",91133,1.01056,0.058046,0.585329
47189,"Wilson, Tennessee",58152,0.828144,0.062813,0.340199
48001,"Anderson, Texas",20131,0.801182,0.018411,0.079269
48003,"Andrews, Texas",7020,0.951906,0.001281,0.300911
48005,"Angelina, Texas",36480,0.753943,0.038496,0.163397
48007,"Aransas, Texas",15500,0.798113,0.024031,0.36056
48009,"Archer, Texas",3865,1.086016,0.005934,0.010694
48011,"Armstrong, Texas",842,,0.001447,0.001447
48013,"Atascosa, Texas",18777,0.977638,0.016921,0.057574
48015,"Austin, Texas",13779,0.747321,0.02697,0.051934
48017,"Bailey, Texas",2746,1.131022,0.00152,0.163984
48019,"Bandera, Texas",11400,,0.022519,0.022519
48021,"Bastrop, Texas",36683,0.760681,0.046952,0.105393
48023,"Baylor, Texas",2094,,0.003772,0.003772
48025,"Bee, Texas",10562,1.512261,0.00796,0.165622
48027,"Bell, Texas",147599,1.491418,0.033562,0.89746
48029,"Bexar, Texas",794173,2.056311,0.076312,1.798471
48031,"Blanco, Texas",6056,,0.013342,0.013342
48033,"Borden, Texas",359,,0.000625,0.000625
48035,"Bosque, Texas",9284,,0.014757,0.014757
48037,"Bowie, Texas",39536,0.810265,0.026653,0.236389
48039,"Brazoria, Texas",141493,1.176368,0.040641,0.553914
48041,"Brazos, Texas",96710,1.655877,0.031608,1.090423
48043,"Brewster, Texas",5930,1.199829,0.000667,0.042768
48045,"Briscoe, Texas",874,,0.001517,0.001517
48047,"Brooks, Texas",3095,1.448696,0.001773,0.143231
48049,"Brown, Texas",18897,1.127327,0.015323,0.141336
48051,"Burleson, Texas",9351,,0.022169,0.022169
48053,"Burnet, Texas",23436,1.007404,0.024906,0.084943
48055,"Caldwell, Texas",16379,0.914709,0.024862,0.14243
48057,"Calhoun, Texas",10539,0.787276,0.017395,0.106385
48059,"Callahan, Texas",6487,,0.01127,0.01127
48061,"Cameron, Texas",154905,1.666783,0.048272,0.968378
48063,"Camp, Texas",5774,,0.046066,0.046066
48065,"Carson, Texas",2776,,0.004713,0.004713
48067,"Cass, Texas",13870,0.610132,0.018833,0.036685
48069,"Castro, Texas",3016,,0.005269,0.005269
48071,"Chambers, Texas",16933,0.338821,0.026963,0.079131
48073,"Cherokee, Texas",20838,0.821837,0.022922,0.059427
48075,"Childress, Texas",2824,1.114277,0.001185,0.31133
48077,"Clay, Texas",5129,,0.007361,0.007361
48079,"Cochran, Texas",1242,,0.002504,0.002504
48081,"Coke, Texas",2130,,0.003651,0.003651
48083,"Coleman, Texas",4875,1.193085,0.003405,0.043991
48085,"Collin, Texas",403481,1.962794,0.066719,1.618829
48087,"Collingsworth, Texas",1481,,0.00252,0.00252
48089,"Colorado, Texas",9992,,0.016258,0.016258
48091,"Comal, Texas",69939,1.129821,0.097642,0.372982
48093,"Comanche, Texas",6912,,0.011517,0.011517
48095,"Concho, Texas",1407,,0.002235,0.002235
48097,"Cooke, Texas",17716,1.101144,0.019831,0.091295
48099,"Coryell, Texas",28717,0.999684,0.010095,0.349077
48101,"Cottle, Texas",891,,0.001546,0.001546
48103,"Crane, Texas",1823,,0.003628,0.003628
48105,"Crockett, Texas",1592,,0.000886,0.000886
48107,"Crosby, Texas",2652,,0.004603,0.004603
48109,"Culberson, Texas",1070,,0.000439,0.000439
48111,"Dallam, Texas",3039,1.526838,0.000812,0.220508
48113,"Dallas, Texas",1038656,2.300964,0.047385,2.256718
48115,"Dawson, Texas",4859,1.421487,0.001582,0.399403
48117,"Deaf Smith, Texas",6974,1.341204,0.001308,0.38824
48119,"Delta, Texas",2420,,0.014723,0.014723
48121,"Denton, Texas",348275,1.855137,0.061043,1.471417
48123,"DeWitt, Texas",9182,1.040415,0.009149,0.068112
48125,"Dickens, Texas",1165,,0.002019,0.002019
48127,"Dimmit, Texas",3980,0.910869,0.001781,0.08546
48129,"Donley, Texas",1942,,0.003274,0.003274
48131,"Duval, Texas",4396,,0.00383,0.00383
48133,"Eastland, Texas",9341,,0.015753,0.015753
48135,"Ector, Texas",66086,1.216382,0.010572,0.816627
48137,"Edwards, Texas",963,,0.00071,0.00071
48139,"Ellis, Texas",68531,0.805018,0.038112,0.322481
48141,"El Paso, Texas",317894,1.949073,0.0214,1.679176
48143,"Erath, Texas",18325,1.407776,0.014374,0.118935
48145,"Falls, Texas",7420,0.925497,0.01024,0.044762
48147,"Fannin, Texas",14640,1.038142,0.019931,0.049125
48149,"Fayette, Texas",13122,0.939258,0.017879,0.035758
48151,"Fisher, Texas",2109,,0.003666,0.003666
48153,"Floyd, Texas",2603,,0.004099,0.004099
48155,"Foard, Texas",571,,0.001267,0.001267
48157,"Fort Bend, Texas",277910,1.653946,0.036199,1.360691
48159,"Franklin, Texas",5089,,0.02796,0.02796
48161,"Freestone, Texas",9030,,0.016075,0.016075
48163,"Frio, Texas",6340,0.870866,0.004604,0.055749
48165,"Gaines, Texas",7642,1.29869,0.00504,0.038729
48167,"Galveston, Texas",156191,1.419067,0.060103,1.198943
48169,"Garza, Texas",2126,,0.003718,0.003718
48171,"Gillespie, Texas",14128,1.242391,0.011756,0.091636
48173,"Glasscock, Texas",525,,0.000911,0.000911
48175,"Goliad, Texas",3503,,0.006424,0.006424
48177,"Gonzales, Texas",8919,1.040861,0.00885,0.041745
48179,"Gray, Texas",9996,1.59283,0.002695,0.579766
48181,"Grayson, Texas",58572,1.166769,0.049372,0.254643
48183,"Gregg, Texas",53212,0.778706,0.060807,0.555912
48185,"Grimes, Texas",12029,0.668751,0.018035,0.044689
48187,"Guadalupe, Texas",64482,1.223549,0.039825,0.507469
48189,"Hale, Texas",13396,1.202854,0.006803,0.226424
48191,"Hall, Texas",1744,,0.003084,0.003084
48193,"Hamilton, Texas",4331,,0.008096,0.008096
48195,"Hansford, Texas",2280,,0.003873,0.003873
48197,"Hardeman, Texas",1804,,0.004055,0.004055
48199,"Hardin, Texas",24003,0.735596,0.022266,0.121856
48201,"Harris, Texas",1842683,2.205052,0.072564,2.127723
48203,"Harrison, Texas",29223,0.674315,0.02965,0.115288
48205,"Hartley, Texas",1930,1.619281,0.000749,0.099941
48207,"Haskell, Texas",3073,,0.005317,0.005317
48209,"Hays, Texas",93534,1.63942,0.071238,0.640912
48211,"Hemphill, Texas",1631,,0.002812,0.002812
48213,"Henderson, Texas",40643,0.862008,0.049145,0.131417
48215,"Hidalgo, Texas",294902,1.285684,0.026264,0.977038
48217,"Hill, Texas",16178,0.867258,0.021115,0.045063
48219,"Hockley, Texas",9173,1.315115,0.006552,0.147774
48221,"Hood, Texas",28321,0.916681,0.043852,0.282167
48223,"Hopkins, Texas",15671,0.944499,0.018843,0.096691
48225,"Houston, Texas",10758,0.673128,0.010122,0.030486
48227,"Howard, Texas",14000,0.865398,0.004557,0.330698
48229,"Hudspeth, Texas",1107,,0.000378,0.000378
48231,"Hunt, Texas",40570,1.129397,0.04762,0.161079
48233,"Hutchinson, Texas",10166,1.043337,0.006901,0.153822
48235,"Irion, Texas",785,,0.001166,0.001166
48237,"Jack, Texas",3785,,0.006492,0.006492
48239,"Jackson, Texas",6996,0.964249,0.008288,0.049177
48241,"Jasper, Texas",16172,0.55574,0.0213,0.043241
48243,"Jeff Davis, Texas",1510,,0.001042,0.001042
48245,"Jefferson, Texas",108330,1.170485,0.018504,0.835393
48247,"Jim Hogg, Texas",2242,,0.003083,0.003083
48249,"Jim Wells, Texas",16156,1.240821,0.014965,0.132156
48251,"Johnson, Texas",65625,1.022399,0.068194,0.306449
48253,"Jones, Texas",7037,,0.011841,0.011841
48255,"Karnes, Texas",5796,,0.012111,0.012111
48257,"Kaufman, Texas",51228,1.086688,0.046494,0.281055
48259,"Kendall, Texas",18330,1.166307,0.025493,0.126766
48261,"Kenedy, Texas",196,,0.00021,0.00021
48263,"Kent, Texas",522,,0.000904,0.000904
48265,"Kerr, Texas",25200,1.070879,0.0148,0.187865
48267,"Kimble, Texas",2767,,0.003456,0.003456
48269,"King, Texas",171,,0.000293,0.000293
48271,"Kinney, Texas",1521,,0.001747,0.001747
48273,"Kleberg, Texas",13948,1.390699,0.004779,0.471939
48275,"Knox, Texas",1801,,0.003308,0.003308
48277,"Lamar, Texas",22644,1.100348,0.018089,0.16979
48279,"Lamb, Texas",5882,1.341296,0.005103,0.058384
48281,"Lampasas, Texas",9704,1.15855,0.014282,0.061722
48283,"La Salle, Texas",2582,,0.002714,0.002714
48285,"Lavaca, Texas",10456,1.497834,0.014296,0.029118
48287,"Lee, Texas",7860,,0.019524,0.019524
48289,"Leon, Texas",8895,,0.012951,0.012951
48291,"Liberty, Texas",33182,0.866936,0.033649,0.077868
48293,"Limestone, Texas",10368,0.93762,0.013307,0.040219
48295,"Lipscomb, Texas",1558,,0.002611,0.002611
48297,"Live Oak, Texas",5927,,0.008907,0.008907
48299,"Llano, Texas",15242,0.724683,0.013425,0.091953
48301,"Loving, Texas",34,,7.9e-05,7.9e-05
48303,"Lubbock, Texas",132209,1.711576,0.025391,1.139188
48305,"Lynn, Texas",2527,,0.004427,0.004427
48307,"McCulloch, Texas",4220,1.350194,0.002488,0.108137
48309,"McLennan, Texas",105817,1.374733,0.040863,0.605076
48311,"McMullen, Texas",405,,0.000555,0.000555
48313,"Madison, Texas",5054,,0.016944,0.016944
48315,"Marion, Texas",5540,,0.022726,0.022726
48317,"Martin, Texas",2114,,0.00361,0.00361
48319,"Mason, Texas",2467,,0.00415,0.00415
48321,"Matagorda, Texas",18476,1.302775,0.014135,0.118461
48323,"Maverick, Texas",20072,1.3822,0.001697,0.875655
48325,"Medina, Texas",19594,1.1499,0.019558,0.036922
48327,"Menard, Texas",1329,,0.002302,0.002302
48329,"Midland, Texas",70309,1.259444,0.016368,0.739028
48331,"Milam, Texas",11541,1.092683,0.010498,0.071255
48333,"Mills, Texas",2529,,0.005281,0.005281
48335,"Mitchell, Texas",3684,1.013929,0.003229,0.054176
48337,"Montague, Texas",10248,0.901621,0.013082,0.036589
48339,"Montgomery, Texas",238489,1.02942,0.106646,0.629164
48341,"Moore, Texas",8188,1.782348,0.004463,0.27476
48343,"Morris, Texas",5789,,0.035896,0.035896
48345,"Motley, Texas",703,,0.00111,0.00111
48347,"Nacogdoches, Texas",28877,0.934886,0.023601,0.158764
48349,"Navarro, Texas",21385,0.940789,0.018921,0.104327
48351,"Newton, Texas",6376,,0.01067,0.01067
48353,"Nolan, Texas",7123,1.042265,0.003607,0.197983
48355,"Nueces, Texas",151255,1.710836,0.017778,1.34133
48357,"Ochiltree, Texas",4332,1.405862,0.001286,0.417299
48359,"Oldham, Texas",732,,0.000762,0.000762
48361,"Orange, Texas",37313,0.73282,0.070687,0.330001
48363,"Palo Pinto, Texas",15079,1.179362,0.015132,0.083918
48365,"Panola, Texas",10733,0.595019,0.015339,0.040396
48367,"Parker, Texas",57427,0.760761,0.065801,0.162448
48369,"Parmer, Texas",3737,,0.006629,0.006629
48371,"Pecos, Texas",5795,0.954918,0.000702,0.066734
48373,"Polk, Texas",24622,0.538824,0.033098,0.043328
48375,"Potter, Texas",48692,1.347656,0.009367,0.797346
48377,"Presidio, Texas",3194,,0.001295,0.001295
48379,"Rains, Texas",5816,,0.039605,0.039605
48381,"Randall, Texas",60599,1.954372,0.017086,0.927182
48383,"Reagan, Texas",1474,,0.00196,0.00196
48385,"Real, Texas",1656,,0.003701,0.003701
48387,"Red River, Texas",6134,,0.009181,0.009181
48389,"Reeves, Texas",5068,0.856501,0.000497,0.250544
48391,"Refugio, Texas",3252,,0.006595,0.006595
48393,"Roberts, Texas",430,,0.000727,0.000727
48395,"Robertson, Texas",8422,,0.015388,0.015388
48397,"Rockwall, Texas",38219,1.138392,0.091503,0.831634
48399,"Runnels, Texas",4986,,0.007412,0.007412
48401,"Rusk, Texas",21107,0.708913,0.025627,0.06766
48403,"Sabine, Texas",7563,,0.024033,0.024033
48405,"San Augustine, Texas",4733,,0.013936,0.013936
48407,"San Jacinto, Texas",13778,,0.037819,0.037819
48409,"San Patricio, Texas",29424,1.198422,0.018688,0.38888
48411,"San Saba, Texas",2832,,0.003898,0.003898
48413,"Schleicher, Texas",1285,,0.001532,0.001532
48415,"Scurry, Texas",6889,1.038357,0.003663,0.184764
48417,"Shackelford, Texas",1570,,0.002683,0.002683
48419,"Shelby, Texas",11420,0.523237,0.018123,0.035372
48421,"Sherman, Texas",1150,,0.001947,0.001947
48423,"Smith, Texas",97539,1.012495,0.063381,0.392451
48425,"Somervell, Texas",3928,,0.032931,0.032931
48427,"Starr, Texas",22980,1.298908,0.008796,0.297802
48429,"Stephens, Texas",4654,0.850696,0.00353,0.079153
48431,"Sterling, Texas",579,,0.00098,0.00098
48433,"Stonewall, Texas",840,,0.001432,0.001432
48435,"Sutton, Texas",1878,,0.002018,0.002018
48437,"Swisher, Texas",3034,,0.005326,0.005326
48439,"Tarrant, Texas",808364,1.831876,0.081985,1.765144
48441,"Taylor, Texas",60817,1.273585,0.01886,0.623873
48443,"Terrell, Texas",650,,0.000431,0.000431
48445,"Terry, Texas",4789,1.263825,0.002235,0.236936
48447,"Throckmorton, Texas",964,,0.001651,0.001651
48449,"Titus, Texas",12013,0.691541,0.025333,0.119524
48451,"Tom Green, Texas",51406,1.376746,0.008483,0.62381
48453,"Travis, Texas",562488,2.063299,0.063148,1.781581
48455,"Trinity, Texas",8173,,0.018406,0.018406
48457,"Tyler, Texas",9406,,0.015899,0.015899
48459,"Upshur, Texas",17347,0.727534,0.038122,0.066759
48461,"Upton, Texas",1523,,0.001917,0.001917
48463,"Uvalde, Texas",10034,1.314148,0.003897,0.140663
48465,"Val Verde, Texas",18455,1.311684,0.001333,0.484667
48467,"Van Zandt, Texas",25537,,0.047357,0.047357
48469,"Victoria, Texas",38958,1.328682,0.019126,0.428948
48471,"Walker, Texas",28632,1.438049,0.026453,0.234719
48473,"Waller, Texas",19522,0.567187,0.04651,0.084083
48475,"Ward, Texas",5139,0.860003,0.002113,0.23214
48477,"Washington, Texas",16838,1.117395,0.024987,0.130977
48479,"Webb, Texas",84763,1.946258,0.002269,1.328842
48481,"Wharton, Texas",17296,1.136031,0.01196,0.130534
48483,"Wheeler, Texas",2598,,0.004439,0.004439
48485,"Wichita, Texas",55519,1.306149,0.015452,0.833808
48487,"Wilbarger, Texas",5836,1.218131,0.002137,0.289974
48489,"Willacy, Texas",6770,1.106779,0.007423,0.141864
48491,"Williamson, Texas",237680,1.681706,0.035616,1.199357
48493,"Wilson, Texas",18983,0.993247,0.032298,0.050249
48495,"Winkler, Texas",3218,1.480363,0.001072,0.406667
48497,"Wise, Texas",26813,0.657662,0.042092,0.055045
48499,"Wood, Texas",22129,0.689347,0.047965,0.064779
48501,"Yoakum, Texas",3009,,0.005879,0.005879
48503,"Young, Texas",8539,1.271462,0.008096,0.077977
48505,"Zapata, Texas",6159,1.462221,0.002386,0.300933
48507,"Zavala, Texas",3920,1.177955,0.00151,0.140878
49001,"Beaver, Utah",2863,,0.001732,0.001732
49003,"Box Elder, Utah",19517,1.132783,0.00167,0.146602
49005,"Cache, Utah",43774,1.228663,0.008737,0.60664
49007,"Carbon, Utah",9579,0.92622,0.003841,0.117125
49009,"Daggett, Utah",1138,,0.002551,0.002551
49011,"Davis, Utah",115217,1.590835,0.007037,1.529118
49013,"Duchesne, Utah",8725,1.134828,0.003099,0.014831
49015,"Emery, Utah",4069,,0.001425,0.001425
49017,"Garfield, Utah",3501,,0.001057,0.001057
49019,"Grand, Utah",5192,0.983516,0.000437,0.214262
49021,"Iron, Utah",21752,1.224275,0.003534,0.166791
49023,"Juab, Utah",3816,0.941624,0.000784,0.040054
49025,"Kane, Utah",6004,,0.002351,0.002351
49027,"Millard, Utah",4907,,0.00113,0.00113
49029,"Morgan, Utah",3703,,0.009498,0.009498
49031,"Piute, Utah",848,,0.001747,0.001747
49033,"Rich, Utah",3100,,0.004708,0.004708
49035,"Salt Lake, Utah",428279,2.205806,0.013603,2.107353
49037,"San Juan, Utah",5489,,0.001097,0.001097
49039,"Sanpete, Utah",10237,1.503704,0.008419,0.019715
49041,"Sevier, Utah",8517,0.995099,0.004507,0.030551
49043,"Summit, Utah",25674,1.288329,0.008972,0.164582
49045,"Tooele, Utah",23002,1.17324,0.001006,0.299078
49047,"Uintah, Utah",13657,0.77042,0.002051,0.060469
49049,"Utah, Utah",192570,1.668855,0.006828,1.32792
49051,"Wasatch, Utah",14462,1.016152,0.007697,0.146706
49053,"Washington, Utah",74530,1.39227,0.007306,0.640749
49055,"Wayne, Utah",1678,,0.001065,0.001065
49057,"Weber, Utah",95614,1.412054,0.022704,1.045936
50001,"Addison, Vermont",17385,0.692137,0.031684,0.044691
50003,"Bennington, Vermont",20815,0.824722,0.034576,0.088128
50005,"Caledonia, Vermont",15997,1.201153,0.032737,0.057122
50007,"Chittenden, Vermont",73085,1.265728,0.061101,0.590891
50009,"Essex, Vermont",4867,,0.011478,0.011478
50011,"Franklin, Vermont",22642,1.026112,0.043685,0.090595
50013,"Grand Isle, Vermont",5265,,0.100607,0.100607
50015,"Lamoille, Vermont",13878,,0.04691,0.04691
50017,"Orange, Vermont",14953,,0.033999,0.033999
50019,"Orleans, Vermont",16376,,0.036842,0.036842
50021,"Rutland, Vermont",33869,1.15654,0.040439,0.110603
50023,"Washington, Vermont",30645,1.09622,0.047766,0.1341
50025,"Windham, Vermont",29916,1.498502,0.045792,0.104959
50027,"Windsor, Vermont",34625,0.87294,0.04613,0.078953
51001,"Accomack, Virginia",21703,1.575118,0.061801,0.113801
51003,"Albemarle, Virginia",47291,1.389531,0.044458,0.333309
51005,"Alleghany, Virginia",7934,0.887204,0.01487,0.102547
51007,"Amelia, Virginia",5704,,0.02508,0.02508
51009,"Amherst, Virginia",14232,0.508345,0.030606,0.08655
51011,"Appomattox, Virginia",7301,,0.034132,0.034132
51013,"Arlington, Virginia",119085,7.157263,,7.157263
51015,"Augusta, Virginia",32590,0.628239,0.044743,0.068607
51017,"Bath, Virginia",3239,,0.009563,0.009563
51019,"Bedford, Virginia",37249,0.625898,0.057764,0.11007
51021,"Bland, Virginia",3200,,0.01398,0.01398
51023,"Botetourt, Virginia",14888,0.46157,0.027329,0.081609
51025,"Brunswick, Virginia",7893,,0.02178,0.02178
51027,"Buchanan, Virginia",10323,,0.032076,0.032076
51029,"Buckingham, Virginia",7133,,0.019229,0.019229
51031,"Campbell, Virginia",25060,0.786129,0.046236,0.156869
51033,"Caroline, Virginia",12415,,0.036784,0.036784
51035,"Carroll, Virginia",16579,0.679797,0.053471,0.056515
51036,"Charles City, Virginia",3245,,0.027722,0.027722
51037,"Charlotte, Virginia",5956,,0.01958,0.01958
51041,"Chesterfield, Virginia",138691,0.991994,0.076537,0.811322
51043,"Clarke, Virginia",6371,,0.056582,0.056582
51045,"Craig, Virginia",2584,,0.012306,0.012306
51047,"Culpeper, Virginia",19185,1.343806,0.047008,0.192247
51049,"Cumberland, Virginia",4636,0.827822,0.022639,0.029364
51051,"Dickenson, Virginia",7344,,0.034725,0.034725
51053,"Dinwiddie, Virginia",11803,0.587483,0.027406,0.06146
51057,"Essex, Virginia",5742,,0.034865,0.034865
51059,"Fairfax, Virginia",427149,2.113664,0.118585,2.02915
51061,"Fauquier, Virginia",28249,0.809942,0.042592,0.136535
51063,"Floyd, Virginia",7924,,0.032503,0.032503
51065,"Fluvanna, Virginia",11127,1.067147,0.037878,0.138446
51067,"Franklin, Virginia",28131,0.59782,0.058369,0.072281
51069,"Frederick, Virginia",35827,0.967288,0.061375,0.307258
51071,"Giles, Virginia",8285,,0.036239,0.036239
51073,"Gloucester, Virginia",17049,0.951609,0.09084,0.177187
51075,"Goochland, Virginia",10550,0.566988,0.052929,0.06776
51077,"Grayson *, Virginia",8924,1.050177,0.031555,0.03158
51079,"Greene, Virginia",8464,,0.084804,0.084804
51081,"Greensville, Virginia",4001,0.428492,0.018298,0.02863
51083,"Halifax, Virginia",17275,0.941783,0.026092,0.056514
51085,"Hanover, Virginia",43184,0.821154,0.060062,0.311861
51087,"Henrico, Virginia",140739,1.516712,0.087053,1.363566
51089,"Henry, Virginia",25422,0.473897,0.073445,0.140205
51091,"Highland, Virginia",1787,,0.006726,0.006726
51093,"Isle of Wight, Virginia",16441,0.839629,0.049818,0.159628
51095,"James City, Virginia",33993,0.871502,0.080028,0.631396
51097,"King and Queen, Virginia",3454,,0.017125,0.017125
51099,"King George, Virginia",10322,,0.089786,0.089786
51101,"King William, Virginia",7402,,0.042224,0.042224
51103,"Lancaster, Virginia",7448,,0.087299,0.087299
51105,"Lee, Virginia",10835,,0.038885,0.038885
51107,"Loudoun, Virginia",142074,1.500706,0.070323,1.032301
51109,"Louisa, Virginia",17489,,0.0552,0.0552
51111,"Lunenburg, Virginia",5868,,0.021239,0.021239
51113,"Madison, Virginia",6051,,0.029487,0.029487
51115,"Mathews, Virginia",5455,,0.099213,0.099213
51117,"Mecklenburg, Virginia",19004,0.619934,0.041732,0.059255
51119,"Middlesex, Virginia",7100,,0.08512,0.08512
51121,"Montgomery, Virginia",41134,1.324342,0.050325,0.538169
51125,"Nelson, Virginia",9871,,0.032764,0.032764
51127,"New Kent, Virginia",9059,,0.067392,0.067392
51131,"Northampton, Virginia",7373,,0.054415,0.054415
51133,"Northumberland, Virginia",8947,,0.073027,0.073027
51135,"Nottoway, Virginia",6629,,0.032946,0.032946
51137,"Orange, Virginia",15671,1.09489,0.040971,0.177356
51139,"Page, Virginia",11751,0.848182,0.048654,0.083593
51141,"Patrick, Virginia",9994,,0.032334,0.032334
51143,"Pittsylvania, Virginia",29369,0.546499,0.042893,0.055646
51145,"Powhatan, Virginia",11591,0.968154,0.067911,0.072796
51147,"Prince Edward, Virginia",9087,0.703445,0.029146,0.074274
51149,"Prince George, Virginia",13378,0.529139,0.0539,0.120334
51153,"Prince William, Virginia",158525,1.520368,0.065868,1.308104
51155,"Pulaski, Virginia",16990,0.759536,0.040931,0.195714
51157,"Rappahannock, Virginia",3826,,0.022443,0.022443
51159,"Richmond, Virginia",3932,,0.032086,0.032086
51161,"Roanoke, Virginia",42147,1.097974,0.059722,0.644902
51163,"Rockbridge, Virginia",11261,0.514374,0.027181,0.034679
51165,"Rockingham, Virginia",35436,0.953847,0.039669,0.145247
51167,"Russell, Virginia",12754,0.618031,0.041799,0.042628
51169,"Scott, Virginia",11765,0.48593,0.033784,0.035294
51171,"Shenandoah, Virginia",21136,1.149699,0.047709,0.115385
51173,"Smyth, Virginia",15097,0.808037,0.040059,0.083766
51175,"Southampton, Virginia",7724,0.986564,0.019774,0.021269
51177,"Spotsylvania, Virginia",52250,1.0895,0.075537,0.458167
51179,"Stafford, Virginia",52793,0.986079,0.075872,0.613724
51181,"Surry, Virginia",3402,,0.019056,0.019056
51183,"Sussex, Virginia",4636,,0.014776,0.014776
51185,"Tazewell, Virginia",19814,0.66575,0.032111,0.139845
51187,"Warren, Virginia",16739,0.96913,0.077385,0.210944
51191,"Washington, Virginia",25424,0.59215,0.050618,0.108914
51193,"Westmoreland, Virginia",11129,2.294037,0.058972,0.135951
51195,"Wise, Virginia",16644,0.623182,0.044688,0.106749
51197,"Wythe, Virginia",13990,0.988617,0.034973,0.086354
51199,"York, Virginia",27827,0.963059,0.04351,0.793766
51510,"Alexandria, Virginia",80479,8.419526,,8.419526
51520,"Bristol, Virginia",8670,1.195966,0.07671,1.165667
51530,"Buena Vista, Virginia",2948,1.128656,0.039657,1.051907
51540,"Charlottesville, Virginia",21413,3.267939,,3.267939
51550,"Chesapeake, Virginia",94829,1.48255,0.037607,1.180034
51570,"Colonial Heights *, Virginia",8147,1.69388,,1.69388
51580,"Covington, Virginia",3052,0.935106,0.048194,0.924266
51590,"Danville, Virginia",22259,1.144604,0.075052,1.058617
51595,"Emporia, Virginia",2647,0.873296,0.095058,0.771451
51600,"Fairfax, Virginia",9330,2.336064,,2.336064
51610,"Falls Church, Virginia",6172,4.712446,,4.712446
51620,"Franklin, Virginia",3886,1.166094,0.065333,1.054219
51630,"Fredericksburg, Virginia",12175,1.820349,,1.820349
51640,"Galax, Virginia",3156,0.785035,0.158267,0.692207
51650,"Hampton, Virginia",62444,2.027588,0.085149,2.008124
51660,"Harrisonburg, Virginia",18626,1.828713,0.118946,1.797854
51670,"Hopewell, Virginia",10409,1.58378,0.018126,1.583099
51678,"Lexington *, Virginia",2617,1.636379,,1.636379
51680,"Lynchburg, Virginia",33832,1.245657,0.115743,1.199806
51683,"Manassas, Virginia",14365,2.349007,,2.349007
51685,"Manassas Park, Virginia",5525,2.845529,,2.845529
51690,"Martinsville, Virginia",7053,1.027499,0.019972,1.025779
51700,"Newport News, Virginia",81901,2.344281,0.0152,2.324034
51710,"Norfolk, Virginia",101386,2.973549,,2.973549
51720,"Norton, Virginia",1934,0.745042,0.063501,0.61395
51730,"Petersburg, Virginia",18013,1.589152,0.117554,1.498347
51735,"Poquoson, Virginia",4926,0.970023,0.078373,0.788771
51740,"Portsmouth, Virginia",43164,2.0253,,2.0253
51750,"Radford, Virginia",6449,1.471141,0.140484,1.328034
51760,"Richmond, Virginia",111963,2.969084,,2.969084
51770,"Roanoke *, Virginia",48726,1.800387,0.006669,1.80018
51775,"Salem, Virginia",11125,1.197567,,1.197567
51790,"Staunton, Virginia",12316,1.360784,0.033494,1.309783
51800,"Suffolk, Virginia",38364,1.226613,0.045151,0.496458
51810,"Virginia Beach, Virginia",190059,2.184542,0.044796,2.04682
51820,"Waynesboro, Virginia",10268,1.302955,0.123524,1.23541
51830,"Williamsburg, Virginia",5753,1.015273,0.182385,1.011644
51840,"Winchester, Virginia",12372,2.102846,,2.102846
53001,"Adams, Washington",6735,1.087612,0.002861,0.048932
53003,"Asotin, Washington",10034,1.236284,0.002039,0.734689
53005,"Benton, Washington",80076,1.310515,0.008737,0.744679
53007,"Chelan, Washington",37267,1.425919,0.007631,0.195928
53009,"Clallam, Washington",37930,0.793811,0.012261,0.184671
53011,"Clark, Washington",195036,2.057191,0.072606,1.383509
53013,"Columbia, Washington",2190,,0.00394,0.00394
53015,"Cowlitz, Washington",45424,1.304789,0.020832,0.341278
53017,"Douglas, Washington",17318,1.274131,0.004542,0.231103
53019,"Ferry, Washington",4059,,0.002879,0.002879
53021,"Franklin, Washington",29740,1.198669,0.004355,0.634828
53023,"Garfield, Washington",1194,,0.002625,0.002625
53025,"Grant, Washington",38635,0.880974,0.010449,0.115904
53027,"Grays Harbor, Washington",36058,1.199098,0.011291,0.208307
53029,"Island, Washington",41922,0.903436,0.192335,0.412213
53031,"Jefferson, Washington",19087,1.123491,0.009245,0.078079
53033,"King, Washington",969234,2.897628,0.029394,2.510622
53035,"Kitsap, Washington",113248,0.957918,0.129695,0.670586
53037,"Kittitas, Washington",23743,1.456641,0.007718,0.120766
53039,"Klickitat, Washington",10533,0.888563,0.007021,0.018772
53041,"Lewis, Washington",35412,1.027338,0.014432,0.072551
53043,"Lincoln, Washington",5732,,0.003876,0.003876
53045,"Mason, Washington",33269,0.800395,0.040687,0.088883
53047,"Okanogan, Washington",21720,0.952146,0.005358,0.012894
53049,"Pacific, Washington",16034,1.082573,0.013187,0.127562
53051,"Pend Oreille, Washington",7938,,0.008858,0.008858
53053,"Pierce, Washington",359489,1.496159,0.031117,1.12716
53055,"San Juan, Washington",13772,0.755381,0.107244,0.145227
53057,"Skagit, Washington",55744,1.341559,0.019374,0.272824
53059,"Skamania, Washington",5796,,0.005461,0.005461
53061,"Snohomish, Washington",321523,1.941509,0.032587,1.186026
53063,"Spokane, Washington",224019,1.726388,0.030179,0.991581
53065,"Stevens, Washington",22242,1.127407,0.012578,0.020135
53067,"Thurston, Washington",121438,1.225639,0.065565,0.668059
53069,"Wahkiakum, Washington",2189,,0.013009,0.013009
53071,"Walla Walla, Washington",24971,1.326136,0.006153,0.461253
53073,"Whatcom, Washington",100064,1.564062,0.020432,0.493592
53075,"Whitman, Washington",20922,2.532794,0.005328,0.291867
53077,"Yakima, Washington",90504,1.41421,0.009658,0.335629
54001,"Barbour, West Virginia",7114,,0.032592,0.032592
54003,"Berkeley, West Virginia",50868,0.878735,0.09836,0.434629
54005,"Boone, West Virginia",10132,,0.031566,0.031566
54007,"Braxton, West Virginia",6251,,0.019124,0.019124
54009,"Brooke, West Virginia",10719,0.968475,0.080733,0.378521
54011,"Cabell, West Virginia",46125,1.545946,0.059652,0.80156
54013,"Calhoun, West Virginia",3181,,0.017799,0.017799
54015,"Clay, West Virginia",3907,,0.017853,0.017853
54017,"Doddridge, West Virginia",3241,,0.015839,0.015839
54019,"Fayette, West Virginia",19089,0.850771,0.028711,0.102604
54021,"Gilmer, West Virginia",3090,,0.014263,0.014263
54023,"Grant, West Virginia",5598,,0.018323,0.018323
54025,"Greenbrier, West Virginia",17807,0.860273,0.021523,0.047835
54027,"Hampshire, West Virginia",12416,,0.030293,0.030293
54029,"Hancock, West Virginia",14241,1.119425,0.102356,0.523652
54031,"Hardy, West Virginia",8127,,0.021807,0.021807
54033,"Harrison, West Virginia",30480,1.127116,0.050335,0.31169
54035,"Jackson, West Virginia",12888,,0.043366,0.043366
54037,"Jefferson, West Virginia",23762,1.202683,0.116341,0.283306
54039,"Kanawha, West Virginia",90294,1.335306,0.046797,0.533788
54041,"Lewis, West Virginia",8204,1.789902,0.023782,0.081821
54043,"Lincoln, West Virginia",9549,,0.034135,0.034135
54045,"Logan, West Virginia",14738,1.068973,0.036151,0.099115
54047,"McDowell, West Virginia",9344,,0.027369,0.027369
54049,"Marion, West Virginia",26280,1.195045,0.059133,0.342488
54051,"Marshall, West Virginia",14728,1.662094,0.036488,0.273319
54053,"Mason, West Virginia",12153,1.001683,0.029554,0.097774
54055,"Mercer, West Virginia",29321,0.935638,0.047076,0.282721
54057,"Mineral, West Virginia",12453,0.833861,0.041271,0.108123
54059,"Mingo, West Virginia",11493,,0.042439,0.042439
54061,"Monongalia, West Virginia",49881,1.457311,0.058324,0.675286
54063,"Monroe, West Virginia",6219,,0.020554,0.020554
54065,"Morgan, West Virginia",9071,,0.061873,0.061873
54067,"Nicholas, West Virginia",12496,,0.030185,0.030185
54069,"Ohio, West Virginia",21170,1.148024,0.112588,0.584582
54071,"Pendleton, West Virginia",3666,,0.008229,0.008229
54073,"Pleasants, West Virginia",3209,,0.038534,0.038534
54075,"Pocahontas, West Virginia",6795,,0.011292,0.011292
54077,"Preston, West Virginia",15174,,0.036543,0.036543
54079,"Putnam, West Virginia",24795,0.920164,0.04074,0.32483
54081,"Raleigh, West Virginia",34581,0.803532,0.038099,0.238562
54083,"Randolph, West Virginia",13035,1.183837,0.011561,0.078528
54085,"Ritchie, West Virginia",4142,,0.014319,0.014319
54087,"Roane, West Virginia",7151,,0.023106,0.023106
54089,"Summers, West Virginia",6529,,0.028291,0.028291
54091,"Taylor, West Virginia",7441,1.003815,0.045149,0.131461
54093,"Tucker, West Virginia",4650,,0.017339,0.017339
54095,"Tyler, West Virginia",4119,,0.025111,0.025111
54097,"Upshur, West Virginia",11178,0.951309,0.032379,0.107367
54099,"Wayne, West Virginia",18150,0.662218,0.033705,0.117728
54101,"Webster, West Virginia",4381,,0.012368,0.012368
54103,"Wetzel, West Virginia",7254,1.481812,0.019802,0.101846
54105,"Wirt, West Virginia",2702,,0.018158,0.018158
54107,"Wood, West Virginia",40304,1.250227,0.052697,0.521424
54109,"Wyoming, West Virginia",9949,,0.031124,0.031124
55001,"Adams, Wisconsin",16692,,0.040396,0.040396
55003,"Ashland, Wisconsin",9407,1.311054,0.008804,0.057953
55005,"Barron, Wisconsin",23779,0.938254,0.034345,0.068765
55007,"Bayfield, Wisconsin",13238,,0.013996,0.013996
55009,"Brown, Wisconsin",112908,1.315042,0.064724,0.830087
55011,"Buffalo, Wisconsin",6506,,0.015043,0.015043
55013,"Burnett, Wisconsin",15201,,0.02891,0.02891
55015,"Calumet, Wisconsin",21511,1.406932,0.060589,0.24597
55017,"Chippewa, Wisconsin",28688,0.739527,0.028041,0.098439
55019,"Clark, Wisconsin",14755,,0.019058,0.019058
55021,"Columbia, Wisconsin",26565,1.281978,0.036615,0.12017
55023,"Crawford, Wisconsin",8658,0.873302,0.015552,0.063741
55025,"Dane, Wisconsin",248795,2.072376,0.046423,1.297631
55027,"Dodge, Wisconsin",38123,1.409458,0.038446,0.192331
55029,"Door, Wisconsin",23738,1.259918,0.059725,0.1223
55031,"Douglas, Wisconsin",22906,1.169169,0.012204,0.157867
55033,"Dunn, Wisconsin",18693,0.980135,0.022386,0.086136
55035,"Eau Claire, Wisconsin",44966,1.395663,0.02589,0.579108
55037,"Florence, Wisconsin",4601,,0.014728,0.014728
55039,"Fond du Lac, Wisconsin",45740,1.498476,0.036487,0.405865
55041,"Forest, Wisconsin",8604,,0.013255,0.013255
55043,"Grant, Wisconsin",22110,1.56108,0.024189,0.055685
55045,"Green, Wisconsin",16273,1.839468,0.029985,0.110302
55047,"Green Lake, Wisconsin",10671,1.189826,0.037077,0.082297
55049,"Iowa, Wisconsin",10905,1.055622,0.017912,0.040751
55051,"Iron, Wisconsin",5523,1.218401,0.008734,0.027777
55053,"Jackson, Wisconsin",9613,0.90911,0.01184,0.031332
55055,"Jefferson, Wisconsin",36376,1.318327,0.048288,0.294986
55057,"Juneau, Wisconsin",14441,,0.029416,0.029416
55059,"Kenosha, Wisconsin",72451,1.393025,0.069872,0.961647
55061,"Kewaunee, Wisconsin",9267,,0.042282,0.042282
55063,"La Crosse, Wisconsin",52774,1.632056,0.033695,0.852288
55065,"Lafayette, Wisconsin",7156,,0.017648,0.017648
55067,"Langlade, Wisconsin",12138,1.331163,0.014451,0.06734
55069,"Lincoln, Wisconsin",16034,0.950402,0.020556,0.061347
55071,"Manitowoc, Wisconsin",37818,1.474949,0.04311,0.343171
55073,"Marathon, Wisconsin",59828,1.10415,0.025782,0.234441
55075,"Marinette, Wisconsin",29189,1.113094,0.023784,0.068775
55077,"Marquette, Wisconsin",9758,,0.033457,0.033457
55078,"Menominee, Wisconsin",2145,,0.009372,0.009372
55079,"Milwaukee, Wisconsin",424191,2.947655,0.088869,2.924026
55081,"Monroe, Wisconsin",19769,1.158408,0.018896,0.123607
55083,"Oconto, Wisconsin",23754,,0.037209,0.037209
55085,"Oneida, Wisconsin",30465,0.787086,0.036019,0.059851
55087,"Outagamie, Wisconsin",79131,1.346946,0.051499,0.622737
55089,"Ozaukee, Wisconsin",39086,1.021238,0.073857,0.564336
55091,"Pepin, Wisconsin",3573,,0.024063,0.024063
55093,"Pierce, Wisconsin",16780,1.655879,0.034095,0.093164
55095,"Polk, Wisconsin",24129,,0.041235,0.041235
55097,"Portage, Wisconsin",31148,1.20119,0.023022,0.281717
55099,"Price, Wisconsin",10735,,0.013375,0.013375
55101,"Racine, Wisconsin",84490,1.569658,0.069718,1.023386
55103,"Richland, Wisconsin",8475,1.355483,0.016133,0.058141
55105,"Rock, Wisconsin",70068,1.380259,0.031853,0.673819
55107,"Rusk, Wisconsin",8560,,0.014641,0.014641
55109,"St. Croix, Wisconsin",37369,1.266477,0.050399,0.178516
55111,"Sauk, Wisconsin",30784,1.152543,0.026596,0.213775
55113,"Sawyer, Wisconsin",15966,,0.019837,0.019837
55115,"Shawano, Wisconsin",20354,1.001891,0.023875,0.084262
55117,"Sheboygan, Wisconsin",52303,1.451152,0.048393,0.562163
55119,"Taylor, Wisconsin",9379,1.055009,0.011786,0.031432
55121,"Trempealeau, Wisconsin",13270,,0.028288,0.028288
55123,"Vernon, Wisconsin",13813,1.549848,0.023208,0.043785
55125,"Vilas, Wisconsin",24486,,0.044606,0.044606
55127,"Walworth, Wisconsin",53146,1.22249,0.057072,0.416445
55129,"Washburn, Wisconsin",12708,,0.02491,0.02491
55131,"Washington, Wisconsin",58311,1.24237,0.086012,0.472038
55133,"Waukesha, Wisconsin",172177,1.034293,0.114569,0.762263
55135,"Waupaca, Wisconsin",25457,1.015536,0.034201,0.11975
55137,"Waushara, Wisconsin",14710,0.281365,0.036616,0.036829
55139,"Winnebago, Wisconsin",76046,1.591647,0.056079,0.882919
55141,"Wood, Wisconsin",34549,1.144409,0.023476,0.315943
56001,"Albany, Wyoming",18494,1.590124,0.001117,0.481267
56003,"Big Horn, Wyoming",5327,,0.002653,0.002653
56005,"Campbell, Wyoming",19816,1.155412,0.001726,0.203836
56007,"Carbon, Wyoming",8157,1.32471,0.00081,0.03241
56009,"Converse, Wyoming",6612,1.486552,0.001283,0.035815
56011,"Crook, Wyoming",3672,,0.00201,0.00201
56013,"Fremont, Wyoming",17407,1.311117,0.001552,0.038511
56015,"Goshen, Wyoming",5853,1.38042,0.001875,0.068246
56017,"Hot Springs, Wyoming",2551,,0.001989,0.001989
56019,"Johnson, Wyoming",4598,1.102278,0.000859,0.031596
56021,"Laramie, Wyoming",44181,1.648175,0.004978,0.543373
56023,"Lincoln, Wyoming",9489,,0.003638,0.003638
56025,"Natrona, Wyoming",36808,1.748281,0.001651,0.604213
56027,"Niobrara, Wyoming",1322,,0.000787,0.000787
56029,"Park, Wyoming",14523,1.299456,0.001483,0.060391
56031,"Platte, Wyoming",4595,,0.003449,0.003449
56033,"Sheridan, Wyoming",14884,1.124462,0.003446,0.130576
56035,"Sublette, Wyoming",5167,,0.001652,0.001652
56037,"Sweetwater, Wyoming",19145,1.369,0.000347,0.503863
56039,"Teton, Wyoming",13233,2.671586,0.003248,0.039599
56041,"Uinta, Wyoming",8798,1.029666,0.002818,0.083754
56043,"Washakie, Wyoming",3849,1.326883,0.000925,0.1089
56045,"Weston, Wyoming",3406,,0.002219,0.002219
60010,"Eastern, American Samoa",4041,0.71469,0.138609,0.344909
60020,"Manu'a, American Samoa",356,,0.025003,0.025003
60050,"Western, American Samoa",7410,1.00186,0.079959,0.733466
66010,"Guam, Guam",51555,1.237062,0.048905,0.920494
69085,"Northern Islands, Commonwealth of the Northern Marianas",10,,0.000253,0.000253
69100,"Rota, Commonwealth of the Northern Marianas",912,,0.043371,0.043371
69110,"Saipan, Commonwealth of the Northern Marianas",16523,1.31538,0.109265,0.972733
69120,"Tinian, Commonwealth of the Northern Marianas",845,,0.031593,0.031593
72001,"Adjuntas, Puerto Rico",7911,1.178768,0.106493,0.327833
72003,"Aguada, Puerto Rico",17362,0.945182,0.046159,0.934233
72005,"Aguadilla, Puerto Rico",27862,1.251112,0.045959,1.243273
72007,"Aguas Buenas, Puerto Rico",10553,0.719992,0.190987,0.619535
72009,"Aibonito, Puerto Rico",10953,1.0652,0.161114,0.773981
72011,"Añasco, Puerto Rico",12212,1.113988,0.108239,0.805255
72013,"Arecibo, Puerto Rico",42044,1.263162,0.071781,0.988071
72015,"Arroyo, Puerto Rico",8235,1.737871,0.046005,1.570242
72017,"Barceloneta, Puerto Rico",10621,1.768828,0.088907,1.511655
72019,"Barranquitas, Puerto Rico",11982,0.641774,0.150989,0.593896
72021,"Bayamón, Puerto Rico",86432,3.0434,,3.0434
72023,"Cabo Rojo, Puerto Rico",27895,1.073077,0.065864,0.938825
72025,"Caguas, Puerto Rico",59251,1.761804,0.1585,1.714124
72027,"Camuy, Puerto Rico",14782,0.93006,0.159669,0.67773
72029,"Canóvanas, Puerto Rico",19083,1.448861,0.089469,1.298664
72031,"Carolina, Puerto Rico",78913,3.257103,0.032515,3.227198
72033,"Cataño, Puerto Rico",10890,3.561471,0.028394,3.559891
72035,"Cayey, Puerto Rico",19803,1.466088,0.1118,1.074922
72037,"Ceiba, Puerto Rico",7314,1.068172,0.098965,0.70442
72039,"Ciales, Puerto Rico",7390,0.863616,0.076241,0.339235
72041,"Cidra, Puerto Rico",17013,0.819409,0.121834,0.789847
72043,"Coamo, Puerto Rico",16420,1.241372,0.11968,0.621096
72045,"Comerío, Puerto Rico",8267,0.78163,0.135435,0.600281
72047,"Corozal, Puerto Rico",14147,0.611756,0.152023,0.563604
72049,"Culebra, Puerto Rico",1563,,0.209714,0.209714
72051,"Dorado, Puerto Rico",16288,1.50922,0.045092,1.449913
72053,"Fajardo, Puerto Rico",19204,2.536737,0.105791,2.053627
72054,"Florida, Puerto Rico",5010,1.099041,0.156298,0.761337
72055,"Guánica, Puerto Rico",8563,1.934177,0.063637,1.166148
72057,"Guayama, Puerto Rico",18528,2.457231,0.086114,1.417415
72059,"Guayanilla, Puerto Rico",8321,1.048846,0.087225,0.608983
72061,"Guaynabo, Puerto Rico",41927,2.374882,,2.374882
72063,"Gurabo, Puerto Rico",17576,1.295645,0.136663,1.191621
72065,"Hatillo, Puerto Rico",17134,0.976438,0.17122,0.804356
72067,"Hormigueros, Puerto Rico",7754,1.792778,0.0275,1.715304
72069,"Humacao, Puerto Rico",26827,1.250272,0.017348,1.225404
72071,"Isabela, Puerto Rico",21095,0.977299,0.069525,0.858544
72073,"Jayuya, Puerto Rico",6340,0.794737,0.086882,0.395069
72075,"Juana Díaz, Puerto Rico",20173,1.893862,0.064007,1.388151
72077,"Juncos, Puerto Rico",16684,1.188465,0.096732,1.134855
72079,"Lajas, Puerto Rico",12450,1.228778,0.150571,0.542742
72081,"Lares, Puerto Rico",12984,0.682729,0.115924,0.463497
72083,"Las Marías, Puerto Rico",3878,1.160116,0.129205,0.132914
72085,"Las Piedras, Puerto Rico",15766,0.869705,0.057527,0.837506
72087,"Loíza, Puerto Rico",11742,3.46023,0.048175,2.948124
72089,"Luquillo, Puerto Rico",10812,1.897621,0.073889,1.478211
72091,"Manatí, Puerto Rico",19018,1.457325,0.109803,1.128471
72093,"Maricao, Puerto Rico",2322,,0.099068,0.099068
72095,"Maunabo, Puerto Rico",5430,1.493855,0.159766,0.719972
72097,"Mayagüez, Puerto Rico",41118,1.63098,0.063356,1.435627
72099,"Moca, Puerto Rico",17509,0.808642,0.142515,0.674601
72101,"Morovis, Puerto Rico",12014,0.993346,0.101427,0.755084
72103,"Naguabo, Puerto Rico",11639,1.157313,0.117478,0.640753
72105,"Naranjito, Puerto Rico",11775,0.671443,,0.671443
72107,"Orocovis, Puerto Rico",8979,0.551332,0.113882,0.297772
72109,"Patillas, Puerto Rico",8395,1.290573,0.093548,0.618676
72111,"Peñuelas, Puerto Rico",8839,1.469634,0.086511,0.756565
72113,"Ponce, Puerto Rico",67070,2.689613,0.07707,2.192526
72115,"Quebradillas, Puerto Rico",11010,1.147006,0.183741,0.959038
72117,"Rincón, Puerto Rico",9108,0.99677,0.308003,0.996384
72119,"Río Grande, Puerto Rico",23801,1.44286,0.053787,1.214615
72121,"Sabana Grande, Puerto Rico",11001,1.240953,0.090541,0.8885
72123,"Salinas, Puerto Rico",13496,2.410279,0.067262,1.1823
72125,"San Germán, Puerto Rico",15909,1.101083,0.119208,0.751755
72127,"San Juan *, Puerto Rico",193244,6.309753,0.044694,6.309591
72129,"San Lorenzo, Puerto Rico",17189,0.765405,0.156966,0.6205
72131,"San Sebastián, Puerto Rico",18890,0.679832,0.14601,0.523291
72133,"Santa Isabel, Puerto Rico",9345,2.216391,0.092258,1.246855
72135,"Toa Alta, Puerto Rico",26952,1.701237,0.171961,1.661634
72137,"Toa Baja, Puerto Rico",35415,4.446712,0.035736,4.298428
72139,"Trujillo Alto, Puerto Rico",30216,2.275366,0.43336,2.274991
72141,"Utuado, Puerto Rico",13361,0.865609,0.108731,0.286729
72143,"Vega Alta, Puerto Rico",16362,1.202021,0.130075,1.107444
72145,"Vega Baja, Puerto Rico",25738,1.627468,0.100043,1.392023
72147,"Vieques, Puerto Rico",5303,1.177878,0.03875,0.57196
72149,"Villalba, Puerto Rico",8875,0.891216,0.108537,0.611461
72151,"Yabucoa, Puerto Rico",14283,0.797314,0.118454,0.576891
72153,"Yauco, Puerto Rico",16599,1.576952,0.082495,0.949169
78010,"St. Croix, US Virgin Islands",25470,1.077896,0.056037,0.879013
78020,"St. John, US Virgin Islands",3645,1.348453,0.090826,0.660654
78030,"St. Thomas, US Virgin Islands",28142,1.842744,0.073846,1.767034
00000,US national average,142235804,1.663178,0.013635,0.604934
