pwsid,pop_served,years_in_violation
010106001,22171,0
010109005,31961,0
010307001,89,0
020000001,296,0
020000004,288,0
020000005,5500,0
020000008,4999,0
020000012,1200,0
020000016,64,1
020011102,40,0
040000002,5961,0
041200001,6538,0
041200002,2132,0
041200003,9300,0
041200004,5221,0
041210001,955,1
042800001,919,0
042800002,1201,0
042800003,13055,0
042800004,1114,0
043700056,233,1
043740039,16203,2
043740040,164,0
043740043,103,0
055293101,857,0
055293201,10198,0
055293302,350,0
055293304,1090,0
055293401,1740,0
055293501,147,0
055293502,52,0
055293504,240,0
055293601,2135,0
055293603,7284,0
055293611,4382,0
055293702,2802,0
055293801,99,0
055293802,35,0
055293901,271,0
055294101,820,2
055294201,333,0
055294202,112,0
055294204,186,1
055294205,105,0
055294207,45,0
055294208,30,0
055294214,2086,0
055294301,4220,0
055294304,55,0
055294305,400,0
055294401,295,2
055294402,450,2
055294404,61,0
055294405,82,0
055294501,300,0
055294502,6699,0
055294503,4000,0
055294506,24959,0
055294602,2099,1
055294603,371,1
055294701,462,1
055294702,85,0
055294703,65,0
055294704,388,1
055294705,50,2
055294802,99,0
055294804,434,0
055294902,1900,0
055295003,2805,0
055295011,5230,0
055295012,126,0
055295013,196,0
055295015,2002,0
055295016,132,0
055295102,1839,0
055295103,322,0
055295104,242,0
055295201,851,0
055295205,634,0
055295207,39,0
055295301,150,0
055295310,3030,0
055295401,2962,0
055295504,68,0
055295505,100,0
055295507,310,0
055295508,3960,0
055295509,100,0
055295510,1162,0
055295601,1260,0
055295703,4393,0
055295704,691,0
055295705,38,0
055295706,63,0
055295802,2080,1
055295901,144,0
055295902,1281,0
061000101,796,0
061020808,5780,0
061620001,9384,0
061800001,8103,0
061870043,4104,0
061870124,950,0
062002156,487,0
062004108,479,0
062004183,499,0
062004336,8376,0
062005883,1886,0
062005885,400,0
063003614,360,0
063006122,290,1
063500006,3064,0
063500007,33,0
063500108,1200,0
063500110,3200,1
063500113,150,0
063500114,490,0
063500116,608,0
063500119,800,1
063500120,5328,0
063500122,800,0
063500123,775,1
063500166,2500,0
063500191,2652,0
063501001,2374,1
063501100,3644,0
063501109,8941,0
063501111,236,0
063501117,2200,0
063501124,11888,0
063501160,4335,0
063501233,1961,0
063502084,114,0
063502111,757,0
063502233,750,0
063503013,845,0
063503109,4403,0
063503111,4500,0
063503115,3789,0
063503233,951,0
063504118,759,0
063506008,14542,0
063506193,400,0
063506233,173,0
063507009,333,0
063507011,25,0
063509008,33,0
063568423,450,1
064026001,485,0
070000002,520,5
070000003,4765,0
070000004,630,2
070000005,787,0
070000006,160,0
070000007,1800,1
070000008,192,2
070000010,160,0
070000013,54,0
070000025,145,0
073104305,820,0
073117301,780,0
073117303,120,0
073117307,156,0
073117308,1100,0
073120301,448,0
080890001,1527,0
080890010,2020,2
083090002,66,1
083090003,56,0
083090004,645,0
083090005,400,0
083090007,250,1
083090008,300,0
083090009,250,1
083090011,2057,1
083090012,406,1
083090014,281,0
083090021,35,0
083090022,25,0
083090023,72,0
083090024,220,0
083090025,40,0
083090026,50,0
083090027,124,0
083090029,87,0
083090030,85,0
083090031,356,0
083090032,225,0
083090033,101,0
083090034,200,0
083090036,276,0
083090038,32,1
083090041,2600,5
083090044,840,0
083090045,80,0
083090047,220,0
083090050,1726,0
083090051,3025,0
083090052,130,0
083090053,452,0
083090057,375,0
083090058,3000,0
083090061,210,0
083090062,96,1
083090063,535,0
083090064,2605,1
083090074,400,0
083090075,2000,0
083090079,1442,0
083090090,1504,3
083090091,4671,0
083090305,66,0
083090309,116,0
083090312,55,5
083890001,1034,0
083890002,952,0
083890003,792,0
083890015,1200,0
083890016,1500,0
083890017,720,1
083890023,13500,1
083890025,4400,0
083890026,2360,1
083890029,2528,0
083890030,1200,0
083890040,160,0
083890041,83,1
083890042,65,0
084690020,2450,1
084690021,2179,2
084690022,1690,0
084690025,195,0
084690026,25,0
084690027,214,0
084690029,78,1
084690030,65,1
084690032,125,0
084690033,380,0
084690437,516,1
084690438,80,0
084690439,130,0
084690440,1357,1
084690441,1637,0
084690456,95,0
084690457,265,0
084690458,1180,0
084690460,230,0
084690461,129,0
084690462,60,0
084690463,60,1
084690465,375,0
084690466,400,0
084690467,280,1
084690468,428,1
084690471,773,0
084690472,95,0
084690474,6526,0
084690475,7482,0
084690478,255,1
084690480,3562,0
084690481,420,0
084690483,65,0
084690484,104,1
084690485,316,1
084690498,50,0
084690510,6839,1
084690512,501,0
084690516,5610,1
084690526,176,0
084690528,5500,1
084690532,1500,0
084690533,420,0
084690534,264,0
084690535,180,0
084690536,200,0
084690538,1450,0
084990002,3750,1
084990003,812,0
084990004,300,0
085690002,1950,1
085690003,2620,0
085690004,4100,0
085690008,650,0
090400001,1318,0
090400003,420,0
090400004,105,0
090400005,64,0
090400006,740,0
090400008,70,0
090400016,80,0
090400018,165,0
090400019,67,0
090400020,1151,0
090400027,80,0
090400029,120,0
090400030,472,0
090400032,40,0
090400035,1511,0
090400036,135,0
090400037,150,0
090400038,125,0
090400040,328,0
090400041,441,0
090400042,4000,0
090400047,5307,1
090400049,622,0
090400051,3476,0
090400054,925,1
090400057,255,2
090400063,16,1
090400071,325,0
090400073,280,0
090400076,2988,2
090400088,7260,3
090400089,5660,1
090400090,11646,1
090400092,2603,1
090400096,2566,1
090400101,3120,1
090400102,885,1
090400104,1740,0
090400105,1302,1
090400106,3890,3
090400107,609,4
090400108,1865,0
090400109,20951,1
090400110,3160,5
090400111,342,2
090400112,702,3
090400114,8478,3
090400116,2200,0
090400118,177,0
090400119,555,0
090400215,280,0
090400220,240,0
090400226,1352,0
090400227,390,0
090400228,1125,0
090400231,40,1
090400239,574,0
090400242,275,2
090400243,2590,3
090400244,228,1
090400259,1430,3
090400273,234,0
090400274,407,0
090400277,88,0
090400300,3211,2
090400301,650,0
090400302,3001,3
090400304,40,1
090400316,388,1
090400343,2580,0
090400393,465,1
090400394,490,2
090400395,1005,4
090400676,1095,0
090400687,943,1
090400691,35,1
090400692,22795,1
090400693,15570,2
090400695,100,0
090400699,612,2
090400700,1601,2
090400706,652,0
090400740,2085,0
090408027,96,0
090415013,3360,0
090600021,68,1
090600022,41,0
090600023,30,1
090600025,25,0
090600026,38,0
090600027,44,0
090600029,48,0
090600030,850,0
090600031,25,0
090600032,41,0
090600033,60,1
090600034,48,0
090600035,46,0
090600036,51,0
090600037,25,0
090600038,72,1
090600039,30,3
090600040,45,0
090600041,30,0
090600042,35,0
090600043,50,2
090600056,60,0
090600057,102,0
090600058,11268,0
090600059,63,0
090600115,52,0
090600118,1171,0
090600120,600,1
090600121,408,2
090600122,2735,1
090600125,2200,0
090600126,209,1
090600128,88,0
090600129,120,0
090600130,172,0
090600133,250,0
090600134,96,3
090600135,153,1
090600138,535,0
090600139,100,0
090600141,487,1
090600142,16000,0
090600144,360,1
090600145,616,0
090600146,305,0
090600147,7003,0
090600148,1000,0
090600150,325,1
090600151,3000,0
090600154,10675,0
090600156,2560,2
090600158,9600,0
090600159,222,3
090600161,30,3
090600194,267,0
090600202,361,3
090600226,3550,1
090600227,355,0
090600237,1290,0
090600260,600,0
090600362,250,0
090605004,150,3
090605006,120,2
090605007,1076,0
090605008,296,0
090605011,43,0
090605012,5700,0
090605013,29100,0
090605014,215,0
090605015,409,1
090605017,1225,0
090605019,185,0
090605021,60,0
090605024,12350,0
090605025,98,0
090605033,76,2
090605041,61,0
090605045,400,1
090605046,67,0
090605047,3474,0
090605057,70,0
090605060,220,0
090605062,90,0
090605073,84,2
090605074,25,0
090605077,35,1
090605080,705,0
090605083,2015,1
090605102,80,0
090605107,12800,0
090605116,110,0
090605118,152,1
090605119,650,0
090605120,300,0
090605121,70,0
090605122,70,0
090605124,230,1
090605125,1530,0
090605126,3500,0
090605129,826,1
090605130,379,0
090605132,81,1
090605143,300,0
090605145,68,0
090605146,73,2
090605147,114,0
090605150,190,0
090605153,14280,2
090605154,35,1
090605160,275,2
090605164,417,0
090605168,35,0
090605169,30,0
093200067,150,1
093200161,450,0
093200162,452,1
093200163,166,2
093200164,110,2
093200165,456,0
093200166,1200,0
093200168,800,0
093200169,950,0
093200171,512,4
093200172,30,1
093200173,40,1
093200177,40,1
093200359,150,1
093200360,662,2
093200362,250,2
093200364,195,1
093200366,40,1
093200369,620,0
093200372,450,0
093200373,2340,1
093200376,100,1
093200379,457,0
093500302,1574,0
093503042,1864,0
093534001,455,2
093534003,120,2
093534005,137,1
093534006,65,0
093534011,160,0
093534020,550,2
093534021,900,1
093534022,800,1
093534024,400,1
100211202,1575,4
101600001,355,1
101600002,50,1
101600003,235,0
101600010,300,0
101611104,200,0
101611105,110,0
101612108,490,0
101612109,2850,1
101612110,515,1
104101100,155,3
104101101,130,2
104101102,350,2
104101132,320,0
104101133,75,0
104101136,475,0
104101247,3800,2
104111101,1310,1
104121121,140,0
105300002,3699,1
105300003,5968,0
105300006,340,2
105300007,445,1
105300008,380,2
105300009,220,2
105300010,42,2
105300011,120,2
105300012,1300,5
105300013,3250,0
105300014,3200,1
105300015,1509,0
105300016,885,0
105300017,200,1
105300018,1600,1
105300019,898,0
105300020,1150,0
105300021,325,2
105300022,525,2
105300024,70,0
105300025,907,1
105300026,900,0
105300027,620,1
105300028,150,3
105300031,500,0
105300032,1212,0
105300033,95,2
105300036,330,1
105300042,790,0
105300047,260,2
105300048,365,0
105300051,125,0
105300058,110,2
105300073,45,1
105300081,95,0
105300085,78,0
105300086,169,1
105300087,511,0
105300088,150,1
105300089,375,1
105300090,1500,0
105300091,1000,0
105300092,1000,0
105300109,45,0
105300115,115,1
105300117,42,0
105300120,25,1
105300123,480,3
105300127,230,1
105300133,207,0
105300135,42,0
105300141,150,0
105300144,86,0
105300146,1500,0
105300155,38,0
105311103,295,1
105311106,80,0
105311107,216,0
105314113,75,0
105338100,160,1
105338102,300,1
105338109,75,0
105338111,68,1
105388889,517,0
AK2110318,250,1
AK2110342,38526,0
AK2110562,113,1
AK2110601,9411,0
AK2111566,2376,2
AK2120012,225,5
AK2120127,450,0
AK2120143,2300,1
AK2120169,904,5
AK2120193,1475,0
AK2120216,470,0
AK2120224,415,4
AK2120232,8937,0
AK2120436,199,3
AK2120606,66,0
AK2121123,60,4
AK2121479,25,0
AK2121510,975,1
AK2121527,100,0
AK2130017,450,2
AK2130067,980,2
AK2130075,9448,0
AK2130083,415,5
AK2130122,230,0
AK2130148,3218,0
AK2130156,95,1
AK2130172,740,0
AK2210338,96,0
AK2210346,123,1
AK2210354,47,1
AK2210419,993,0
AK2210435,795,0
AK2210451,435,0
AK2210485,465,0
AK2210574,480,0
AK2210605,794,0
AK2210639,76,0
AK2210689,828,0
AK2210697,130,0
AK2210778,99,0
AK2210794,175,2
AK2210891,25,2
AK2210906,221351,0
AK2211075,1395,0
AK2211091,175,0
AK2211114,493,0
AK2211122,48,0
AK2211130,100,0
AK2211164,60,0
AK2211198,160,0
AK2211229,350,0
AK2211423,30003,0
AK2211431,708,0
AK2211473,70,2
AK2211562,63,0
AK2211619,650,0
AK2211669,50,0
AK2211677,1005,1
AK2211708,30,0
AK2211724,102,0
AK2211813,75,0
AK2211897,242,1
AK2211936,80,0
AK2211952,650,0
AK2212005,51,0
AK2212021,2625,0
AK2212039,20284,0
AK2212128,600,0
AK2212267,120,0
AK2212461,144,2
AK2212819,50,1
AK2212916,72,0
AK2212924,36,0
AK2213019,45,0
AK2213239,65,0
AK2213297,120,0
AK2213336,354,0
AK2213530,48,0
AK2213564,94,0
AK2213598,200,0
AK2213603,56,1
AK2213768,48,0
AK2213792,120,0
AK2213962,34,0
AK2214007,60,0
AK2214730,375,0
AK2215524,75,0
AK2215558,78,0
AK2215566,50,2
AK2216198,220,0
AK2217576,96,0
AK2218630,935,0
AK2218642,28,0
AK2218652,168,0
AK2218653,60,0
AK2218807,36,0
AK2218822,32,0
AK2220029,1166,1
AK2220037,465,2
AK2220070,239,1
AK2220086,55,0
AK2220094,232,0
AK2220095,52,0
AK2220135,135,0
AK2220138,50,0
AK2220139,110,0
AK2220146,75,0
AK2220151,210,0
AK2220153,56,0
AK2220154,192,2
AK2220159,60,0
AK2220169,72,0
AK2220170,276,1
AK2220173,167,0
AK2220178,26,0
AK2220215,28,0
AK2220216,28,0
AK2220308,56,0
AK2220310,25,0
AK2220400,183,0
AK2220408,1590,0
AK2220439,266,1
AK2220443,96,0
AK2220461,25,0
AK2220465,32,1
AK2220473,80,0
AK2220482,32,0
AK2220485,155,0
AK2220488,50,0
AK2220493,25,0
AK2220495,500,0
AK2220501,128,0
AK2220515,100,0
AK2220533,170,0
AK2221208,200,0
AK2221834,2733,0
AK2222848,75,1
AK2223145,90,0
AK2223179,80,1
AK2223315,180,0
AK2223624,100,1
AK2223983,120,0
AK2224028,39,0
AK2224036,120,1
AK2224078,147,0
AK2224109,75,0
AK2224117,168,0
AK2224159,63,2
AK2224167,912,0
AK2224214,168,1
AK2224256,170,0
AK2224329,118,0
AK2224337,74,3
AK2224476,90,1
AK2224646,18492,0
AK2225032,1850,0
AK2225281,101,0
AK2225511,180,0
AK2226014,88,0
AK2226020,8111,0
AK2226021,168,0
AK2226035,320,0
AK2226051,32,0
AK2226057,90,0
AK2226240,90,0
AK2226410,37,0
AK2226428,35,1
AK2226509,150,0
AK2226567,110,1
AK2227149,30,0
AK2227199,950,0
AK2227204,495,0
AK2227212,8,0
AK2227220,33,1
AK2227539,37,0
AK2227547,36,0
AK2227734,435,0
AK2240448,5700,0
AK2240456,7008,0
AK2240464,281,2
AK2240472,206,0
AK2240498,180,0
AK2240503,100,0
AK2240707,418,2
AK2240757,3324,1
AK2241020,470,1
AK2241054,4807,0
AK2241062,125,1
AK2241088,150,0
AK2241101,51,1
AK2241648,360,1
AK2243103,85,1
AK2243137,60,0
AK2243658,170,5
AK2243771,30,1
AK2244159,545,1
AK2244955,300,0
AK2247490,1000,0
AK2247953,150,0
AK2249028,75,1
AK2249099,33,1
AK2249203,100,0
AK2249263,100,0
AK2249434,150,1
AK2250011,9547,0
AK2250037,90,0
AK2250045,175,3
AK2250053,144,2
AK2250061,246,3
AK2250087,60,0
AK2250126,3092,0
AK2250134,271,1
AK2260032,87,0
AK2260040,170,0
AK2260058,50,1
AK2260066,80,0
AK2260074,65,1
AK2260090,293,2
AK2260139,200,1
AK2260163,580,0
AK2260197,2419,1
AK2260202,128,2
AK2260228,199,1
AK2260244,972,1
AK2260252,95,1
AK2260260,205,2
AK2260278,34,0
AK2260286,380,1
AK2260294,830,2
AK2260309,9400,0
AK2260325,910,0
AK2260333,66,1
AK2260359,88,0
AK2260367,566,1
AK2260414,182,0
AK2260595,325,3
AK2260804,60,1
AK2260812,100,0
AK2260820,496,1
AK2261096,200,0
AK2261282,305,0
AK2261444,273,0
AK2261460,31,0
AK2262199,393,2
AK2262238,485,1
AK2262246,215,2
AK2262301,336,1
AK2263006,160,4
AK2263010,31,1
AK2263014,61,0
AK2270150,850,1
AK2270168,340,1
AK2270176,548,1
AK2270184,637,3
AK2270207,213,3
AK2270215,661,0
AK2270223,373,1
AK2270257,250,0
AK2270273,308,1
AK2270281,280,1
AK2270299,820,4
AK2270312,1200,1
AK2270320,938,1
AK2270338,513,2
AK2270346,2228,1
AK2270362,570,3
AK2270469,224,0
AK2270613,385,2
AK2270697,302,2
AK2270736,639,0
AK2271025,547,0
AK2271033,311,3
AK2271041,724,2
AK2271059,51,0
AK2271148,446,1
AK2271211,350,1
AK2271562,198,1
AK2271700,400,1
AK2271721,243,1
AK2271874,82,2
AK2271981,25,0
AK2271999,1660,1
AK2272004,617,3
AK2272005,346,0
AK2272012,123,1
AK2272016,276,0
AK2272017,760,4
AK2272747,627,0
AK2272750,109,1
AK2272752,240,1
AK2272756,170,0
AK2280040,60,2
AK2280066,207,4
AK2280074,182,1
AK2280155,341,3
AK2280163,70,0
AK2280171,96,1
AK2280302,147,0
AK2291130,95,5
AK2291211,464,0
AK2291229,675,0
AK2291279,75,1
AK2291499,365,0
AK2291596,236,0
AK2291952,50,3
AK2292099,50,1
AK2292186,30,0
AK2292330,200,0
AK2293205,2700,0
AK2298002,48,0
AK2298103,4500,0
AK2299001,50,0
AK2299027,40,0
AK2300159,205,2
AK2300183,76,5
AK2300191,323,1
AK2300214,261,2
AK2300222,175,0
AK2300248,181,1
AK2300272,107,2
AK2300484,95,0
AK2300769,110,0
AK2300816,135,1
AK2310277,350,0
AK2310675,4005,0
AK2310683,6200,1
AK2310714,600,0
AK2310730,78324,0
AK2310803,80,1
AK2310837,31,2
AK2310853,114,1
AK2310879,105,1
AK2310895,38,2
AK2310900,27000,0
AK2310918,20076,0
AK2310926,1575,2
AK2310934,53,0
AK2312156,880,0
AK2312415,508,2
AK2312457,52,1
AK2312504,102,1
AK2312813,310,0
AK2313233,72,1
AK2314653,2400,0
AK2315586,325,0
AK2315659,35,0
AK2320078,4900,1
AK2320086,600,0
AK2320094,284,0
AK2320230,638,0
AK2320248,292,0
AK2320256,237,0
AK2320264,443,0
AK2320426,881,0
AK2340010,3920,0
AK2340060,3234,5
AK2340109,735,1
AK2340117,452,5
AK2340125,600,3
AK2340141,83,4
AK2340159,485,0
AK2340167,277,2
AK2340183,802,0
AK2340191,173,3
AK2340214,150,3
AK2340222,160,3
AK2340230,455,1
AK2340248,295,3
AK2340337,495,2
AK2340345,320,3
AK2340361,299,2
AK2340379,846,4
AK2340387,757,3
AK2340418,442,2
AK2340442,270,2
AK2340484,572,1
AK2340492,590,0
AK2340507,210,0
AK2340565,93,2
AK2340735,300,0
AK2340751,669,1
AK2350235,350,0
AK2360109,271,3
AK2360141,214,4
AK2360159,290,0
AK2360214,85,0
AK2360230,80,0
AK2360256,665,0
AK2360272,490,4
AK2360442,28,1
AK2360785,245,1
AK2360816,88,1
AK2360866,215,0
AK2370625,11870,1
AK2370780,1257,0
AK2370879,44,1
AK2372075,210,0
AK2380214,54,4
AK2380329,62,0
AK2380531,108,1
AK2380638,150,0
AK2381422,223,0
AK2381498,90,0
AK2382096,192,1
AK2390065,486,0
AK2390586,300,1
AK2390756,433,0
AL0000001,7710,0
AL0000002,1494,0
AL0000003,1440,0
AL0000013,8670,0
AL0000017,46614,0
AL0000023,28713,0
AL0000025,17268,0
AL0000028,1266,0
AL0000029,33372,0
AL0000035,59850,0
AL0000036,50919,0
AL0000038,40947,0
AL0000048,10104,0
AL0000053,17796,0
AL0000061,13242,0
AL0000065,2058,0
AL0000068,10161,0
AL0000073,1800,0
AL0000079,7056,0
AL0000081,636,0
AL0000082,2064,0
AL0000083,2832,0
AL0000085,17970,0
AL0000087,1395,0
AL0000088,1350,0
AL0000089,660,1
AL0000091,7050,0
AL0000092,5985,0
AL0000093,8631,0
AL0000095,1308,0
AL0000097,4629,1
AL0000098,861,0
AL0000100,4266,0
AL0000101,3516,0
AL0000102,2631,0
AL0000103,19971,0
AL0000104,6330,0
AL0000108,6111,0
AL0000116,867,0
AL0000117,8931,0
AL0000118,3945,0
AL0000122,3288,0
AL0000123,2889,1
AL0000125,9336,0
AL0000128,1170,0
AL0000131,32796,0
AL0000133,56646,0
AL0000149,633,0
AL0000154,14217,0
AL0000161,1680,0
AL0000162,31239,1
AL0000164,8073,0
AL0000168,7050,0
AL0000174,17532,0
AL0000177,6795,0
AL0000178,4047,0
AL0000179,7152,0
AL0000180,10389,1
AL0000184,32,0
AL0000187,4875,0
AL0000188,7050,0
AL0000189,11013,0
AL0000213,13500,0
AL0000219,4365,0
AL0000221,1119,0
AL0000229,3579,0
AL0000232,4590,1
AL0000233,819,0
AL0000234,27681,0
AL0000237,8157,3
AL0000243,3450,0
AL0000244,1080,0
AL0000245,1269,0
AL0000252,2730,1
AL0000254,534,0
AL0000255,5280,0
AL0000256,11715,0
AL0000257,5145,0
AL0000262,6897,0
AL0000264,2925,0
AL0000266,2751,0
AL0000268,3420,0
AL0000270,1545,1
AL0000277,585,0
AL0000279,4590,0
AL0000283,2061,0
AL0000295,5361,1
AL0000296,48000,0
AL0000298,1335,0
AL0000299,2415,0
AL0000302,4185,0
AL0000311,1992,0
AL0000314,13395,0
AL0000316,4035,0
AL0000318,1242,1
AL0000319,1203,1
AL0000320,3576,0
AL0000321,22467,0
AL0000327,13758,1
AL0000329,5520,0
AL0000331,14400,0
AL0000337,894,0
AL0000338,4950,0
AL0000339,975,0
AL0000341,1506,0
AL0000344,510,1
AL0000351,2550,1
AL0000352,2010,1
AL0000353,3759,0
AL0000354,5067,0
AL0000356,15251,0
AL0000361,13224,0
AL0000363,3834,0
AL0000364,801,0
AL0000368,450,0
AL0000372,726,0
AL0000375,10266,0
AL0000378,855,0
AL0000379,1050,0
AL0000384,498,0
AL0000385,1458,0
AL0000387,498,0
AL0000388,318,0
AL0000390,3903,0
AL0000392,789,0
AL0000393,3300,0
AL0000394,56628,0
AL0000397,6075,0
AL0000398,32,0
AL0000402,13284,0
AL0000404,798,0
AL0000406,6042,0
AL0000408,3594,0
AL0000409,5220,0
AL0000413,17466,0
AL0000414,1317,0
AL0000415,7779,0
AL0000416,1263,1
AL0000420,10014,0
AL0000436,3819,0
AL0000438,3300,0
AL0000439,2466,0
AL0000441,19965,0
AL0000443,1377,0
AL0000463,4152,0
AL0000482,8838,0
AL0000484,435,0
AL0000490,21834,0
AL0000491,3747,0
AL0000500,3504,0
AL0000506,3945,0
AL0000508,1998,0
AL0000509,25107,0
AL0000523,3075,0
AL0000533,5094,0
AL0000535,13680,0
AL0000537,4425,0
AL0000539,5451,0
AL0000540,12600,2
AL0000546,216,0
AL0000547,39798,0
AL0000548,7512,0
AL0000549,11832,0
AL0000551,10137,0
AL0000553,12060,0
AL0000555,11430,0
AL0000558,2994,0
AL0000559,2409,0
AL0000561,3414,0
AL0000563,1500,0
AL0000566,8400,0
AL0000570,903,1
AL0000571,1068,0
AL0000572,8403,0
AL0000573,2610,0
AL0000575,5616,0
AL0000577,44637,0
AL0000578,6465,0
AL0000580,3963,0
AL0000581,5536,0
AL0000582,6900,1
AL0000583,1074,0
AL0000587,4275,0
AL0000588,12363,0
AL0000589,861,0
AL0000591,12327,0
AL0000592,1227,0
AL0000594,4386,0
AL0000595,894,0
AL0000596,4887,0
AL0000597,8142,0
AL0000598,1500,1
AL0000604,2400,0
AL0000606,7425,0
AL0000607,6048,0
AL0000610,17100,0
AL0000612,1368,0
AL0000615,375,0
AL0000622,9600,0
AL0000624,4140,0
AL0000626,1852,0
AL0000628,4128,0
AL0000629,3630,0
AL0000636,4764,0
AL0000643,4062,0
AL0000645,4500,0
AL0000651,4404,0
AL0000657,3933,0
AL0000663,11625,0
AL0000664,6003,0
AL0000666,900,0
AL0000669,540,0
AL0000671,3816,0
AL0000676,1179,0
AL0000677,3570,1
AL0000678,2262,0
AL0000681,97146,0
AL0000685,414,0
AL0000689,2010,0
AL0000693,2382,0
AL0000702,9339,0
AL0000708,1521,0
AL0000713,5505,0
AL0000717,5880,0
AL0000726,1407,0
AL0000728,35259,0
AL0000729,22200,0
AL0000732,4101,1
AL0000737,86091,0
AL0000738,585000,0
AL0000741,2865,0
AL0000748,9288,0
AL0000751,10098,0
AL0000753,21300,0
AL0000755,5991,0
AL0000761,36300,0
AL0000763,38700,1
AL0000765,3243,0
AL0000767,435,0
AL0000769,723,0
AL0000770,1410,0
AL0000772,2643,0
AL0000773,9801,0
AL0000777,4881,1
AL0000783,77766,0
AL0000788,2910,0
AL0000789,5271,0
AL0000794,15681,0
AL0000798,9585,0
AL0000800,1527,0
AL0000801,15669,0
AL0000804,74292,0
AL0000805,12684,0
AL0000814,14964,0
AL0000816,56520,0
AL0000820,33555,0
AL0000824,43431,1
AL0000831,324,0
AL0000833,90900,0
AL0000846,2250,0
AL0000847,2868,0
AL0000852,1128,0
AL0000853,1704,0
AL0000858,1200,0
AL0000860,150,0
AL0000862,2850,0
AL0000865,1962,0
AL0000867,6951,0
AL0000870,12900,0
AL0000878,51915,0
AL0000882,310107,0
AL0000885,54114,0
AL0000888,119100,0
AL0000893,6231,0
AL0000897,13569,0
AL0000899,44472,0
AL0000904,1155,0
AL0000905,7038,0
AL0000908,10530,0
AL0000909,414,0
AL0000914,5103,0
AL0000918,465,3
AL0000919,960,0
AL0000920,3222,0
AL0000921,1590,1
AL0000924,4350,0
AL0000925,2514,1
AL0000926,10500,0
AL0000929,804,0
AL0000930,8631,0
AL0000933,29367,0
AL0000934,39795,0
AL0000935,4077,0
AL0000936,15138,0
AL0000940,19179,0
AL0000943,13374,0
AL0000945,15300,0
AL0000947,5328,0
AL0000949,2598,0
AL0000951,3072,1
AL0000957,8100,0
AL0000967,39249,0
AL0000971,5802,0
AL0000983,11100,0
AL0000993,6294,0
AL0000994,3825,0
AL0001002,39573,0
AL0001005,279000,1
AL0001006,1878,1
AL0001015,29190,3
AL0001021,13827,0
AL0001022,7248,0
AL0001031,10284,0
AL0001044,1485,0
AL0001046,3600,1
AL0001047,2100,0
AL0001050,2532,0
AL0001052,9885,0
AL0001056,3420,0
AL0001070,276000,0
AL0001071,2700,0
AL0001072,588,0
AL0001073,5343,0
AL0001074,1398,0
AL0001077,1644,0
AL0001078,2550,0
AL0001084,77103,0
AL0001085,1455,0
AL0001086,22233,0
AL0001088,25854,0
AL0001091,2844,0
AL0001092,30000,0
AL0001097,4188,0
AL0001100,3600,0
AL0001102,5655,0
AL0001103,1305,0
AL0001105,3630,0
AL0001106,14364,0
AL0001107,2376,0
AL0001108,1260,0
AL0001110,3057,1
AL0001114,438,0
AL0001120,12021,0
AL0001124,23523,0
AL0001127,7575,0
AL0001130,1149,0
AL0001131,7782,0
AL0001132,1527,0
AL0001137,13509,0
AL0001139,1038,0
AL0001142,42267,0
AL0001145,16923,1
AL0001148,40986,1
AL0001149,4398,0
AL0001150,26982,0
AL0001151,12903,0
AL0001156,2550,0
AL0001157,21300,0
AL0001159,1383,0
AL0001160,10746,0
AL0001163,38703,0
AL0001164,3252,0
AL0001168,2733,0
AL0001171,2415,0
AL0001172,3000,0
AL0001176,4107,0
AL0001199,6336,0
AL0001202,3039,0
AL0001203,26022,0
AL0001204,17586,0
AL0001205,990,0
AL0001208,3243,0
AL0001209,3864,0
AL0001211,6468,0
AL0001213,1722,1
AL0001216,5097,0
AL0001217,570,0
AL0001219,1044,0
AL0001220,4680,0
AL0001222,10983,0
AL0001223,3435,0
AL0001228,9777,0
AL0001229,594,1
AL0001236,5865,0
AL0001245,13923,0
AL0001247,4467,0
AL0001250,426,0
AL0001258,24087,0
AL0001260,20250,0
AL0001261,32,0
AL0001265,32556,0
AL0001270,1500,0
AL0001273,4101,1
AL0001274,825,0
AL0001279,6813,0
AL0001283,2361,0
AL0001285,1290,1
AL0001288,6102,0
AL0001289,14127,0
AL0001290,3648,0
AL0001293,15096,0
AL0001298,3747,0
AL0001299,5118,0
AL0001301,7077,0
AL0001302,6015,0
AL0001306,8730,0
AL0001307,40551,0
AL0001313,166524,2
AL0001322,4857,0
AL0001324,3159,0
AL0001326,3867,0
AL0001327,1059,0
AL0001336,28638,0
AL0001337,318,1
AL0001342,2103,0
AL0001343,3576,0
AL0001344,6333,0
AL0001345,1329,0
AL0001351,5994,0
AL0001353,2445,0
AL0001357,945,0
AL0001358,2037,0
AL0001360,1809,0
AL0001361,663,0
AL0001362,1710,1
AL0001363,3060,0
AL0001364,2217,0
AL0001366,735,0
AL0001368,1467,0
AL0001371,6144,2
AL0001374,4170,0
AL0001378,1728,0
AL0001380,1674,0
AL0001391,390,0
AL0001393,2361,2
AL0001402,2622,0
AL0001403,8673,0
AL0001410,6075,0
AL0001411,11865,0
AL0001412,1896,1
AL0001420,3903,0
AL0001422,47070,0
AL0001423,8214,0
AL0001424,10296,0
AL0001426,5196,1
AL0001427,2850,0
AL0001428,1137,0
AL0001432,18060,1
AL0001434,4569,0
AL0001437,6843,0
AL0001439,4416,0
AL0001460,1995,0
AL0001489,16774,0
AL0001490,12765,1
AL0001500,5166,0
AL0001505,2301,0
AL0001506,4095,0
AL0001507,14052,0
AL0001508,8703,0
AL0001509,9540,0
AL0001510,5991,0
AL0001511,495,0
AL0001512,3675,0
AL0001513,2325,0
AL0001516,2196,0
AL0001537,10290,0
AL0001540,16248,2
AL0001671,40101,0
AL0001672,2616,0
AL0001685,4749,0
AL0001716,3660,2
AL0001721,4083,0
AL0001739,3600,0
AL0001748,7800,2
AL0001750,5106,0
AL0001753,1539,0
AL0001755,4902,0
AL0001760,1800,0
AL0001761,8307,0
AL0001764,1749,3
AL0001767,513,0
AL0001769,246,0
AL0001770,5496,0
AL0001771,984,0
AL0001775,960,0
AL0001780,100,0
AL0001782,32,0
AL0001783,19074,1
AL0001784,2445,0
AL0001786,36312,0
AL0001789,6180,0
AL0001791,1533,0
AL0001796,32421,2
AL0001797,315,0
AL0001798,888,0
AL0001799,429,0
AL0001805,25,0
AL0001809,459,0
AR0000001,867,0
AR0000002,384,0
AR0000003,1726,0
AR0000004,9986,0
AR0000005,326,0
AR0000006,349,0
AR0000007,610,0
AR0000008,3208,0
AR0000009,655,0
AR0000010,602,2
AR0000011,2195,0
AR0000012,284,0
AR0000013,7393,0
AR0000014,473,0
AR0000015,5600,0
AR0000016,1028,0
AR0000017,7900,0
AR0000018,625,0
AR0000019,377,0
AR0000021,416,1
AR0000022,3222,1
AR0000024,338,0
AR0000025,19618,0
AR0000026,523,1
AR0000027,4383,0
AR0000028,1233,0
AR0000031,60,0
AR0000033,4690,0
AR0000034,2040,0
AR0000035,918,0
AR0000036,715,1
AR0000037,6730,0
AR0000038,54,0
AR0000039,39419,0
AR0000041,51250,0
AR0000042,875,0
AR0000043,5365,0
AR0000044,27243,0
AR0000045,65,0
AR0000046,593,1
AR0000047,758,0
AR0000048,7910,0
AR0000049,1010,0
AR0000051,4900,0
AR0000052,2468,0
AR0000053,12795,0
AR0000054,1163,0
AR0000055,81443,0
AR0000056,21430,0
AR0000057,580,0
AR0000058,568,0
AR0000059,503,0
AR0000060,3285,0
AR0000061,1290,0
AR0000062,17455,0
AR0000063,525,2
AR0000064,1188,0
AR0000065,3400,0
AR0000066,6001,0
AR0000067,830,0
AR0000068,244,0
AR0000069,2244,0
AR0000070,1906,0
AR0000071,296,0
AR0000072,900,0
AR0000074,6813,1
AR0000075,4053,0
AR0000076,750,0
AR0000077,6265,0
AR0000078,2446,0
AR0000080,1909,2
AR0000081,2065,0
AR0000082,2604,1
AR0000083,2600,0
AR0000085,11855,0
AR0000087,2988,0
AR0000088,506,0
AR0000089,562,0
AR0000090,4620,0
AR0000091,168,0
AR0000092,247,0
AR0000093,2280,0
AR0000094,208,0
AR0000095,165,0
AR0000096,3388,0
AR0000097,322,0
AR0000098,271,0
AR0000099,249,0
AR0000101,18628,1
AR0000102,531,0
AR0000103,658,0
AR0000104,14015,0
AR0000105,1400,0
AR0000106,1344,0
AR0000107,7187,0
AR0000108,447,0
AR0000109,11657,0
AR0000110,515,0
AR0000111,1145,0
AR0000112,1630,0
AR0000114,566,2
AR0000115,412,0
AR0000116,1182,0
AR0000119,22505,1
AR0000120,1300,0
AR0000121,1440,0
AR0000122,2186,0
AR0000123,245,1
AR0000124,81888,0
AR0000126,2550,0
AR0000127,1432,0
AR0000128,1385,0
AR0000129,1938,0
AR0000130,342,0
AR0000131,4283,0
AR0000135,548,1
AR0000136,1648,1
AR0000138,8529,0
AR0000140,1815,0
AR0000141,1052,0
AR0000142,22725,0
AR0000143,1028,2
AR0000144,6123,0
AR0000145,6275,0
AR0000146,2963,0
AR0000147,3071,0
AR0000148,925,0
AR0000149,2103,0
AR0000150,1659,0
AR0000151,603,0
AR0000152,13032,1
AR0000153,1899,0
AR0000154,248,2
AR0000155,540,0
AR0000156,24419,0
AR0000158,690,0
AR0000159,424,0
AR0000160,1045,0
AR0000162,2174,0
AR0000163,8391,0
AR0000164,3191,0
AR0000165,345,1
AR0000166,1325,0
AR0000167,360,2
AR0000168,563,0
AR0000169,293,0
AR0000170,3849,0
AR0000171,6338,1
AR0000172,49,4
AR0000173,209,2
AR0000174,166,0
AR0000175,720,2
AR0000176,805,0
AR0000179,635,0
AR0000180,3873,0
AR0000181,214,1
AR0000182,1600,0
AR0000183,488,0
AR0000184,8442,0
AR0000185,12173,0
AR0000186,225,0
AR0000187,400,1
AR0000188,457,1
AR0000189,64008,0
AR0000190,2235,2
AR0000191,12938,0
AR0000192,2438,0
AR0000193,7390,0
AR0000195,24690,0
AR0000196,5000,2
AR0000197,1820,0
AR0000199,712,0
AR0000200,3386,0
AR0000201,4368,0
AR0000202,1708,0
AR0000204,1639,0
AR0000205,336,0
AR0000206,1777,0
AR0000208,15985,0
AR0000209,75343,0
AR0000213,3858,0
AR0000214,2561,0
AR0000215,4605,0
AR0000216,1341,0
AR0000217,875,0
AR0000218,564,0
AR0000219,3887,0
AR0000220,1987,0
AR0000222,31188,0
AR0000223,1225,2
AR0000224,183,0
AR0000225,1410,0
AR0000227,425,1
AR0000230,11500,0
AR0000231,379,2
AR0000232,142,0
AR0000233,383,0
AR0000234,160,0
AR0000236,3528,0
AR0000237,14410,0
AR0000239,1800,0
AR0000241,1838,0
AR0000242,1364,0
AR0000243,1317,0
AR0000244,4153,0
AR0000246,391,0
AR0000247,235,0
AR0000248,1091,0
AR0000249,1423,0
AR0000250,15621,0
AR0000251,3343,0
AR0000252,3462,1
AR0000254,9108,0
AR0000255,3217,0
AR0000256,4126,0
AR0000257,192,0
AR0000258,1338,0
AR0000259,1402,0
AR0000261,245,1
AR0000262,98,0
AR0000263,233,1
AR0000264,6204,0
AR0000265,1013,2
AR0000266,1817,0
AR0000267,823,0
AR0000269,1215,1
AR0000271,765,0
AR0000272,43438,0
AR0000273,4600,0
AR0000274,188,1
AR0000276,2551,0
AR0000277,1773,0
AR0000279,2823,0
AR0000282,2000,0
AR0000283,286,0
AR0000284,5590,0
AR0000286,947,0
AR0000287,2087,0
AR0000288,1885,0
AR0000289,9410,0
AR0000290,1372,2
AR0000292,1610,0
AR0000293,517,0
AR0000294,567,0
AR0000295,290,0
AR0000296,1633,0
AR0000297,1951,0
AR0000298,275,1
AR0000299,773,0
AR0000300,825,0
AR0000301,2666,0
AR0000302,1034,0
AR0000303,146,0
AR0000304,249,0
AR0000305,586,0
AR0000306,621,0
AR0000307,1093,0
AR0000309,5823,0
AR0000310,3238,0
AR0000313,3770,3
AR0000314,219,3
AR0000315,3800,0
AR0000316,837,0
AR0000317,313,0
AR0000318,2173,0
AR0000319,7364,0
AR0000320,4261,0
AR0000321,354,0
AR0000322,495,0
AR0000323,1011,0
AR0000326,3847,0
AR0000327,1000,0
AR0000328,4935,2
AR0000329,1019,1
AR0000330,1542,0
AR0000332,1433,0
AR0000334,250,1
AR0000336,275,0
AR0000337,388,0
AR0000338,30063,0
AR0000339,2300,0
AR0000340,218,0
AR0000341,2477,0
AR0000343,4277,2
AR0000345,12579,1
AR0000346,3600,0
AR0000348,3508,0
AR0000349,11435,0
AR0000350,308,0
AR0000351,3870,0
AR0000352,2835,0
AR0000354,488,1
AR0000355,675,0
AR0000356,2598,0
AR0000357,342,0
AR0000358,955,3
AR0000360,50815,0
AR0000361,868,0
AR0000362,2030,0
AR0000365,12981,0
AR0000366,798,0
AR0000367,1077,0
AR0000370,1336,0
AR0000371,619,0
AR0000372,486,2
AR0000373,810,1
AR0000374,3083,0
AR0000375,6053,2
AR0000376,430,0
AR0000377,343,2
AR0000378,4165,0
AR0000380,33,0
AR0000383,392,0
AR0000384,2992,0
AR0000385,1320,3
AR0000388,1557,0
AR0000389,124,0
AR0000391,750,1
AR0000392,3218,4
AR0000393,550,0
AR0000394,4500,1
AR0000395,750,0
AR0000397,648,0
AR0000400,930,1
AR0000401,2511,0
AR0000402,2192,1
AR0000403,336,0
AR0000404,13275,0
AR0000405,1100,0
AR0000406,170,0
AR0000407,1399,0
AR0000409,545,0
AR0000410,1963,0
AR0000411,605,0
AR0000412,736,0
AR0000413,5550,0
AR0000414,650,0
AR0000415,3642,0
AR0000416,5693,2
AR0000417,431,0
AR0000418,1233,0
AR0000419,2708,3
AR0000420,665,0
AR0000421,1035,0
AR0000422,2068,0
AR0000423,1577,3
AR0000424,563,3
AR0000425,1645,1
AR0000426,958,0
AR0000427,436,0
AR0000428,973,0
AR0000430,2610,0
AR0000431,2824,0
AR0000432,2231,0
AR0000435,10000,0
AR0000436,641,1
AR0000437,548,0
AR0000438,5604,0
AR0000439,651,2
AR0000440,2014,0
AR0000441,4439,0
AR0000443,1443,0
AR0000444,1797,0
AR0000445,4045,0
AR0000446,29260,1
AR0000448,388,0
AR0000449,4245,0
AR0000450,600,1
AR0000451,250,0
AR0000452,1301,0
AR0000454,9253,0
AR0000458,545,0
AR0000459,8750,0
AR0000464,2832,0
AR0000465,368455,0
AR0000466,32875,0
AR0000467,120,0
AR0000471,1000,0
AR0000472,710,0
AR0000473,230,0
AR0000474,7752,0
AR0000475,437,0
AR0000476,404,0
AR0000477,139,0
AR0000483,2583,0
AR0000484,30681,0
AR0000485,700,0
AR0000486,19607,0
AR0000488,4000,0
AR0000491,2538,0
AR0000492,22775,0
AR0000493,15660,0
AR0000495,9573,0
AR0000497,705,0
AR0000498,3550,0
AR0000500,730,0
AR0000501,2550,0
AR0000503,1227,0
AR0000504,9905,0
AR0000505,1090,1
AR0000506,725,0
AR0000507,86209,0
AR0000508,782,0
AR0000509,2367,2
AR0000510,3650,0
AR0000511,298,2
AR0000512,5822,0
AR0000513,11538,0
AR0000514,500,1
AR0000515,535,0
AR0000516,255,0
AR0000517,739,0
AR0000518,1278,0
AR0000519,210,1
AR0000520,6105,0
AR0000521,4780,0
AR0000524,1101,0
AR0000525,750,0
AR0000526,3045,0
AR0000527,1186,1
AR0000528,350,0
AR0000529,80,0
AR0000530,830,0
AR0000531,987,0
AR0000532,1585,0
AR0000533,997,0
AR0000535,573,0
AR0000536,1649,0
AR0000537,1103,1
AR0000538,507,0
AR0000542,6153,0
AR0000544,1329,0
AR0000545,150,0
AR0000546,336,2
AR0000548,1108,0
AR0000550,17932,1
AR0000551,494,1
AR0000552,726,0
AR0000553,733,1
AR0000554,1112,0
AR0000555,2821,0
AR0000556,1131,0
AR0000557,850,2
AR0000558,338,0
AR0000559,1200,1
AR0000560,2391,0
AR0000561,729,0
AR0000562,1350,0
AR0000564,10280,0
AR0000566,7355,0
AR0000567,3905,0
AR0000569,116398,0
AR0000572,6690,0
AR0000573,9615,1
AR0000574,20140,0
AR0000575,98948,0
AR0000577,3178,0
AR0000579,6608,0
AR0000580,2936,0
AR0000582,2956,0
AR0000583,5215,0
AR0000584,2911,0
AR0000585,1345,0
AR0000586,4877,1
AR0000587,986,0
AR0000588,1624,0
AR0000589,870,0
AR0000590,28196,0
AR0000591,461,0
AR0000592,8451,0
AR0000594,5018,0
AR0000596,435,1
AR0000597,2228,0
AR0000598,445,1
AR0000599,1736,0
AR0000600,1103,2
AR0000601,4517,0
AR0000602,1411,0
AR0000603,2810,4
AR0000604,1204,3
AR0000606,2278,0
AR0000616,393,3
AR0000617,5792,0
AR0000618,346,0
AR0000619,375,0
AR0000620,62,0
AR0000622,583,1
AR0000626,249,0
AR0000627,1430,0
AR0000628,4558,0
AR0000633,203,1
AR0000635,1274,0
AR0000636,1793,0
AR0000637,1305,0
AR0000638,357,1
AR0000639,547,1
AR0000640,600,1
AR0000642,338,1
AR0000645,3073,0
AR0000646,5954,0
AR0000647,223,0
AR0000649,845,1
AR0000650,430,1
AR0000653,500,2
AR0000654,450,0
AR0000658,3,1
AR0000660,1500,1
AR0000661,616,3
AR0000662,323,2
AR0000663,525,0
AR0000667,600,0
AR0000668,6308,0
AR0000669,990,4
AR0000670,938,1
AR0000671,3055,0
AR0000672,2390,0
AR0000673,1040,0
AR0000674,4275,0
AR0000675,20,0
AR0000676,133,0
AR0000677,125,1
AR0000678,1730,0
AR0000680,903,1
AR0000681,1543,0
AR0000682,1825,1
AR0000683,1136,0
AR0000684,1438,0
AR0000685,119,0
AR0000686,668,0
AR0000688,7469,0
AR0000689,2624,0
AR0000690,8618,0
AR0000693,2325,0
AR0000696,700,1
AR0000697,7198,1
AR0000698,2722,0
AR0000699,469,0
AR0000700,310,0
AR0000701,597,1
AR0000704,7095,0
AR0000705,900,0
AR0000706,2250,0
AR0000709,312,0
AR0000713,405,0
AR0000714,1860,0
AR0000715,730,1
AR0000716,439,0
AR0000718,345,0
AR0000720,2613,0
AR0000722,5633,0
AR0000725,11148,0
AR0000726,568,3
AR0000727,3500,0
AR0000730,254,0
AR0000732,475,0
AR0000734,13519,0
AR0000735,5188,0
AR0000736,408,0
AR0000737,384,1
AR0000738,15204,0
AR0000741,2403,0
AR0000747,113,4
AR0000749,215,3
AR0000753,83,0
AR0000755,67,1
AR0000758,520,0
AR0000759,3015,0
AR0000764,750,0
AR0000765,2135,3
AR0000767,807,0
AR0000768,1920,0
AR0000772,5200,1
AR0000773,4325,2
AR0000774,2922,1
AR0000779,398,1
AR0000780,65,1
AR0000781,670,2
AR0000782,20394,0
AR0000783,830,0
AR0000785,403,0
AR0000786,160,0
AR0000787,4279,0
AR0000790,907,0
AR0000792,25,0
AR0000793,105,2
AR0000796,1650,0
AR0000798,1340,0
AR0000799,205,0
AR0000800,3832,0
AR0000801,485,0
AR0000802,308,0
AR0000803,4,0
AR0000804,559,0
AR0000805,7291,2
AR0000808,25,0
AR0000809,2263,1
AR0000811,1975,0
AR0000812,1935,0
AR0000813,820,0
AR0000814,2411,0
AR0000815,948,0
AR0000818,333,0
AR0000819,513,0
AR0000821,12718,0
AR0000822,1876,3
AR0000824,27,1
AR0000825,1083,0
AR0000826,1932,0
AR0000827,28,1
AR0000833,1207,0
AR0000835,1663,0
AR0000836,2465,0
AR0000837,1265,1
AR0000844,4220,1
AR0000845,1268,1
AR0000846,3112,2
AR0000851,2087,0
AR0000852,765,0
AR0000856,970,1
AR0000857,68,0
AR0000858,1340,0
AR0000867,7913,0
AR0000868,5365,0
AR0000870,2713,0
AR0000871,30,0
AR0000873,48,0
AR0000877,1500,0
AR0000878,683,0
AR0000882,290,1
AR0000883,2025,0
AR0000884,52,4
AR0000885,3970,0
AR0000886,150,0
AR0000887,1430,3
AR0000889,2335,2
AR0000890,68,1
AR0000891,22,1
AR0000899,673,0
AR0000912,1135,0
AR0000913,1813,1
AR0000919,1591,0
AR0000927,33,0
AR0000978,755,0
AR0000979,610,0
AR0001070,25,0
AR0001075,710,0
AR0001078,787,3
AR0001091,38,1
AR0001141,803,0
AR0001178,465,0
AR0001240,55,0
AR0001297,96,0
ART001101,88,1
AS9310751,402,1
AS9430546,270,1
AS9630145,213,0
AS9630243,236,0
AS9710652,344,2
AS9710657,460,0
AS9710855,457,0
AS9710858,327,0
AS9711356,577,0
AS9711948,45315,4
AZ0401001,1030,0
AZ0401004,4590,0
AZ0401010,84,0
AZ0401011,40,0
AZ0401012,3500,0
AZ0401013,1972,1
AZ0401015,153,0
AZ0401018,1120,0
AZ0401019,100,1
AZ0401022,350,1
AZ0401039,54,0
AZ0401047,1304,0
AZ0401049,1564,0
AZ0401054,54,0
AZ0401056,540,1
AZ0401076,57,0
AZ0401372,38,1
AZ0401704,1742,0
AZ0402001,8707,2
AZ0402004,9175,1
AZ0402005,5355,0
AZ0402006,489,1
AZ0402007,2178,0
AZ0402008,1385,1
AZ0402009,143,1
AZ0402010,20045,0
AZ0402011,1588,0
AZ0402012,1618,2
AZ0402013,553,0
AZ0402014,16656,0
AZ0402015,283,0
AZ0402016,66,1
AZ0402017,800,2
AZ0402018,395,0
AZ0402019,1750,1
AZ0402023,620,0
AZ0402024,658,1
AZ0402026,27,0
AZ0402027,312,4
AZ0402028,1980,0
AZ0402029,1614,1
AZ0402033,1545,1
AZ0402035,3236,0
AZ0402036,136,1
AZ0402038,940,0
AZ0402039,1255,1
AZ0402040,83,0
AZ0402041,30,2
AZ0402042,190,2
AZ0402043,150,2
AZ0402044,12804,2
AZ0402049,48,1
AZ0402052,1390,0
AZ0402054,315,0
AZ0402061,2600,1
AZ0402075,105,1
AZ0402078,15603,1
AZ0402094,655,0
AZ0402101,328,1
AZ0402104,50,1
AZ0402105,50,1
AZ0402110,402,2
AZ0402112,138,0
AZ0402120,67,0
AZ0402122,120,1
AZ0402125,183,1
AZ0402327,85,0
AZ0402345,75,2
AZ0402353,34,1
AZ0402360,79,2
AZ0402401,47,0
AZ0403002,8089,0
AZ0403003,12104,1
AZ0403004,72,1
AZ0403005,8996,0
AZ0403006,1270,2
AZ0403008,79796,0
AZ0403009,1327,0
AZ0403010,1140,0
AZ0403011,90,2
AZ0403013,3500,0
AZ0403014,353,0
AZ0403015,250,1
AZ0403017,7420,1
AZ0403018,1585,2
AZ0403021,210,1
AZ0403024,156,1
AZ0403026,3145,4
AZ0403032,1746,1
AZ0403037,807,0
AZ0403044,70,2
AZ0403063,1920,0
AZ0403067,130,1
AZ0403073,1668,0
AZ0403081,100,1
AZ0403084,430,0
AZ0403087,45,0
AZ0403088,350,1
AZ0403105,1423,1
AZ0403175,30,2
AZ0403299,55,2
AZ0403300,1710,1
AZ0403312,1710,0
AZ0403331,27,1
AZ0403362,400,0
AZ0403385,250,1
AZ0403659,80,1
AZ0403702,16590,2
AZ0403712,579,1
AZ0404002,8656,1
AZ0404003,424,0
AZ0404004,150,0
AZ0404005,497,1
AZ0404008,7536,1
AZ0404015,172,0
AZ0404016,100,2
AZ0404020,117,2
AZ0404021,190,2
AZ0404022,121,0
AZ0404023,512,1
AZ0404024,65,1
AZ0404026,375,3
AZ0404027,86,0
AZ0404028,212,0
AZ0404029,35,0
AZ0404030,976,0
AZ0404032,17682,0
AZ0404034,8013,0
AZ0404035,200,2
AZ0404036,508,0
AZ0404037,1157,0
AZ0404038,266,2
AZ0404039,403,0
AZ0404040,117,1
AZ0404044,173,1
AZ0404047,1172,1
AZ0404049,156,1
AZ0404054,517,0
AZ0404064,308,0
AZ0404069,138,1
AZ0404083,150,0
AZ0404104,200,1
AZ0404112,130,1
AZ0404200,139,1
AZ0404233,90,0
AZ0404300,130,3
AZ0404314,400,0
AZ0404324,308,0
AZ0404341,300,1
AZ0404342,430,0
AZ0404346,508,0
AZ0404400,36,1
AZ0405001,452,1
AZ0405002,3799,2
AZ0405003,400,1
AZ0405005,20600,1
AZ0405007,310,0
AZ0405303,800,1
AZ0405306,949,1
AZ0406001,605,2
AZ0406002,1678,0
AZ0406003,4108,2
AZ0406004,604,4
AZ0406005,351,0
AZ0406009,125,0
AZ0406305,142,1
AZ0407001,700,2
AZ0407003,987,0
AZ0407007,10263,0
AZ0407008,1388,0
AZ0407012,100,0
AZ0407015,3894,0
AZ0407016,5895,0
AZ0407017,26026,0
AZ0407019,2175,2
AZ0407021,431,1
AZ0407025,1695000,0
AZ0407026,4220,0
AZ0407030,132,0
AZ0407032,288,0
AZ0407033,95502,0
AZ0407037,51,0
AZ0407039,50,3
AZ0407045,6481,0
AZ0407046,55810,1
AZ0407056,14107,0
AZ0407064,963,0
AZ0407065,6202,0
AZ0407067,1200,0
AZ0407069,1922,0
AZ0407070,6490,0
AZ0407071,604,0
AZ0407076,350,0
AZ0407078,30377,0
AZ0407079,5940,0
AZ0407082,66,0
AZ0407086,400,1
AZ0407088,96130,0
AZ0407089,7008,0
AZ0407090,247328,0
AZ0407091,39884,0
AZ0407092,247600,0
AZ0407093,234766,0
AZ0407094,50001,0
AZ0407095,466000,0
AZ0407096,187676,0
AZ0407098,241361,0
AZ0407099,38016,0
AZ0407100,165000,0
AZ0407101,9300,0
AZ0407111,131,0
AZ0407112,815,0
AZ0407114,280,0
AZ0407120,20000,1
AZ0407121,5330,0
AZ0407128,18858,0
AZ0407150,25796,0
AZ0407154,15783,0
AZ0407167,55,0
AZ0407169,400,0
AZ0407179,319,0
AZ0407195,1378,0
AZ0407280,40,2
AZ0407305,8440,0
AZ0407307,680,1
AZ0407343,300,1
AZ0407366,300,1
AZ0407392,71,0
AZ0407409,2620,0
AZ0407411,112,0
AZ0407482,59,0
AZ0407484,25,0
AZ0407492,53,2
AZ0407493,25,1
AZ0407500,40007,0
AZ0407504,23826,0
AZ0407511,96,0
AZ0407517,795,0
AZ0407523,23963,0
AZ0407524,76,1
AZ0407526,10123,0
AZ0407528,508,0
AZ0407531,14723,0
AZ0407532,4868,1
AZ0407538,520,0
AZ0407549,87,0
AZ0407555,4300,2
AZ0407618,422,0
AZ0407621,400,0
AZ0407624,583,0
AZ0407630,123,3
AZ0407633,89,0
AZ0407660,345,3
AZ0407670,175,1
AZ0407671,100,0
AZ0407677,60,0
AZ0407682,500,2
AZ0407695,127718,2
AZ0407700,1500,1
AZ0407713,84,0
AZ0407733,69,0
AZ0407736,72,0
AZ0407765,10313,0
AZ0407773,1100,0
AZ0407900,80,1
AZ0407903,95,0
AZ0408001,230,1
AZ0408005,350,0
AZ0408006,1048,0
AZ0408014,150,0
AZ0408015,4788,0
AZ0408017,1500,0
AZ0408018,58,1
AZ0408020,45000,0
AZ0408021,1578,0
AZ0408022,54610,0
AZ0408024,3970,2
AZ0408026,617,0
AZ0408032,36330,1
AZ0408035,2538,0
AZ0408037,224,1
AZ0408038,6063,0
AZ0408039,333,0
AZ0408040,3408,1
AZ0408041,503,0
AZ0408042,250,0
AZ0408046,125,4
AZ0408057,35,1
AZ0408059,2257,0
AZ0408062,746,1
AZ0408063,25000,0
AZ0408064,280,3
AZ0408066,180,1
AZ0408068,5190,1
AZ0408071,183,0
AZ0408072,258,1
AZ0408074,40,0
AZ0408078,728,0
AZ0408080,136,1
AZ0408081,3950,1
AZ0408082,135,1
AZ0408083,272,1
AZ0408089,124,1
AZ0408090,1578,0
AZ0408093,162,0
AZ0408122,560,0
AZ0408127,47,1
AZ0408129,596,0
AZ0408133,1500,0
AZ0408137,3091,1
AZ0408138,284,0
AZ0408142,100,0
AZ0408145,63,0
AZ0408149,338,0
AZ0408150,280,1
AZ0408164,800,2
AZ0408173,200,1
AZ0408174,415,2
AZ0408177,75,0
AZ0408178,98,2
AZ0408180,300,0
AZ0408184,3500,0
AZ0408333,59,1
AZ0408341,653,0
AZ0408342,42,0
AZ0408701,1300,4
AZ0409000,89,0
AZ0409001,287,2
AZ0409003,12191,0
AZ0409004,13797,0
AZ0409005,922,0
AZ0409009,425,0
AZ0409013,250,0
AZ0409014,839,1
AZ0409015,4833,1
AZ0409016,1811,0
AZ0409017,47,0
AZ0409018,3513,0
AZ0409021,3250,0
AZ0409023,5375,0
AZ0409024,322,1
AZ0409026,17139,0
AZ0409028,390,1
AZ0409029,5590,0
AZ0409030,580,0
AZ0409031,4190,0
AZ0409032,160,0
AZ0409034,1997,1
AZ0409035,9789,0
AZ0409036,1233,0
AZ0409039,198,0
AZ0409040,208,5
AZ0409041,376,1
AZ0409046,100,0
AZ0409049,1153,1
AZ0409050,140,0
AZ0409060,380,1
AZ0409074,37,0
AZ0409075,44,0
AZ0409086,180,0
AZ0409090,975,0
AZ0409091,75,1
AZ0409300,350,1
AZ0409305,320,1
AZ0409311,450,2
AZ0409316,150,0
AZ0409329,668,0
AZ0409330,475,1
AZ0409343,103,0
AZ0410001,2654,0
AZ0410002,150,0
AZ0410003,2100,0
AZ0410004,22085,0
AZ0410006,6685,0
AZ0410007,114,0
AZ0410008,65,0
AZ0410011,272,0
AZ0410035,3209,0
AZ0410041,17500,0
AZ0410046,880,0
AZ0410047,42,0
AZ0410048,492,0
AZ0410049,5592,0
AZ0410051,16000,1
AZ0410057,215,0
AZ0410058,164,1
AZ0410060,4252,0
AZ0410063,722,0
AZ0410064,3720,0
AZ0410065,359,0
AZ0410070,709,1
AZ0410074,294,0
AZ0410076,45570,0
AZ0410092,5278,0
AZ0410093,870,0
AZ0410095,4495,0
AZ0410098,165,1
AZ0410101,150,0
AZ0410112,732906,0
AZ0410117,310,0
AZ0410118,400,0
AZ0410119,685,0
AZ0410123,93,1
AZ0410127,3822,0
AZ0410128,2613,0
AZ0410132,60,0
AZ0410136,118,0
AZ0410138,4568,0
AZ0410139,1950,1
AZ0410140,290,0
AZ0410142,900,0
AZ0410144,232,4
AZ0410150,15162,0
AZ0410152,300,0
AZ0410153,405,0
AZ0410154,69,0
AZ0410157,8687,0
AZ0410158,496,0
AZ0410159,706,0
AZ0410162,263,0
AZ0410164,42316,0
AZ0410169,10217,0
AZ0410171,1168,0
AZ0410173,3128,0
AZ0410175,4534,0
AZ0410177,3243,0
AZ0410178,180,0
AZ0410179,174,0
AZ0410187,350,2
AZ0410188,150,0
AZ0410199,75,1
AZ0410206,254,0
AZ0410208,258,0
AZ0410213,3990,0
AZ0410218,77,0
AZ0410219,107,0
AZ0410228,445,0
AZ0410242,25,0
AZ0410250,69,1
AZ0410262,6812,0
AZ0410264,247,0
AZ0410265,157,0
AZ0410268,54,0
AZ0410269,83,0
AZ0410270,84,0
AZ0410272,126,0
AZ0410278,148,0
AZ0410281,156,1
AZ0410282,72,0
AZ0410283,255,0
AZ0410286,55,0
AZ0410311,45,0
AZ0410312,18178,0
AZ0410317,108,0
AZ0410319,114,0
AZ0410329,5248,0
AZ0410351,105,0
AZ0410354,576,0
AZ0410357,5542,0
AZ0410400,45,0
AZ0410402,30,0
AZ0410405,99,0
AZ0410408,500,0
AZ0410409,174,0
AZ0410410,261,0
AZ0410411,266,0
AZ0410414,492,0
AZ0410435,49,0
AZ0410445,29,0
AZ0410450,309,0
AZ0410481,35,0
AZ0410501,750,0
AZ0410505,200,0
AZ0410701,755,0
AZ0410810,52,0
AZ0410968,266,1
AZ0411003,60,1
AZ0411004,62055,0
AZ0411005,375,1
AZ0411009,134432,0
AZ0411012,639,1
AZ0411017,15900,1
AZ0411018,1181,1
AZ0411019,10585,0
AZ0411020,4748,1
AZ0411021,4393,0
AZ0411022,49,1
AZ0411024,943,0
AZ0411030,7903,1
AZ0411031,1950,1
AZ0411036,928,1
AZ0411037,470,2
AZ0411038,55,3
AZ0411039,15610,2
AZ0411042,340,0
AZ0411044,1200,0
AZ0411052,613,0
AZ0411061,176,1
AZ0411062,180,0
AZ0411066,1001,2
AZ0411076,1796,1
AZ0411079,99,0
AZ0411087,450,5
AZ0411090,40,0
AZ0411097,530,5
AZ0411100,2231,0
AZ0411111,600,0
AZ0411114,28,2
AZ0411115,8852,0
AZ0411117,18132,0
AZ0411128,87435,0
AZ0411129,532,4
AZ0411130,2656,0
AZ0411131,84000,1
AZ0411135,2440,0
AZ0411136,10362,0
AZ0411151,37,0
AZ0411160,3813,0
AZ0411201,48,0
AZ0411301,60,0
AZ0411315,38,1
AZ0411321,283,3
AZ0411322,120,0
AZ0411324,30,1
AZ0411328,1071,0
AZ0411334,227,2
AZ0411365,200,2
AZ0411381,36,0
AZ0411383,200,3
AZ0411407,416,2
AZ0411409,405,3
AZ0411460,57,0
AZ0411547,400,1
AZ0411556,375,1
AZ0411557,100,3
AZ0411560,820,2
AZ0411575,1170,0
AZ0411705,3969,3
AZ0411708,225,2
AZ0411712,150,2
AZ0412001,2076,0
AZ0412004,22000,1
AZ0412005,169,1
AZ0412006,819,0
AZ0412009,2331,0
AZ0412011,17960,0
AZ0412012,82,1
AZ0412015,109,1
AZ0412020,27,2
AZ0412037,1090,0
AZ0412040,75,1
AZ0412044,100,0
AZ0412305,153,1
AZ0412306,100,1
AZ0412308,49,0
AZ0412311,430,2
AZ0412321,23,1
AZ0413001,1932,0
AZ0413008,2250,1
AZ0413010,728,0
AZ0413011,3200,0
AZ0413012,7392,3
AZ0413015,5013,1
AZ0413016,196,0
AZ0413017,2000,0
AZ0413020,541,2
AZ0413021,1870,0
AZ0413023,4257,0
AZ0413024,4920,0
AZ0413025,11023,0
AZ0413026,55,0
AZ0413027,203,2
AZ0413028,42,0
AZ0413029,163,0
AZ0413030,50,0
AZ0413034,450,0
AZ0413035,150,0
AZ0413036,30,0
AZ0413037,440,0
AZ0413038,169,0
AZ0413039,1400,0
AZ0413040,458,0
AZ0413041,1507,3
AZ0413042,650,0
AZ0413043,54,1
AZ0413044,602,0
AZ0413045,42217,1
AZ0413046,3423,1
AZ0413048,57048,0
AZ0413049,110,0
AZ0413051,2437,0
AZ0413052,825,1
AZ0413055,138,1
AZ0413057,515,0
AZ0413058,100,0
AZ0413059,875,1
AZ0413060,785,0
AZ0413062,1127,0
AZ0413067,250,3
AZ0413069,380,3
AZ0413071,439,0
AZ0413072,145,0
AZ0413074,50,1
AZ0413075,264,3
AZ0413077,243,0
AZ0413078,658,0
AZ0413079,2350,1
AZ0413096,210,0
AZ0413103,400,0
AZ0413104,2893,0
AZ0413105,1458,0
AZ0413106,4509,0
AZ0413108,480,0
AZ0413109,54,0
AZ0413113,42,0
AZ0413114,1776,0
AZ0413119,19,1
AZ0413121,450,0
AZ0413122,70,3
AZ0413127,275,0
AZ0413130,870,1
AZ0413137,2742,0
AZ0413141,510,0
AZ0413148,500,0
AZ0413150,381,0
AZ0413155,1200,0
AZ0413164,2194,0
AZ0413184,880,0
AZ0413190,60,0
AZ0413192,247,1
AZ0413193,90,3
AZ0413202,120,0
AZ0413208,600,0
AZ0413221,292,5
AZ0413247,602,0
AZ0413248,195,0
AZ0413256,55,0
AZ0413258,140,1
AZ0413263,566,0
AZ0413264,34,0
AZ0413267,50,0
AZ0413268,173,2
AZ0413281,130,1
AZ0413298,52,2
AZ0413303,507,0
AZ0413307,179,0
AZ0413330,57,1
AZ0413338,60,1
AZ0413340,150,0
AZ0413341,115,1
AZ0413348,190,5
AZ0413351,100,1
AZ0413358,2877,0
AZ0413373,250,0
AZ0413378,150,0
AZ0413393,80,3
AZ0413408,120,0
AZ0413415,25,2
AZ0413419,160,0
AZ0413423,54,1
AZ0413425,90,0
AZ0413431,65,0
AZ0413485,300,1
AZ0413487,60,4
AZ0414001,163,2
AZ0414003,319,1
AZ0414004,32425,0
AZ0414005,39705,1
AZ0414014,430,1
AZ0414015,14197,0
AZ0414022,3000,5
AZ0414024,103264,1
AZ0414030,243,3
AZ0414037,540,0
AZ0414039,402,0
AZ0414065,105,1
AZ0414070,35,3
AZ0414073,120,5
AZ0414075,143,3
AZ0414080,632,5
AZ0414082,8353,1
AZ0414086,71,0
AZ0414095,200,2
AZ0414098,816,1
AZ0414099,4197,1
AZ0414107,102,5
AZ0414322,450,1
AZ0414391,30,2
AZ0414403,1500,0
AZ0414432,75,2
AZ0414442,404,4
AZ0414463,90,1
AZ0414515,500,0
AZ0415002,108,2
AZ0415006,1298,0
AZ0415010,1775,0
AZ0415011,528,0
AZ0415021,317,2
AZ0415023,360,0
AZ0415026,454,0
AZ0415027,429,0
AZ0415029,1759,1
AZ0415038,284,2
AZ0415040,79,0
AZ0415058,559,0
AZ0415096,1224,0
AZ0415122,70,1
AZ0415123,197,4
AZ0415346,2761,0
AZ0415435,488,0
AZ0415497,989,0
AZ0415509,440,0
AZ0415801,220,1
AZ0420019,450,0
AZ0420026,200,0
AZ0420033,220,0
AZ0420042,258,0
AZ0420043,150,0
AZ0420092,51,0
AZ0420096,100,1
AZ0420109,960,1
AZ0420129,75,1
AZ0420159,130,0
AZ0420175,303,0
AZ0420176,75,0
AZ0420197,420,0
AZ0420205,225,0
AZ0420419,50,0
AZ0420420,156,1
AZ0420439,554,0
AZ0420443,870,0
AZ0420445,342,1
AZ0420475,30,1
AZ0420478,168,0
AZ0420487,217,0
AZ0420500,77,0
AZ0420529,72,1
AZ0420531,167,1
AZ0420542,385,0
AZ0420546,90,0
AZ0420549,18640,0
AZ0420557,4500,1
AZ0420570,720,0
AZ0420575,62,0
AZ0420595,53,0
AZ0420597,250,0
AZ0420600,54,2
AZ0420602,912,0
AZ0420606,605,0
CA0103040,50,1
CA0103041,459,0
CA0105008,524,1
CA0110001,344000,0
CA0110003,60414,0
CA0110005,1442800,0
CA0110006,162954,0
CA0110008,76689,0
CA0110009,98776,0
CA0110010,40,0
CA0110011,38892,0
CA0110012,281,0
CA0110016,1400,0
CA0110018,1,0
CA0202503,50,0
CA0202504,175,0
CA0202522,70,1
CA0210001,625,1
CA0210002,7851,0
CA0300010,221,0
CA0300011,40,0
CA0300016,103,0
CA0300019,100,1
CA0300024,62,0
CA0300037,3553,0
CA0300053,44,0
CA0300062,299,0
CA0300078,40,0
CA0310001,5019,1
CA0310002,7227,1
CA0310003,4940,0
CA0310004,1060,0
CA0310005,1141,0
CA0310006,574,1
CA0310008,922,0
CA0310011,838,1
CA0310012,8791,0
CA0310018,230,0
CA0310019,188,0
CA0310021,2402,0
CA0400001,150,0
CA0400003,41,1
CA0400004,119,1
CA0400007,399,0
CA0400008,290,0
CA0400012,460,0
CA0400013,90,0
CA0400014,297,0
CA0400016,28,0
CA0400019,76,0
CA0400020,327,1
CA0400021,20,2
CA0400023,75,0
CA0400026,50,1
CA0400027,180,1
CA0400030,275,0
CA0400040,253,1
CA0400042,28,0
CA0400051,220,0
CA0400078,46,1
CA0400090,45,1
CA0400091,106,0
CA0400117,25,0
CA0400123,58,0
CA0400149,55,1
CA0400151,160,0
CA0405001,895,0
CA0409181,81,0
CA0409183,450,1
CA0410001,2060,1
CA0410002,114925,0
CA0410003,1581,0
CA0410004,7269,1
CA0410005,11106,0
CA0410006,22664,0
CA0410007,9142,0
CA0410008,12136,0
CA0410009,340,0
CA0410011,10940,0
CA0410012,73,0
CA0410018,521,0
CA0500019,67,1
CA0500027,99,1
CA0500068,99,0
CA0500075,30,0
CA0500082,288,0
CA0500091,150,1
CA0510001,4774,0
CA0510002,6286,0
CA0510003,3836,1
CA0510004,89,0
CA0510005,1043,0
CA0510006,9861,0
CA0510009,4841,0
CA0510010,900,0
CA0510011,686,0
CA0510012,828,0
CA0510016,11545,1
CA0510017,5187,0
CA0510019,255,0
CA0600005,250,0
CA0600008,512,3
CA0600012,246,0
CA0600013,382,0
CA0605011,185,0
CA0610001,2778,0
CA0610002,6447,0
CA0610003,1175,0
CA0610004,5538,0
CA0706004,170,5
CA0706005,140,0
CA0707501,60,0
CA0707507,380,5
CA0707517,32,1
CA0707519,49,0
CA0707523,200,0
CA0707545,350,1
CA0707547,73,0
CA0707553,126,0
CA0707556,100,1
CA0707569,99,0
CA0707572,123,0
CA0707573,333,4
CA0707575,185,0
CA0707576,644,0
CA0707577,230,0
CA0707585,66,0
CA0707588,156,0
CA0707589,93,3
CA0707594,45,0
CA0707597,67,1
CA0707598,210,0
CA0707601,110,1
CA0707603,549,0
CA0707608,75,0
CA0707613,481,0
CA0707615,66,0
CA0707623,31,0
CA0710001,115074,0
CA0710002,23731,0
CA0710003,198000,0
CA0710004,64513,0
CA0710006,30997,0
CA0710007,43357,0
CA0710008,62500,0
CA0710009,16790,0
CA0710010,1,0
CA0800526,200,1
CA0800529,60,1
CA0800532,513,0
CA0800548,360,0
CA0800552,250,0
CA0800555,657,0
CA0800556,185,0
CA0800557,174,1
CA0800603,65,1
CA0800605,112,1
CA0800700,120,1
CA0800800,142,0
CA0800825,58,0
CA0810001,17262,0
CA0810002,2568,0
CA0810003,2605,0
CA0900102,134,0
CA0900112,75,0
CA0900300,150,1
CA0900308,80,0
CA0900404,75,0
CA0900422,112,0
CA0901217,100,0
CA0910001,132171,0
CA0910002,100000,0
CA0910003,9224,0
CA0910006,1374,0
CA0910007,3277,0
CA0910012,703,0
CA0910013,9434,0
CA0910015,1420,0
CA0910017,400,0
CA0910018,535,0
CA0910019,2648,0
CA1000004,264,0
CA1000005,72,1
CA1000018,302,0
CA1000019,241,2
CA1000021,417,0
CA1000023,115,0
CA1000039,132,0
CA1000040,129,0
CA1000041,185,0
CA1000042,196,0
CA1000053,540,0
CA1000054,375,0
CA1000056,240,0
CA1000057,92,0
CA1000063,120,0
CA1000069,345,0
CA1000075,25,1
CA1000078,291,1
CA1000186,105,1
CA1000199,46,0
CA1000200,79,1
CA1000213,98,0
CA1000229,350,1
CA1000238,75,0
CA1000244,160,0
CA1000247,60,1
CA1000257,42,0
CA1000259,82,0
CA1000260,89,0
CA1000265,68,0
CA1000267,120,0
CA1000277,64,1
CA1000295,160,1
CA1000298,300,0
CA1000299,347,1
CA1000324,170,0
CA1000345,220,0
CA1000359,462,1
CA1000366,275,1
CA1000369,100,0
CA1000378,350,0
CA1000405,36,0
CA1000426,137,1
CA1000430,1274,0
CA1000454,55,0
CA1000471,395,0
CA1000472,40,0
CA1000484,1117,1
CA1000546,440,1
CA1000550,350,0
CA1000551,182,0
CA1000554,81,1
CA1000555,34,0
CA1000570,565,0
CA1000574,48,0
CA1000585,25,1
CA1000627,62,0
CA1009020,98,0
CA1009023,85,0
CA1009027,140,1
CA1009028,182,0
CA1009039,36,1
CA1009051,52,1
CA1009078,203,1
CA1009111,104,0
CA1009120,105,0
CA1009179,76,0
CA1009214,72,1
CA1009222,80,0
CA1009232,82,0
CA1010001,17393,1
CA1010003,130130,0
CA1010004,17277,0
CA1010005,8096,0
CA1010006,7448,0
CA1010007,545716,0
CA1010013,1519,0
CA1010017,2722,0
CA1010018,17256,0
CA1010019,13540,0
CA1010020,1151,1
CA1010021,11404,0
CA1010023,9525,1
CA1010024,26517,0
CA1010025,14576,1
CA1010026,16736,0
CA1010027,26076,0
CA1010028,2756,0
CA1010029,26357,1
CA1010030,807,2
CA1010034,4060,0
CA1010035,1491,0
CA1010039,2613,1
CA1010042,5979,0
CA1010044,9306,1
CA1010049,1623,0
CA1010051,909,0
CA1010052,850,0
CA1010053,836,1
CA1010055,1988,0
CA1010339,41000,0
CA1010501,2950,0
CA1010800,52,0
CA1100203,254,0
CA1100237,261,0
CA1100254,27,0
CA1100404,277,0
CA1100413,40,0
CA1100444,244,1
CA1100445,178,0
CA1100452,62,0
CA1100616,212,0
CA1100711,75,0
CA1110001,8298,0
CA1110002,1799,0
CA1110003,7240,0
CA1200501,190,0
CA1200518,333,0
CA1200538,330,1
CA1200541,124,1
CA1200544,116,0
CA1200547,85,1
CA1200553,448,1
CA1200566,85,1
CA1200587,75,0
CA1200588,63,0
CA1200590,33,0
CA1200591,70,0
CA1200592,112,0
CA1200643,67,0
CA1200671,347,0
CA1200687,60,1
CA1200701,396,0
CA1200706,130,0
CA1200707,492,0
CA1200715,250,0
CA1200718,75,0
CA1200729,636,1
CA1206002,64,1
CA1206004,320,1
CA1210001,20875,0
CA1210002,1172,0
CA1210004,27078,0
CA1210006,12133,0
CA1210007,1662,0
CA1210008,2041,0
CA1210009,19807,0
CA1210010,681,2
CA1210011,1207,0
CA1210012,3300,0
CA1210013,680,0
CA1210015,1298,1
CA1210016,16900,0
CA1210017,750,0
CA1210018,1072,0
CA1210019,1366,1
CA1210020,1845,0
CA1210021,924,0
CA1210022,803,0
CA1210023,828,0
CA1210024,490,0
CA1300009,394,1
CA1300018,1800,0
CA1300513,150,1
CA1300514,125,1
CA1300546,40,1
CA1300550,600,1
CA1300555,125,1
CA1300571,30,1
CA1300572,70,1
CA1300575,202,1
CA1300588,37,0
CA1300616,410,1
CA1300620,130,1
CA1300622,138,0
CA1300626,650,1
CA1300628,40,0
CA1300629,25,0
CA1300664,25,0
CA1310001,26862,0
CA1310002,40357,1
CA1310003,7363,0
CA1310004,43772,0
CA1310005,6355,0
CA1310006,21591,1
CA1310007,6979,0
CA1310008,2202,2
CA1310013,1729,1
CA1310700,637,0
CA1310800,4800,0
CA1310801,4100,0
CA1400002,241,0
CA1400004,242,2
CA1400005,311,0
CA1400006,240,0
CA1400007,600,0
CA1400010,1225,1
CA1400020,48,0
CA1400025,70,0
CA1400026,90,0
CA1400027,132,0
CA1400030,468,0
CA1400031,65,0
CA1400034,75,0
CA1400036,66,5
CA1400045,73,0
CA1400056,59,0
CA1400059,126,0
CA1400066,60,0
CA1400070,138,0
CA1400072,70,0
CA1400078,38,0
CA1400098,40,0
CA1400099,320,0
CA1400109,42,0
CA1400110,188,0
CA1400111,764,0
CA1400135,158,0
CA1400144,73,0
CA1400155,32,0
CA1400511,22,1
CA1400518,25,0
CA1410001,3819,0
CA1410005,1030,0
CA1410006,792,0
CA1410007,1400,1
CA1410008,1108,1
CA1410009,1835,1
CA1410502,175,0
CA1410503,88,0
CA1410505,150,0
CA1410800,94,1
CA1500096,130,2
CA1500152,26,0
CA1500209,143,0
CA1500211,433,0
CA1500231,849,0
CA1500251,272,0
CA1500252,132,2
CA1500289,150,0
CA1500290,270,0
CA1500296,545,0
CA1500314,297,0
CA1500324,92,0
CA1500327,33,1
CA1500333,167,0
CA1500336,44,0
CA1500340,150,0
CA1500341,144,1
CA1500344,32,2
CA1500349,200,0
CA1500364,75,0
CA1500371,208,0
CA1500374,122,0
CA1500378,140,0
CA1500393,238,4
CA1500398,32,0
CA1500401,90,4
CA1500404,68,0
CA1500405,87,0
CA1500406,632,3
CA1500407,226,0
CA1500409,462,2
CA1500413,132,0
CA1500424,174,4
CA1500436,74,4
CA1500443,465,1
CA1500447,150,0
CA1500448,36,0
CA1500449,56,0
CA1500452,750,1
CA1500455,56,4
CA1500458,67,4
CA1500459,82,0
CA1500465,123,2
CA1500466,710,0
CA1500475,504,0
CA1500478,386,0
CA1500481,877,0
CA1500483,195,0
CA1500485,60,0
CA1500489,89,0
CA1500493,200,2
CA1500494,66,3
CA1500507,105,0
CA1500516,32,0
CA1500518,38,0
CA1500525,120,2
CA1500535,200,0
CA1500540,112,0
CA1500542,275,0
CA1500543,50,0
CA1500544,365,0
CA1500546,138,0
CA1500550,70,0
CA1500553,62,1
CA1500554,87,0
CA1500555,200,0
CA1500556,56,0
CA1500557,393,0
CA1500560,42,0
CA1500561,50,2
CA1500563,198,0
CA1500564,25,0
CA1500566,26,1
CA1500569,97,0
CA1500571,73,4
CA1500575,165,4
CA1500578,122,0
CA1500579,35,0
CA1500584,90,1
CA1500585,100,1
CA1500588,438,4
CA1500591,47,0
CA1500593,80,0
CA1500599,44,0
CA1502056,90,1
CA1502164,54,0
CA1502315,110,0
CA1502320,2800,0
CA1502383,32,0
CA1502449,44,2
CA1502465,45,0
CA1502545,27,0
CA1502564,68,0
CA1502569,35,4
CA1502600,64,1
CA1502608,79,0
CA1502619,28,0
CA1502620,48,0
CA1502622,50,0
CA1502629,39,0
CA1502645,32,0
CA1502653,150,0
CA1502659,45,0
CA1502663,73,0
CA1502670,240,0
CA1502690,119,0
CA1502699,35,3
CA1502744,39,1
CA1502750,40,0
CA1503226,221,0
CA1503270,500,0
CA1503329,148,0
CA1503341,38125,0
CA1503475,380,0
CA1503509,51,0
CA1503526,29,2
CA1503536,100,0
CA1503669,28,0
CA1503684,36,1
CA1510001,19669,1
CA1510002,2086,0
CA1510003,267881,0
CA1510005,51428,0
CA1510006,32517,2
CA1510007,2592,0
CA1510009,2500,0
CA1510011,1508,0
CA1510012,19057,0
CA1510013,14161,3
CA1510014,4699,0
CA1510015,44899,2
CA1510016,303,3
CA1510017,41580,0
CA1510018,17711,0
CA1510019,21915,0
CA1510020,9094,1
CA1510021,22757,0
CA1510022,20500,0
CA1510023,779,0
CA1510024,11590,0
CA1510025,4910,0
CA1510026,307,0
CA1510027,968,0
CA1510028,2200,0
CA1510029,37189,0
CA1510031,160144,0
CA1510032,14198,0
CA1510033,2572,0
CA1510036,878,1
CA1510038,5592,1
CA1510039,1112,0
CA1510042,777,0
CA1510043,284,0
CA1510045,9857,0
CA1510046,2370,0
CA1510049,294,0
CA1510051,1379,4
CA1510052,1105,3
CA1510054,908,1
CA1510055,22762,0
CA1510056,736,0
CA1510701,11316,1
CA1510703,6600,0
CA1510800,2993,0
CA1510801,5124,0
CA1510802,5000,0
CA1600002,400,0
CA1600023,73,0
CA1600293,50,0
CA1600507,69,1
CA1610001,4143,0
CA1610002,13696,2
CA1610003,62127,0
CA1610004,22808,0
CA1610005,27185,3
CA1610006,1277,0
CA1610007,1750,0
CA1610009,1242,2
CA1610700,15000,0
CA1700502,373,0
CA1700508,300,0
CA1700518,693,1
CA1700519,30,1
CA1700527,26,0
CA1700536,83,0
CA1700546,252,0
CA1700549,150,0
CA1700554,449,0
CA1700561,90,1
CA1700568,550,0
CA1700579,60,0
CA1700580,50,1
CA1700584,104,0
CA1700589,32,1
CA1700592,277,0
CA1700595,255,0
CA1700596,65,0
CA1700606,70,0
CA1700609,73,1
CA1700610,152,1
CA1700630,152,1
CA1700657,25,0
CA1700674,200,0
CA1700702,56,0
CA1710001,2359,1
CA1710002,4644,0
CA1710003,7772,0
CA1710004,4762,0
CA1710005,2129,0
CA1710006,5928,0
CA1710007,4102,0
CA1710008,2929,0
CA1710009,989,0
CA1710010,1326,1
CA1710011,1521,0
CA1710012,3515,1
CA1710013,1598,1
CA1710014,4360,0
CA1710015,6235,0
CA1710018,1531,0
CA1710021,4046,0
CA1710022,2003,0
CA1710800,100,0
CA1800503,140,0
CA1800511,565,0
CA1800512,400,0
CA1800516,70,1
CA1800522,25,0
CA1800523,80,1
CA1800524,62,0
CA1800529,252,0
CA1800534,317,0
CA1805004,3857,0
CA1805007,2114,0
CA1810001,7811,0
CA1810002,1662,0
CA1810003,450,0
CA1810004,950,0
CA1900007,107,0
CA1900038,60,5
CA1900046,7000,0
CA1900055,56,1
CA1900062,184,1
CA1900074,57,1
CA1900075,42,0
CA1900100,160,3
CA1900102,495,0
CA1900130,700,1
CA1900145,76,0
CA1900146,436,1
CA1900147,25,1
CA1900154,75,0
CA1900155,129,0
CA1900158,55,1
CA1900301,450,0
CA1900303,245,1
CA1900520,71,4
CA1900523,749,0
CA1900529,80,0
CA1900537,109,1
CA1900541,198,0
CA1900542,44,0
CA1900555,29,0
CA1900563,1050,0
CA1900599,25,0
CA1900616,35,1
CA1900636,215,0
CA1900649,450,1
CA1900693,140,0
CA1900717,24,0
CA1900721,140,0
CA1900767,70,0
CA1900785,24,3
CA1900794,445,0
CA1900801,39,1
CA1900803,660,0
CA1900804,98,0
CA1900808,80,0
CA1900809,550,0
CA1900817,131,0
CA1900843,372,0
CA1900849,545,1
CA1900868,35,1
CA1900901,125,0
CA1900903,160,0
CA1900907,540,0
CA1900913,657,0
CA1900936,158,0
CA1900942,175,1
CA1900961,56,3
CA1900975,99,0
CA1907014,100,3
CA1907028,211,0
CA1909006,798,0
CA1910001,79776,0
CA1910002,3134,0
CA1910003,51361,0
CA1910004,50415,0
CA1910005,12568,0
CA1910006,3822,0
CA1910007,110044,0
CA1910009,68871,0
CA1910010,1387,0
CA1910011,55050,0
CA1910012,1129,0
CA1910013,46300,0
CA1910018,5999,0
CA1910019,47475,0
CA1910020,9949,0
CA1910021,26371,0
CA1910022,29854,1
CA1910023,1023,0
CA1910024,39730,0
CA1910025,994,0
CA1910026,74877,0
CA1910027,612,0
CA1910028,35841,0
CA1910029,6158,0
CA1910030,38233,0
CA1910033,143996,0
CA1910034,110556,0
CA1910035,1960,0
CA1910036,152474,0
CA1910038,22968,0
CA1910039,248000,0
CA1910040,16445,0
CA1910042,40600,0
CA1910043,188784,0
CA1910044,49934,0
CA1910046,5249,0
CA1910047,44718,0
CA1910049,15437,0
CA1910050,4205,0
CA1910051,80824,0
CA1910052,20724,0
CA1910053,686,1
CA1910054,9300,0
CA1910056,1790,0
CA1910059,56793,0
CA1910060,8243,0
CA1910061,4847,0
CA1910062,31334,0
CA1910063,16088,0
CA1910064,3040,0
CA1910065,466772,0
CA1910066,325,0
CA1910067,3875566,0
CA1910070,208129,0
CA1910072,10793,0
CA1910073,20256,0
CA1910075,708,0
CA1910077,63472,0
CA1910079,66967,0
CA1910081,1500,0
CA1910083,32697,0
CA1910084,5500,0
CA1910085,6349,0
CA1910086,6059,0
CA1910090,37931,0
CA1910091,26554,0
CA1910092,62183,1
CA1910098,43167,0
CA1910099,360,0
CA1910101,25000,0
CA1910102,126804,0
CA1910103,5507,0
CA1910104,71452,0
CA1910105,55200,0
CA1910108,11437,0
CA1910117,7330,0
CA1910124,164344,0
CA1910125,22051,0
CA1910126,151713,0
CA1910127,33300,0
CA1910130,19100,0
CA1910134,96853,0
CA1910139,47995,0
CA1910140,9215,0
CA1910142,56538,0
CA1910143,23946,0
CA1910144,39345,0
CA1910146,89947,0
CA1910147,4363,0
CA1910148,11000,0
CA1910149,11848,2
CA1910152,76443,0
CA1910153,15021,0
CA1910154,25329,0
CA1910155,277740,0
CA1910156,40121,0
CA1910157,25252,0
CA1910158,198,1
CA1910159,14000,0
CA1910160,8700,0
CA1910161,24701,0
CA1910163,7775,0
CA1910165,4613,0
CA1910166,10070,0
CA1910167,28112,0
CA1910169,16180,0
CA1910173,49954,0
CA1910174,66045,0
CA1910179,105603,0
CA1910185,6376,0
CA1910186,24773,0
CA1910189,9630,0
CA1910191,20283,0
CA1910194,56100,0
CA1910195,8099,0
CA1910200,1437,0
CA1910203,11509,0
CA1910204,32348,0
CA1910205,168843,0
CA1910211,72624,0
CA1910212,27072,0
CA1910213,106183,0
CA1910218,5325,0
CA1910223,26240,0
CA1910225,72602,0
CA1910234,100941,0
CA1910239,66135,0
CA1910240,294090,0
CA1910241,1619,0
CA1910242,929,0
CA1910243,878,0
CA1910244,1275,1
CA1910245,19219,0
CA1910246,2800,4
CA1910248,4805,0
CA1910249,1518,0
CA1910801,65,1
CA2000293,300,0
CA2000501,42,3
CA2000502,250,1
CA2000506,200,5
CA2000509,137,0
CA2000511,45,0
CA2000512,250,1
CA2000521,498,1
CA2000524,175,2
CA2000526,74,3
CA2000527,110,5
CA2000529,92,0
CA2000530,80,1
CA2000533,120,1
CA2000534,45,2
CA2000538,137,3
CA2000544,162,5
CA2000549,239,1
CA2000551,200,0
CA2000552,150,5
CA2000553,48,0
CA2000554,568,0
CA2000557,100,0
CA2000561,264,5
CA2000573,40,0
CA2000589,30,1
CA2000592,35,4
CA2000593,138,0
CA2000595,450,0
CA2000605,38,0
CA2000608,106,1
CA2000647,80,1
CA2000688,100,0
CA2000690,375,0
CA2000692,150,0
CA2000724,100,0
CA2000727,84,0
CA2000728,350,0
CA2000729,135,5
CA2000737,100,5
CA2000757,300,0
CA2000775,370,0
CA2000800,50,2
CA2000828,23,4
CA2000832,450,0
CA2000849,150,0
CA2000851,150,0
CA2000865,75,0
CA2010001,13916,0
CA2010002,66560,0
CA2010003,4527,0
CA2010004,1637,0
CA2010005,5300,2
CA2010006,1789,0
CA2010007,3693,0
CA2010008,3172,0
CA2010009,1107,1
CA2010010,6494,0
CA2010011,1562,0
CA2010012,343,0
CA2010013,83,0
CA2010014,1043,0
CA2010016,5507,1
CA2010017,3885,0
CA2010018,600,0
CA2010019,3050,0
CA2010800,2183,0
CA2010801,3173,0
CA2100508,336,0
CA2100519,206,0
CA2100549,35,0
CA2100565,75,1
CA2100579,36,0
CA2110001,1445,0
CA2110002,186895,0
CA2110003,61691,0
CA2110004,583,0
CA2110005,2483,0
CA2110006,1841,0
CA2110007,388,0
CA2110008,946,0
CA2110350,18447,0
CA2110502,1560,0
CA2210001,2000,0
CA2210002,798,0
CA2210503,1000,0
CA2210510,150,0
CA2210515,635,0
CA2210900,656,0
CA2210901,193,0
CA2210905,286,0
CA2210906,284,1
CA2210924,420,0
CA2210925,130,1
CA2300502,56,0
CA2300506,100,0
CA2300507,548,0
CA2300514,380,1
CA2300545,78,0
CA2300590,160,1
CA2300591,310,0
CA2300596,36,0
CA2300604,56,0
CA2300605,250,0
CA2300606,90,0
CA2300609,50,0
CA2300610,188,0
CA2300634,250,0
CA2300644,280,1
CA2300646,80,0
CA2300663,42,0
CA2300667,157,0
CA2300668,42,0
CA2300708,265,1
CA2300717,124,1
CA2300730,369,0
CA2300731,400,1
CA2300735,50,0
CA2300743,560,0
CA2300832,79,0
CA2300837,75,1
CA2300892,30,0
CA2310001,6919,1
CA2310002,2554,1
CA2310003,16607,0
CA2310004,6175,0
CA2310005,3797,0
CA2310006,5500,0
CA2310007,2593,0
CA2310008,5200,0
CA2310009,3632,0
CA2310010,1076,0
CA2310011,1152,0
CA2310012,254,1
CA2310013,459,0
CA2400046,367,1
CA2400053,137,0
CA2400084,36,0
CA2400128,64,1
CA2400167,238,1
CA2400172,800,0
CA2400201,406,1
CA2400209,779,0
CA2410001,29479,0
CA2410002,7452,4
CA2410003,6110,1
CA2410004,14894,1
CA2410005,47419,1
CA2410006,7784,0
CA2410007,4164,1
CA2410008,5656,0
CA2410009,93692,0
CA2410010,9745,1
CA2410011,1739,2
CA2410012,5504,3
CA2410018,2211,0
CA2410700,1650,1
CA2500503,862,1
CA2500801,629,1
CA2500911,116,0
CA2510001,2715,1
CA2510002,600,0
CA2600501,150,0
CA2600532,70,0
CA2600538,310,1
CA2600546,175,0
CA2600547,230,1
CA2600620,505,0
CA2600621,142,0
CA2600622,84,1
CA2600699,45,0
CA2600714,86,0
CA2600733,65,0
CA2610001,8234,0
CA2610002,2763,1
CA2610003,524,1
CA2610004,2810,2
CA2610005,672,0
CA2610700,1200,0
CA2610701,424,0
CA2700503,126,1
CA2700509,92,1
CA2700511,928,0
CA2700522,506,0
CA2700523,40,0
CA2700534,198,2
CA2700535,56,0
CA2700541,55,0
CA2700547,56,0
CA2700548,120,0
CA2700579,60,0
CA2700586,535,0
CA2700589,73,1
CA2700594,87,1
CA2700606,65,0
CA2700612,162,3
CA2700622,35,0
CA2700624,64,1
CA2700629,75,0
CA2700634,59,0
CA2700638,48,0
CA2700656,67,1
CA2700662,65,1
CA2700663,66,1
CA2700665,105,3
CA2700669,32,0
CA2700674,213,0
CA2700678,42,0
CA2700682,206,1
CA2700686,65,1
CA2700687,120,0
CA2700691,50,1
CA2700702,277,1
CA2700709,100,0
CA2700713,185,0
CA2700728,575,1
CA2700731,62,0
CA2700733,49,0
CA2700738,100,1
CA2700740,45,0
CA2700766,78,0
CA2700771,200,3
CA2700772,166,3
CA2700773,880,0
CA2700775,48,0
CA2700787,438,0
CA2700792,95,0
CA2700799,92,0
CA2700837,78,0
CA2700838,90,2
CA2700842,48,0
CA2700970,36,0
CA2701034,75,1
CA2701040,92,3
CA2701046,126,0
CA2701063,65,3
CA2701068,86,0
CA2701202,1139,0
CA2701241,91,3
CA2701254,584,0
CA2701257,30,0
CA2701263,35,0
CA2701278,58,0
CA2701279,129,0
CA2701280,618,0
CA2701295,246,0
CA2701355,126,0
CA2701364,273,0
CA2701367,58,0
CA2701403,36,0
CA2701423,45,0
CA2701452,243,0
CA2701498,75,1
CA2701503,90,0
CA2701515,520,0
CA2701553,216,1
CA2701570,70,0
CA2701589,45,1
CA2701633,48,1
CA2701647,56,0
CA2701658,130,0
CA2701670,81,0
CA2701676,315,0
CA2701687,108,0
CA2701701,25,0
CA2701705,150,0
CA2701731,41,1
CA2701740,120,0
CA2701742,150,0
CA2701789,108,0
CA2701800,90,0
CA2701820,54,2
CA2701822,92,0
CA2701888,55,0
CA2701897,40,0
CA2701898,123,0
CA2701904,249,0
CA2701906,84,0
CA2701918,93,0
CA2701926,210,3
CA2701935,45,0
CA2701956,64,0
CA2701959,54,1
CA2702003,65,1
CA2702004,96,0
CA2702007,164,1
CA2702026,53,0
CA2702055,66,1
CA2702073,93,1
CA2702094,60,0
CA2702110,60,0
CA2702135,46,1
CA2702140,73,0
CA2702148,101,0
CA2702198,183,0
CA2702256,60,0
CA2702268,44,0
CA2702299,416,0
CA2702320,360,0
CA2702325,184,0
CA2702328,193,0
CA2702374,243,1
CA2702388,60,0
CA2702405,129,1
CA2702409,133,2
CA2702439,57,0
CA2702466,69,0
CA2702520,70,1
CA2702521,966,0
CA2702554,116,0
CA2702588,356,0
CA2702608,59,3
CA2702816,161,0
CA2704520,35,1
CA2710001,56253,0
CA2710004,92450,0
CA2710005,7515,0
CA2710006,980,0
CA2710007,8327,0
CA2710008,18967,0
CA2710009,16334,0
CA2710010,123679,0
CA2710011,19455,0
CA2710012,5293,0
CA2710013,2084,0
CA2710016,2327,1
CA2710017,38377,0
CA2710018,2800,0
CA2710019,3161,0
CA2710020,6500,0
CA2710021,1065,0
CA2710022,1106,0
CA2710023,1772,0
CA2710300,585,0
CA2710702,2753,0
CA2710850,4269,0
CA2710851,2930,0
CA2800035,66,0
CA2800039,65,0
CA2800040,66,0
CA2800516,200,0
CA2800521,500,0
CA2800525,67,1
CA2800526,474,0
CA2800527,35,0
CA2800528,90,0
CA2800530,250,0
CA2800531,70,2
CA2800532,25,0
CA2800543,208,1
CA2800593,28,1
CA2800625,817,0
CA2801016,250,1
CA2801080,44,1
CA2810001,1240,1
CA2810002,5610,1
CA2810003,84804,0
CA2810004,5386,1
CA2810005,21437,0
CA2810007,2787,0
CA2810008,1000,1
CA2810009,261,1
CA2810012,1958,0
CA2810013,715,0
CA2810014,230,1
CA2900502,110,0
CA2900511,90,0
CA2900523,330,1
CA2900529,60,0
CA2900530,268,0
CA2900531,300,0
CA2900541,35,0
CA2900546,25,0
CA2900548,100,1
CA2900562,226,0
CA2910001,4947,0
CA2910002,3148,1
CA2910003,36730,0
CA2910004,17154,0
CA2910006,14072,0
CA2910010,85,0
CA2910011,384,0
CA2910013,62,0
CA2910014,6870,0
CA2910016,310,1
CA2910023,9108,0
CA3000519,168,1
CA3000585,119,0
CA3000618,85,2
CA3000825,891,0
CA3010001,348593,0
CA3010002,48479,0
CA3010003,81998,0
CA3010004,110000,0
CA3010008,2000,0
CA3010010,139461,0
CA3010017,18404,0
CA3010018,63118,0
CA3010022,114379,0
CA3010023,68572,0
CA3010027,120770,0
CA3010030,39684,0
CA3010035,50381,0
CA3010036,51545,0
CA3010037,84292,0
CA3010038,310539,0
CA3010041,24937,0
CA3010042,41118,0
CA3010046,66600,0
CA3010047,6997,0
CA3010053,201000,0
CA3010062,174226,0
CA3010064,90911,0
CA3010068,3464,0
CA3010069,56747,0
CA3010071,3947,0
CA3010073,170236,0
CA3010079,51800,0
CA3010082,5659,0
CA3010092,444800,0
CA3010094,13659,0
CA3010097,1305,0
CA3010100,15948,0
CA3010101,168289,0
CA3100011,290,0
CA3100014,150,1
CA3100029,200,0
CA3100038,250,0
CA3100041,250,0
CA3100043,75,0
CA3100069,75,0
CA3100528,84,0
CA3100538,31,0
CA3103310,125,0
CA3103835,499,0
CA3103836,499,0
CA3107339,333,0
CA3110001,6321,0
CA3110003,6782,0
CA3110004,54538,0
CA3110005,27294,0
CA3110006,3149,0
CA3110008,155612,0
CA3110009,4183,0
CA3110010,5661,0
CA3110011,844,0
CA3110012,2500,1
CA3110013,793,0
CA3110015,2593,0
CA3110017,824,0
CA3110018,750,0
CA3110019,756,0
CA3110020,1165,0
CA3110022,853,0
CA3110023,524,0
CA3110024,748,0
CA3110025,89544,0
CA3110026,6870,0
CA3110028,15452,0
CA3110029,2200,0
CA3110031,425,0
CA3110034,1800,0
CA3110035,1689,0
CA3110036,507,0
CA3110040,110,0
CA3110041,1491,0
CA3110042,3363,0
CA3110043,300,0
CA3110044,201,0
CA3110047,300,0
CA3110048,653,0
CA3110049,50,0
CA3110050,190,0
CA3110051,4493,0
CA3110124,46,0
CA3110150,8861,0
CA3200078,32,1
CA3200102,765,0
CA3200104,1314,2
CA3200107,215,0
CA3200114,28,0
CA3200127,33,0
CA3200134,200,1
CA3200138,53,1
CA3200148,741,1
CA3200155,25,1
CA3200188,280,0
CA3200189,54,1
CA3200195,38,0
CA3200509,79,1
CA3200510,258,0
CA3205001,150,0
CA3205003,135,1
CA3205006,102,0
CA3210001,630,0
CA3210003,2100,0
CA3210004,3778,0
CA3210005,737,0
CA3210006,6000,1
CA3210007,1394,0
CA3210009,2187,0
CA3210010,1874,0
CA3210011,1534,0
CA3301011,152,1
CA3301018,90,0
CA3301028,80,0
CA3301031,567,0
CA3301040,300,0
CA3301045,35,0
CA3301055,54,0
CA3301107,600,1
CA3301114,210,0
CA3301115,544,0
CA3301145,77,0
CA3301169,237,0
CA3301171,75,0
CA3301180,224,1
CA3301209,60,1
CA3301226,15,0
CA3301267,352,1
CA3301280,500,0
CA3301283,566,0
CA3301294,1087,1
CA3301330,70,1
CA3301355,203,0
CA3301381,400,0
CA3301428,558,0
CA3301482,180,3
CA3301491,198,1
CA3301502,30,0
CA3301511,104,1
CA3301512,232,0
CA3301528,120,0
CA3301529,250,3
CA3301534,296,0
CA3301535,210,0
CA3301541,150,0
CA3301577,614,1
CA3301588,25,0
CA3301630,393,0
CA3301676,157,1
CA3301682,52,0
CA3301717,135,1
CA3301775,733,0
CA3301800,40,1
CA3301863,212,0
CA3301879,340,0
CA3301943,897,0
CA3301990,170,2
CA3303003,50,0
CA3303035,73,1
CA3310001,270000,0
CA3310002,66841,0
CA3310003,9798,0
CA3310004,3382,0
CA3310005,74807,0
CA3310006,31680,0
CA3310007,43590,0
CA3310008,43484,0
CA3310009,666581,0
CA3310012,169455,0
CA3310016,33828,0
CA3310017,10108,0
CA3310018,3095,0
CA3310019,3762,1
CA3310020,84757,0
CA3310021,135093,0
CA3310022,52913,1
CA3310025,25068,1
CA3310026,6733,0
CA3310028,766,0
CA3310030,1540,0
CA3310031,298398,0
CA3310032,18950,0
CA3310033,5848,0
CA3310036,17453,0
CA3310037,168575,0
CA3310038,146147,0
CA3310040,900,0
CA3310044,36827,0
CA3310046,4026,0
CA3310047,2010,0
CA3310048,4600,0
CA3310049,86062,0
CA3310051,9445,0
CA3310052,709,0
CA3310074,21971,0
CA3310076,192,0
CA3310078,517,0
CA3310080,600,0
CA3310081,399,0
CA3310800,4300,0
CA3310801,73,0
CA3310802,4090,0
CA3400101,271,1
CA3400103,100,1
CA3400106,300,1
CA3400107,210,1
CA3400121,318,0
CA3400122,203,0
CA3400125,45,0
CA3400128,60,0
CA3400130,90,1
CA3400135,55,0
CA3400137,33,0
CA3400138,80,0
CA3400149,250,1
CA3400155,54,0
CA3400156,103,1
CA3400164,200,0
CA3400169,100,0
CA3400172,653,0
CA3400179,700,0
CA3400181,445,0
CA3400190,280,0
CA3400191,262,0
CA3400192,48,0
CA3400217,400,0
CA3400229,2800,1
CA3400296,350,0
CA3400331,65,0
CA3400335,200,0
CA3400397,28,0
CA3400401,22,0
CA3400433,40,0
CA3410001,194444,0
CA3410002,10101,1
CA3410003,5658,0
CA3410004,41193,0
CA3410005,5728,0
CA3410006,67818,0
CA3410007,4854,0
CA3410008,43813,0
CA3410009,36226,0
CA3410010,54793,0
CA3410011,26536,0
CA3410012,1693,0
CA3410013,48094,0
CA3410014,80969,0
CA3410015,47161,0
CA3410016,16861,0
CA3410017,50573,0
CA3410018,15460,0
CA3410020,527979,0
CA3410021,29598,0
CA3410022,450,0
CA3410023,15652,0
CA3410026,9280,0
CA3410029,184896,1
CA3410030,3317,0
CA3410031,35534,0
CA3410032,7502,1
CA3410033,7831,0
CA3410045,4191,0
CA3410047,667,0
CA3410704,30825,1
CA3500006,230,1
CA3500505,1017,1
CA3500509,350,0
CA3500510,102,0
CA3500511,53,0
CA3500527,55,0
CA3500549,138,0
CA3500550,160,1
CA3500552,50,0
CA3500556,110,1
CA3500575,50,0
CA3500576,33,1
CA3500578,36,0
CA3500579,90,0
CA3500581,914,3
CA3500810,38,0
CA3500825,98,0
CA3500830,84,0
CA3500836,49,1
CA3500900,132,0
CA3500904,150,0
CA3500910,120,0
CA3500911,69,0
CA3500912,100,0
CA3510001,26017,1
CA3510002,2335,1
CA3510003,24954,0
CA3510004,2988,0
CA3510006,550,0
CA3510007,25,0
CA3510008,159,0
CA3600008,811,1
CA3600009,983,1
CA3600010,155,0
CA3600012,303,0
CA3600022,1000,2
CA3600025,126,5
CA3600027,260,4
CA3600031,300,0
CA3600064,55,0
CA3600070,662,0
CA3600071,84,1
CA3600086,795,4
CA3600087,845,0
CA3600088,150,0
CA3600089,325,0
CA3600094,232,0
CA3600107,406,1
CA3600108,5900,0
CA3600114,611,5
CA3600123,112,2
CA3600133,576,0
CA3600139,782,0
CA3600152,15368,0
CA3600155,176,0
CA3600156,228,0
CA3600157,224,0
CA3600158,475,0
CA3600166,315,0
CA3600172,626,1
CA3600180,264,0
CA3600184,7,0
CA3600185,180,0
CA3600187,350,0
CA3600196,470,0
CA3600200,487,0
CA3600209,71,0
CA3600215,3833,0
CA3600220,529,0
CA3600222,858,1
CA3600226,300,5
CA3600258,492,0
CA3600260,370,2
CA3600262,600,0
CA3600270,373,0
CA3600279,120,0
CA3600283,239,0
CA3600297,200,5
CA3600301,381,0
CA3600306,2098,1
CA3600345,90,0
CA3600372,531,0
CA3600382,36,0
CA3600383,135,0
CA3600385,65,1
CA3600386,66,0
CA3600397,290,0
CA3600399,106,0
CA3600400,180,0
CA3600446,101,0
CA3600504,500,5
CA3600785,250,1
CA3601010,186,0
CA3601015,210,3
CA3601036,150,1
CA3601045,150,0
CA3601048,1070,1
CA3601085,66,1
CA3601182,3035,0
CA3601186,291,0
CA3610001,39930,0
CA3610002,2534,0
CA3610003,64469,0
CA3610004,104498,0
CA3610005,7038,0
CA3610008,12738,0
CA3610009,3916,0
CA3610011,2458,0
CA3610012,86435,0
CA3610013,25129,0
CA3610014,46525,0
CA3610015,11650,0
CA3610016,450,1
CA3610018,211069,0
CA3610019,109608,0
CA3610021,1046,1
CA3610022,1271,0
CA3610023,2993,1
CA3610024,100744,0
CA3610025,6640,0
CA3610026,1240,0
CA3610028,3055,0
CA3610029,56017,0
CA3610030,1502,0
CA3610031,13000,0
CA3610032,8766,0
CA3610033,1700,0
CA3610034,185010,0
CA3610036,76414,0
CA3610037,78025,0
CA3610038,54453,0
CA3610039,214665,0
CA3610041,237700,0
CA3610043,32547,0
CA3610044,26132,0
CA3610045,817,0
CA3610046,499,1
CA3610047,4177,0
CA3610048,2400,0
CA3610049,18795,0
CA3610050,78376,0
CA3610051,2471,1
CA3610052,135983,0
CA3610053,7705,0
CA3610055,52010,3
CA3610057,20188,0
CA3610060,1118,0
CA3610062,5268,0
CA3610063,1717,0
CA3610064,108629,0
CA3610073,26411,0
CA3610082,119,0
CA3610085,3441,0
CA3610093,2654,0
CA3610105,2086,0
CA3610107,6208,0
CA3610108,586,0
CA3610109,4002,0
CA3610110,1856,0
CA3610112,6347,0
CA3610114,2320,0
CA3610117,1574,0
CA3610118,861,0
CA3610120,24285,0
CA3610121,14911,0
CA3610125,12843,0
CA3610701,1126,0
CA3610703,16067,0
CA3610705,15701,0
CA3610800,83,0
CA3610801,65,0
CA3610850,10667,1
CA3610851,1195,0
CA3610854,1818,0
CA3700041,300,2
CA3700071,300,0
CA3700073,86,0
CA3700074,2923,1
CA3700277,150,0
CA3700291,96,1
CA3700422,100,0
CA3700859,290,0
CA3700866,330,0
CA3700897,100,3
CA3700900,9913,0
CA3700905,760,0
CA3700906,78,0
CA3700909,1517,1
CA3700912,338,1
CA3700918,102,2
CA3700919,250,0
CA3700922,317,0
CA3700923,670,1
CA3700924,360,4
CA3700933,193,0
CA3700934,185,5
CA3700936,200,0
CA3700937,142,0
CA3700938,769,0
CA3700958,238,0
CA3700962,260,1
CA3700968,298,0
CA3701184,353,2
CA3701341,120,4
CA3701408,360,0
CA3701476,13032,3
CA3701747,298,0
CA3701780,28,0
CA3701793,400,4
CA3701837,140,0
CA3701934,255,0
CA3701961,200,0
CA3701982,13050,0
CA3701988,185,0
CA3701995,100,2
CA3702104,828,0
CA3702236,4416,0
CA3702354,448,0
CA3710001,106000,1
CA3710002,113500,0
CA3710004,3919,0
CA3710005,95158,0
CA3710006,137044,0
CA3710008,35237,0
CA3710009,870,4
CA3710010,277668,0
CA3710011,561,0
CA3710012,899,0
CA3710013,35500,0
CA3710014,171483,0
CA3710015,49888,0
CA3710016,23536,0
CA3710018,30757,0
CA3710019,37047,0
CA3710020,1385379,0
CA3710021,40405,0
CA3710023,21578,0
CA3710025,191282,0
CA3710026,29938,0
CA3710027,132430,0
CA3710029,86458,0
CA3710034,238008,0
CA3710036,3429,0
CA3710037,93980,0
CA3710039,2645,3
CA3710041,1768,1
CA3710044,3275,0
CA3710047,500,0
CA3710700,12651,0
CA3710702,42219,0
CA3710710,2981,0
CA3710750,36990,0
CA3710800,27,0
CA3710802,60,0
CA3810001,600,0
CA3810003,410,0
CA3810008,1,0
CA3810011,848019,0
CA3810700,3500,0
CA3810702,3864,0
CA3900504,264,0
CA3900505,270,0
CA3900512,105,0
CA3900517,60,0
CA3900523,112,0
CA3900543,92,0
CA3900558,172,0
CA3900559,40,0
CA3900561,104,0
CA3900563,178,0
CA3900568,180,0
CA3900569,60,0
CA3900579,50,5
CA3900586,50,0
CA3900596,200,0
CA3900602,200,0
CA3900606,75,2
CA3900607,131,0
CA3900624,160,0
CA3900637,120,1
CA3900649,100,1
CA3900653,150,0
CA3900661,275,0
CA3900664,125,0
CA3900682,123,0
CA3900701,148,0
CA3900702,145,0
CA3900705,55,0
CA3900714,69,0
CA3900719,55,1
CA3900720,238,0
CA3900722,290,0
CA3900724,234,0
CA3900732,35,2
CA3900733,75,0
CA3900751,26,4
CA3900755,150,0
CA3900762,55,1
CA3900805,300,0
CA3900813,100,0
CA3900831,340,0
CA3900835,70,0
CA3900837,39,0
CA3900842,320,0
CA3900844,75,0
CA3900907,325,0
CA3900921,30,1
CA3900927,119,0
CA3900964,300,0
CA3900983,100,0
CA3900991,40,1
CA3901031,252,1
CA3901074,238,0
CA3901075,149,0
CA3901081,130,0
CA3901092,310,0
CA3901113,106,0
CA3901114,236,0
CA3901159,125,0
CA3901172,178,0
CA3901213,34,5
CA3901215,201,0
CA3901216,320,0
CA3901217,41,0
CA3901276,38,0
CA3901303,231,0
CA3901304,39,0
CA3901337,426,0
CA3901348,1172,0
CA3901474,39,5
CA3910001,176266,0
CA3910002,1841,0
CA3910003,7429,0
CA3910004,68272,0
CA3910005,84928,0
CA3910006,50,0
CA3910007,15741,0
CA3910008,3572,0
CA3910009,964,0
CA3910010,5841,0
CA3910011,96609,0
CA3910012,191302,1
CA3910014,1086,4
CA3910015,35080,0
CA3910017,3802,0
CA3910018,600,0
CA3910019,1784,0
CA3910020,711,0
CA3910022,1510,0
CA3910023,1479,0
CA3910024,851,0
CA3910027,24948,0
CA3910803,5551,2
CA4000200,85,0
CA4000202,132,0
CA4000203,135,0
CA4000206,700,0
CA4000214,81,0
CA4000222,1630,0
CA4000230,133,0
CA4000501,110,1
CA4000506,538,4
CA4000507,440,0
CA4000523,591,0
CA4000554,350,1
CA4000563,30,5
CA4000568,462,2
CA4000631,40,3
CA4000637,60,0
CA4000648,84,5
CA4000649,420,0
CA4000650,600,0
CA4000653,252,1
CA4000654,99,5
CA4000660,45,0
CA4000670,486,0
CA4000705,80,0
CA4000716,75,0
CA4000741,70,0
CA4000744,85,0
CA4000749,38,0
CA4000750,55,4
CA4000765,105,0
CA4000771,44,0
CA4000775,30,1
CA4000789,125,0
CA4000802,344,0
CA4000803,50,0
CA4000805,126,0
CA4000808,65,0
CA4000815,108,0
CA4000834,60,0
CA4000839,25,0
CA4000853,139,0
CA4010001,17963,0
CA4010002,30618,0
CA4010003,1600,1
CA4010004,12701,0
CA4010005,7601,0
CA4010006,2567,0
CA4010007,31176,0
CA4010008,8036,2
CA4010009,47788,0
CA4010010,2600,0
CA4010011,13757,0
CA4010012,2956,3
CA4010014,5532,1
CA4010015,2181,0
CA4010016,7086,0
CA4010017,5924,0
CA4010018,4506,0
CA4010019,8011,0
CA4010022,1569,1
CA4010023,1493,0
CA4010024,1291,0
CA4010026,13771,0
CA4010027,2181,3
CA4010028,1085,0
CA4010040,2026,0
CA4010081,3862,0
CA4010830,15000,0
CA4010832,4100,0
CA4010901,1200,0
CA4100503,150,0
CA4100509,300,1
CA4100510,56,0
CA4100512,65,0
CA4100522,114,0
CA4100529,208,1
CA4100538,357,0
CA4100540,35,0
CA4100551,50,1
CA4100555,90,0
CA4100582,642,0
CA4100583,65,0
CA4100610,28,1
CA4110001,30609,0
CA4110002,3402,0
CA4110003,31451,0
CA4110005,1472,0
CA4110006,61431,0
CA4110007,35344,0
CA4110008,102348,0
CA4110009,64146,0
CA4110010,6078,0
CA4110011,18940,0
CA4110012,915,0
CA4110013,104901,0
CA4110016,11766,0
CA4110017,22362,0
CA4110018,22795,0
CA4110019,2789,0
CA4110020,2900,0
CA4110021,36556,0
CA4110022,92819,0
CA4110023,42631,0
CA4110024,29519,0
CA4110025,38546,0
CA4110027,13486,0
CA4200505,60,0
CA4200531,240,0
CA4200556,150,0
CA4200560,135,0
CA4200572,200,0
CA4200578,160,0
CA4200579,38,0
CA4200580,120,0
CA4200612,150,0
CA4200616,295,0
CA4200618,150,0
CA4200619,304,0
CA4200633,55,1
CA4200678,38,0
CA4200693,186,1
CA4200702,60,0
CA4200703,325,1
CA4200714,43,0
CA4200721,66,0
CA4200731,54,0
CA4200733,70,0
CA4200800,142,0
CA4200802,102,0
CA4200804,54,0
CA4200807,325,0
CA4200814,30,0
CA4200822,59,1
CA4200827,25,0
CA4200837,129,0
CA4200842,320,1
CA4200848,75,1
CA4200851,66,1
CA4200862,34,0
CA4200867,40,0
CA4200870,234,0
CA4200881,211,0
CA4200885,38,0
CA4200891,115,0
CA4200918,845,0
CA4200924,40,0
CA4200969,45,1
CA4210001,15996,0
CA4210002,1534,0
CA4210003,8897,0
CA4210004,84462,0
CA4210005,550,0
CA4210006,40473,0
CA4210007,11962,0
CA4210009,700,0
CA4210010,99323,0
CA4210011,109477,0
CA4210013,6126,0
CA4210016,34102,0
CA4210017,7308,0
CA4210018,5161,0
CA4210019,3600,0
CA4210020,7022,0
CA4210021,1947,0
CA4210022,545,0
CA4210024,4861,0
CA4210700,14971,0
CA4300516,338,0
CA4300517,346,1
CA4300520,145,1
CA4300521,142,1
CA4300522,156,1
CA4300525,168,0
CA4300526,61,0
CA4300542,627,0
CA4300543,1173,0
CA4300545,258,0
CA4300550,79,0
CA4300551,220,0
CA4300560,80,0
CA4300562,148,1
CA4300563,300,0
CA4300567,65,0
CA4300571,53,0
CA4300573,53,1
CA4300575,317,2
CA4300577,103,0
CA4300578,41,0
CA4300603,104,0
CA4300611,250,1
CA4300615,413,0
CA4300630,36,1
CA4300637,58,1
CA4300638,145,0
CA4300716,300,1
CA4300740,40,0
CA4300741,60,0
CA4300752,42,0
CA4300757,40,1
CA4300760,68,0
CA4300770,110,0
CA4300771,305,0
CA4300787,38,0
CA4300792,45,0
CA4300829,30,1
CA4300831,165,0
CA4300832,46,0
CA4300834,450,0
CA4300842,36,0
CA4300848,35,1
CA4300856,66,0
CA4300909,284,0
CA4300912,104,0
CA4300924,250,0
CA4300978,70,1
CA4300979,55,0
CA4300992,66,0
CA4300994,500,0
CA4300996,45,0
CA4300997,16273,0
CA4300999,65,0
CA4301004,43,0
CA4301013,30,0
CA4301062,35,0
CA4301410,25,0
CA4310001,69973,0
CA4310004,59203,1
CA4310005,81773,0
CA4310006,47374,0
CA4310007,81501,0
CA4310009,67231,0
CA4310011,1039920,1
CA4310012,130746,0
CA4310013,35853,0
CA4310014,157566,0
CA4310018,16336,0
CA4310019,45559,0
CA4310020,101265,0
CA4310021,6245,0
CA4310022,110088,0
CA4400502,614,0
CA4400517,43,1
CA4400526,182,1
CA4400528,64,1
CA4400557,118,0
CA4400558,392,0
CA4400559,152,2
CA4400571,350,0
CA4400572,187,1
CA4400582,75,0
CA4400585,50,0
CA4400595,419,0
CA4400598,210,0
CA4400599,182,0
CA4400604,52,1
CA4400605,126,0
CA4400608,385,0
CA4400611,125,1
CA4400613,70,0
CA4400617,481,1
CA4400618,213,1
CA4400621,54,3
CA4400624,87,0
CA4400625,53,0
CA4400631,402,0
CA4400634,32,1
CA4400642,60,0
CA4400645,45,0
CA4400652,75,0
CA4400660,200,0
CA4400664,130,1
CA4400665,42,0
CA4400667,26,0
CA4400684,52,0
CA4400692,54,0
CA4400723,1310,0
CA4400754,1051,0
CA4400755,400,0
CA4400762,235,1
CA4400763,455,0
CA4400764,170,0
CA4400850,57,1
CA4410001,1120,0
CA4410002,4340,1
CA4410008,1176,1
CA4410010,94626,0
CA4410011,65231,0
CA4410013,11197,0
CA4410014,21145,1
CA4410016,1067,0
CA4410017,40809,0
CA4410018,2726,0
CA4500003,300,1
CA4500006,274,1
CA4500007,356,0
CA4500008,88,0
CA4500009,92,0
CA4500013,310,1
CA4500014,264,0
CA4500015,333,1
CA4500016,70,1
CA4500022,185,0
CA4500023,88,0
CA4500027,97,1
CA4500028,248,1
CA4500054,408,0
CA4500063,40,1
CA4500066,75,0
CA4500081,250,1
CA4500082,50,0
CA4500089,44,1
CA4500092,87,0
CA4500093,35,0
CA4500094,260,0
CA4500098,40,0
CA4500101,168,1
CA4500102,78,1
CA4500104,37,0
CA4500106,26,1
CA4500107,205,1
CA4500173,131,0
CA4500194,90,1
CA4500195,510,0
CA4500200,120,0
CA4500203,92,1
CA4500204,415,0
CA4500210,475,1
CA4500219,85,1
CA4500235,187,1
CA4500246,434,1
CA4500247,90,1
CA4500255,382,0
CA4500290,53,0
CA4500303,95,1
CA4500313,261,1
CA4500314,109,1
CA4500317,419,1
CA4510001,11147,1
CA4510002,2227,1
CA4510003,3154,0
CA4510004,2006,1
CA4510005,89628,0
CA4510006,10657,0
CA4510007,3316,1
CA4510008,1535,0
CA4510009,750,0
CA4510011,4151,0
CA4510013,3069,0
CA4510014,18612,0
CA4510015,904,0
CA4510016,8900,0
CA4600009,726,1
CA4600012,82,0
CA4600017,324,0
CA4600018,200,0
CA4600019,182,0
CA4600056,250,0
CA4610001,983,0
CA4610002,783,1
CA4700503,70,0
CA4700513,280,1
CA4700521,143,1
CA4700523,289,0
CA4700528,300,0
CA4700531,75,1
CA4700541,55,0
CA4700542,135,0
CA4700546,146,0
CA4700549,277,0
CA4700551,181,0
CA4700626,105,0
CA4700627,100,1
CA4700630,48,0
CA4700686,106,0
CA4700803,126,0
CA4700872,150,0
CA4700880,549,1
CA4700884,32,1
CA4700885,25,0
CA4710001,887,1
CA4710002,1707,1
CA4710003,695,0
CA4710004,720,0
CA4710006,1317,1
CA4710007,1264,1
CA4710008,3642,1
CA4710009,2662,0
CA4710010,856,1
CA4710011,7825,1
CA4710012,1100,1
CA4710013,2790,1
CA4800511,25,1
CA4800531,60,0
CA4800561,125,2
CA4800564,80,1
CA4800589,25,0
CA4800753,550,0
CA4810001,27131,0
CA4810002,10623,0
CA4810003,120377,1
CA4810004,10489,0
CA4810005,29105,2
CA4810007,121420,0
CA4810008,99650,0
CA4810009,12540,0
CA4810010,535,1
CA4810011,290,0
CA4810012,132,0
CA4810013,1313,0
CA4810015,3,0
CA4810021,2800,0
CA4810024,63,0
CA4810025,89,2
CA4810026,56,0
CA4810701,18111,0
CA4810800,5100,0
CA4810801,65,0
CA4900508,525,0
CA4900510,90,1
CA4900512,260,0
CA4900513,76,0
CA4900514,94,0
CA4900521,290,0
CA4900532,406,0
CA4900533,59,0
CA4900536,533,0
CA4900543,427,0
CA4900545,300,1
CA4900546,81,0
CA4900547,129,0
CA4900548,300,0
CA4900549,290,0
CA4900551,64,0
CA4900552,93,0
CA4900553,75,0
CA4900558,287,0
CA4900559,126,0
CA4900560,135,1
CA4900561,448,0
CA4900562,640,1
CA4900563,150,0
CA4900568,88,4
CA4900570,300,0
CA4900573,70,0
CA4900575,26,0
CA4900577,178,0
CA4900578,288,0
CA4900580,181,0
CA4900582,34,0
CA4900584,271,0
CA4900585,439,0
CA4900587,112,0
CA4900588,218,0
CA4900599,200,1
CA4900600,460,1
CA4900603,150,0
CA4900605,61,0
CA4900608,66,2
CA4900611,208,0
CA4900612,363,0
CA4900620,82,0
CA4900630,150,0
CA4900634,45,0
CA4900637,221,0
CA4900639,30,0
CA4900640,40,0
CA4900641,100,0
CA4900644,70,3
CA4900646,27,0
CA4900647,435,0
CA4900653,65,0
CA4900660,200,0
CA4900665,87,0
CA4900667,244,0
CA4900669,82,0
CA4900673,50,0
CA4900674,27,0
CA4900675,130,0
CA4900720,210,1
CA4900721,342,0
CA4900723,188,0
CA4900728,65,0
CA4900736,40,0
CA4900785,79,0
CA4900787,169,1
CA4900789,90,0
CA4900791,178,1
CA4900793,42,0
CA4900794,141,1
CA4900795,196,0
CA4900796,420,0
CA4900797,221,0
CA4900798,250,0
CA4900799,200,1
CA4900832,410,0
CA4900843,151,1
CA4900846,25,0
CA4900850,77,0
CA4900858,38,0
CA4900871,691,0
CA4900892,45,0
CA4900893,40,0
CA4900901,80,0
CA4900905,20,1
CA4900913,66,2
CA4900943,418,0
CA4900973,148,1
CA4901062,48,0
CA4901071,60,0
CA4901221,50,0
CA4901246,115,0
CA4901309,100,0
CA4901314,35,0
CA4901346,59,0
CA4901355,60,0
CA4901381,56,0
CA4901445,208,0
CA4901595,40,0
CA4901671,48,0
CA4910002,10398,0
CA4910003,1742,0
CA4910004,6000,0
CA4910005,10985,0
CA4910006,60781,0
CA4910007,1160,1
CA4910008,4150,0
CA4910009,175396,0
CA4910010,1265,0
CA4910011,7522,0
CA4910012,11725,0
CA4910013,23107,0
CA4910014,43821,0
CA4910016,7303,0
CA4910017,25561,0
CA4910018,473,0
CA4910019,3788,0
CA4910021,1069,0
CA4910022,805,0
CA4910023,7913,0
CA4910024,1046,0
CA4910025,1029,0
CA4910026,757,0
CA4910027,10986,0
CA4910028,3000,0
CA4910029,1171,0
CA4910701,469,1
CA5000005,500,1
CA5000008,168,0
CA5000010,195,0
CA5000013,144,0
CA5000014,269,0
CA5000015,150,0
CA5000017,250,0
CA5000019,610,0
CA5000020,26,0
CA5000033,50,4
CA5000041,36,0
CA5000048,125,2
CA5000049,64,0
CA5000054,67,0
CA5000055,153,0
CA5000058,120,0
CA5000060,204,0
CA5000061,60,4
CA5000067,56,0
CA5000071,112,0
CA5000072,148,0
CA5000080,55,0
CA5000082,65,0
CA5000090,540,4
CA5000095,353,1
CA5000099,110,0
CA5000218,60,5
CA5000237,234,0
CA5000263,75,0
CA5000297,25,0
CA5000313,150,0
CA5000317,287,0
CA5000389,186,0
CA5000408,70,1
CA5000433,1570,0
CA5000579,26,0
CA5010005,14537,0
CA5010006,8788,0
CA5010007,887,0
CA5010008,7481,4
CA5010009,5672,0
CA5010010,218771,0
CA5010013,12207,1
CA5010014,23235,1
CA5010017,24977,0
CA5010018,24834,0
CA5010019,72682,0
CA5010021,5090,0
CA5010023,1099,0
CA5010026,597,0
CA5010028,54513,1
CA5010029,1327,0
CA5010031,175,0
CA5010033,914,0
CA5010034,172,0
CA5010035,119,0
CA5010038,23,0
CA5010039,2000,0
CA5010040,25,0
CA5010042,1079,0
CA5100107,205,0
CA5100112,50,1
CA5100125,25,2
CA5101009,350,0
CA5102025,40,0
CA5110001,9285,0
CA5110002,70256,0
CA5110007,2904,0
CA5200007,75,1
CA5200008,75,1
CA5200010,45,1
CA5200012,468,1
CA5200013,40,0
CA5200014,75,0
CA5200255,112,1
CA5200500,70,0
CA5200502,191,1
CA5200503,634,1
CA5200504,483,0
CA5200508,543,0
CA5200510,305,1
CA5200512,99,0
CA5200514,45,0
CA5200521,175,0
CA5200526,70,1
CA5200527,50,1
CA5200531,104,1
CA5200534,237,3
CA5200535,80,1
CA5200539,75,1
CA5200545,85,1
CA5200546,70,1
CA5200547,103,0
CA5200548,85,1
CA5200551,158,1
CA5200555,44,0
CA5200556,140,1
CA5200558,100,0
CA5200559,63,0
CA5200560,145,1
CA5200562,412,1
CA5200570,163,1
CA5200571,131,1
CA5200574,116,0
CA5200575,36,0
CA5200584,53,1
CA5200588,27,0
CA5200645,90,1
CA5200657,45,0
CA5200864,1055,1
CA5201140,25,1
CA5201147,102,0
CA5210001,8244,0
CA5210002,1200,0
CA5210003,1450,0
CA5210004,14710,0
CA5210005,3329,0
CA5301001,42,1
CA5301002,677,1
CA5301008,223,1
CA5301017,102,0
CA5301101,131,0
CA5301102,338,1
CA5301103,60,0
CA5301104,99,1
CA5301201,40,1
CA5303002,43,2
CA5304102,332,0
CA5304109,115,1
CA5304501,231,1
CA5304502,130,1
CA5310001,3975,1
CA5310002,2324,0
CA5310003,729,0
CA5400504,205,1
CA5400505,163,1
CA5400506,560,0
CA5400529,95,0
CA5400536,106,0
CA5400537,125,1
CA5400542,616,1
CA5400544,531,0
CA5400550,691,1
CA5400553,657,2
CA5400556,40,0
CA5400567,340,1
CA5400602,60,0
CA5400604,103,0
CA5400616,109,5
CA5400631,694,0
CA5400641,383,0
CA5400647,95,3
CA5400660,75,1
CA5400665,1280,4
CA5400670,408,2
CA5400679,66,0
CA5400682,138,3
CA5400710,278,0
CA5400718,165,1
CA5400728,98,0
CA5400732,46,0
CA5400744,40,1
CA5400754,384,5
CA5400767,46,0
CA5400769,41,0
CA5400792,650,0
CA5400816,155,0
CA5400819,44,0
CA5400824,983,1
CA5400875,33,0
CA5400880,495,0
CA5400881,109,1
CA5400903,500,0
CA5400929,400,1
CA5400934,340,0
CA5400935,138,0
CA5400940,260,0
CA5400964,43,5
CA5400968,200,0
CA5401003,423,5
CA5401026,70,1
CA5402036,330,0
CA5402038,550,0
CA5402047,31,1
CA5402048,89,0
CA5403023,412,0
CA5403043,350,1
CA5403084,150,0
CA5403110,43,0
CA5403113,106,0
CA5403144,39,0
CA5403213,130,0
CA5403217,300,1
CA5410001,6200,3
CA5410002,27281,1
CA5410003,11169,1
CA5410004,10243,1
CA5410006,12659,4
CA5410007,500,3
CA5410008,8300,0
CA5410009,2772,0
CA5410010,63487,1
CA5410011,1500,1
CA5410012,2669,0
CA5410014,2543,2
CA5410015,72241,0
CA5410016,148496,0
CA5410017,2134,0
CA5410019,4580,1
CA5410020,7846,0
CA5410021,7679,1
CA5410022,134,0
CA5410024,1617,2
CA5410025,1740,4
CA5410026,2200,0
CA5410034,944,0
CA5410036,500,1
CA5410038,2656,0
CA5410039,617,1
CA5410041,716,0
CA5410048,339,1
CA5410050,871,0
CA5410503,2940,2
CA5410513,2930,0
CA5410800,123,0
CA5410801,1281,0
CA5500040,282,0
CA5500041,195,1
CA5500042,468,0
CA5500048,1041,0
CA5500053,340,1
CA5500057,97,0
CA5500060,445,0
CA5500064,154,0
CA5500071,269,0
CA5500074,361,0
CA5500077,417,0
CA5500080,202,1
CA5500086,235,0
CA5500092,52,1
CA5500096,129,0
CA5500104,316,0
CA5500115,219,0
CA5500116,280,2
CA5500119,85,0
CA5500120,115,0
CA5500124,105,0
CA5500125,210,0
CA5500128,67,0
CA5500149,89,0
CA5500193,225,0
CA5500243,78,0
CA5500353,22,1
CA5500363,62,0
CA5510001,11054,0
CA5510002,1767,0
CA5510003,1761,0
CA5510004,1298,1
CA5510005,2378,0
CA5510006,2163,0
CA5510007,1295,1
CA5510008,3240,1
CA5510009,3400,2
CA5510011,1771,0
CA5510012,13280,0
CA5510013,5463,0
CA5510016,400,0
CA5510021,92,0
CA5510023,1123,1
CA5510024,1154,0
CA5510026,1168,0
CA5510028,826,0
CA5510503,51,0
CA5510851,3571,0
CA5510852,150,1
CA5601104,238,1
CA5601105,353,0
CA5601106,99,0
CA5601110,134,0
CA5601116,43,0
CA5601117,800,0
CA5601119,323,1
CA5601120,340,0
CA5601122,72,0
CA5601125,65,0
CA5601134,150,2
CA5601137,25,2
CA5601141,58,0
CA5601144,600,0
CA5601201,1187,0
CA5601401,30,1
CA5602101,50,1
CA5602103,224,0
CA5602104,215,3
CA5602108,1335,0
CA5602109,160,1
CA5602110,160,1
CA5602111,975,0
CA5602115,368,0
CA5602117,429,0
CA5602130,100,0
CA5602132,25,0
CA5602140,196,1
CA5603301,665,0
CA5610001,990,0
CA5610002,16419,0
CA5610003,1946,0
CA5610005,4200,0
CA5610006,690,0
CA5610007,200232,0
CA5610008,5000,0
CA5610009,21407,0
CA5610010,1709,0
CA5610011,31018,0
CA5610014,6801,0
CA5610015,1429,0
CA5610016,19533,0
CA5610017,113500,0
CA5610018,35514,0
CA5610019,46824,0
CA5610020,53157,0
CA5610021,2003,0
CA5610022,6100,1
CA5610023,94738,0
CA5610024,11005,1
CA5610029,1820,1
CA5610035,983,0
CA5610039,4560,0
CA5610040,66809,0
CA5610043,13898,0
CA5610056,1200,1
CA5610058,2079,0
CA5610059,45128,0
CA5610063,32700,0
CA5610068,455,0
CA5610069,1759,0
CA5610081,2039,0
CA5610700,5700,0
CA5610701,8625,0
CA5610702,254,0
CA5700554,140,0
CA5700555,25,5
CA5700571,876,1
CA5700615,432,0
CA5700700,239,1
CA5700707,40,0
CA5700712,602,0
CA5700788,314,5
CA5700797,800,1
CA5710001,67457,0
CA5710003,53355,1
CA5710004,944,1
CA5710005,7115,0
CA5710006,61462,0
CA5710007,3574,0
CA5710009,49616,0
CA5710011,1115,0
CA5800572,100,0
CA5800803,200,0
CA5800805,60,0
CA5800820,200,0
CA5800821,26,0
CA5800823,100,0
CA5800824,50,0
CA5800827,25,0
CA5800828,185,0
CA5800832,200,0
CA5800850,60,0
CA5800851,35,1
CA5800863,160,1
CA5800924,180,0
CA5805001,10464,0
CA5810001,12419,0
CA5810002,21654,0
CA5810003,16595,0
CA5810004,4124,0
CA5810005,122,0
CA5810006,2772,0
CA5810700,6785,0
CO0101001,130,0
CO0101015,460,1
CO0101020,4400,0
CO0101025,56304,1
CO0101030,77,0
CO0101031,150,0
CO0101034,1500,0
CO0101035,60,0
CO0101040,23756,0
CO0101055,11678,0
CO0101060,130,1
CO0101063,1250,0
CO0101065,325,0
CO0101070,261,0
CO0101075,350,0
CO0101078,303,0
CO0101080,200,0
CO0101085,1505,0
CO0101100,320,1
CO0101104,175,1
CO0101105,14500,0
CO0101110,90,2
CO0101115,48927,0
CO0101125,175,0
CO0101126,410,1
CO0101130,165,0
CO0101140,75559,0
CO0101145,2050,1
CO0101150,226465,0
CO0101155,90,0
CO0101157,7363,0
CO0101158,90,0
CO0101166,286,0
CO0101167,1117,0
CO0101170,202078,0
CO0101175,63,0
CO0101180,2500,1
CO0101185,863,0
CO0101187,140,0
CO0101188,160,4
CO0101201,81,0
CO0101205,1200,0
CO0101234,2485,0
CO0101283,1046,1
CO0101287,1786,0
CO0101288,513,0
CO0101300,250,0
CO0101320,1300,1
CO0101352,1190,0
CO0101443,2005,0
CO0101467,651,0
CO0101510,700,0
CO0101511,209,0
CO0101553,55,0
CO0101610,1905,0
CO0101667,1500,0
CO0101675,209,0
CO0101725,115,0
CO0101741,300,0
CO0101800,51,0
CO0101833,1740,0
CO0102100,11271,0
CO0102200,1453,0
CO0102300,85,3
CO0102900,160,0
CO0103005,533407,0
CO0103010,1000,0
CO0103025,115,1
CO0103030,1648,0
CO0103035,66130,0
CO0103040,230,0
CO0103045,57332,0
CO0103050,1440,0
CO0103055,4400,0
CO0103075,12000,0
CO0103079,150,0
CO0103081,40,1
CO0103090,175,0
CO0103100,19000,0
CO0103153,899,0
CO0103171,130,0
CO0103176,9215,0
CO0103183,843,0
CO0103186,100,0
CO0103504,758,0
CO0103506,125,0
CO0103614,19485,0
CO0103666,2487,0
CO0103710,122,1
CO0103721,55000,0
CO0103723,48648,0
CO0103853,751,0
CO0104090,158,0
CO0104121,290,0
CO0104300,11069,0
CO0104393,49,0
CO0104533,40,2
CO0104700,850,1
CO0104900,877,0
CO0105100,150,0
CO0105300,125,5
CO0105500,1378,1
CO0105700,64,4
CO0105800,137,0
CO0105900,650,4
CO0106200,244,5
CO0106300,2139,1
CO0106500,378,1
CO0106900,300,0
CO0107115,340,0
CO0107118,901,1
CO0107135,820,0
CO0107152,166080,0
CO0107153,897,0
CO0107155,106153,1
CO0107179,1657,0
CO0107184,775,0
CO0107236,300,0
CO0107246,308,0
CO0107321,50,0
CO0107322,255,0
CO0107352,662,0
CO0107384,1000,0
CO0107401,280,0
CO0107466,207,0
CO0107471,20280,0
CO0107472,250,0
CO0107473,28700,0
CO0107483,75,0
CO0107485,104178,0
CO0107486,3200,0
CO0107487,20975,0
CO0107489,75,0
CO0107496,2990,0
CO0107502,35,0
CO0107510,1000,2
CO0107517,211,0
CO0107538,2406,0
CO0107582,250,0
CO0107610,1100,0
CO0107701,844,0
CO0107702,150,2
CO0107710,450,0
CO0107712,342,0
CO0107719,100,0
CO0107724,544,0
CO0107725,17900,0
CO0107733,75,3
CO0107810,750,0
CO0107834,230,0
CO0108050,100,0
CO0108300,3776,0
CO0108313,195,0
CO0108350,1700,0
CO0108375,73,0
CO0108415,480,0
CO0108450,90,0
CO0108501,79,1
CO0108525,250,0
CO0108600,100,0
CO0108650,2118,1
CO0108655,150,0
CO0108700,5666,0
CO0108800,40,1
CO0108900,249,0
CO0108925,69,0
CO0108960,63,0
CO0109001,99,0
CO0109006,840,0
CO0109011,326,0
CO0110001,27,0
CO0110010,500,0
CO0110015,5315,0
CO0110020,10432,0
CO0110025,90,0
CO0110026,1378,3
CO0110035,180,1
CO0110040,451,2
CO0110045,50,0
CO0110050,72,0
CO0111100,981,0
CO0111200,250,1
CO0111500,42,1
CO0111600,825,0
CO0111700,976,0
CO0111800,365,1
CO0111900,850,0
CO0112100,469,0
CO0112300,561,0
CO0112500,477,0
CO0112700,100,1
CO0112810,45,0
CO0112850,40,2
CO0112900,629,0
CO0113050,285,0
CO0113100,530,0
CO0113300,188,0
CO0113500,399,0
CO0113700,1300,0
CO0113900,240,0
CO0114500,1950,0
CO0114550,38,0
CO0114801,44,0
CO0115152,400,2
CO0115168,200,1
CO0115171,2400,0
CO0115175,95,0
CO0115185,239,1
CO0115188,477,0
CO0115189,486,0
CO0115205,8700,0
CO0115288,335,3
CO0115310,62,0
CO0115333,250,0
CO0115340,70,0
CO0115342,120,1
CO0115352,2050,0
CO0115467,178,2
CO0115513,72,0
CO0115588,3100,0
CO0115601,2499,2
CO0115610,295,1
CO0115675,37,0
CO0115685,840,1
CO0115716,47,0
CO0115724,250,0
CO0115725,76,0
CO0115726,36,2
CO0115784,2800,3
CO0115838,57,0
CO0115841,37,0
CO0115842,96,0
CO0116001,1287000,0
CO0116104,3447,0
CO0116122,200,0
CO0116175,22000,0
CO0116484,147,1
CO0116552,1000,0
CO0116553,2500,0
CO0116610,250,0
CO0117300,850,2
CO0117700,437,0
CO0118001,325,0
CO0118002,1162,0
CO0118005,5656,0
CO0118006,12800,0
CO0118010,110298,0
CO0118015,103444,0
CO0118016,6160,0
CO0118020,10867,0
CO0118025,12901,0
CO0118030,275,1
CO0118035,238,2
CO0118040,75949,0
CO0118045,3890,0
CO0118055,13765,0
CO0118060,215,0
CO0118065,120,0
CO0118070,860,0
CO0118075,301,0
CO0118076,15295,0
CO0118078,490,0
CO0118080,35,1
CO0118085,165,1
CO0118167,191,0
CO0118175,312,0
CO0118285,123,0
CO0118724,11501,0
CO0119122,318,1
CO0119125,225,0
CO0119134,2357,0
CO0119139,257,0
CO0119233,7511,0
CO0119234,1500,0
CO0119246,1962,0
CO0119321,130,0
CO0119329,15272,0
CO0119467,407,0
CO0119501,229,0
CO0119508,4588,0
CO0119510,1200,0
CO0119671,469,0
CO0119672,90,0
CO0119673,291,1
CO0119692,165,0
CO0119717,38,0
CO0119718,425,0
CO0119720,896,0
CO0119802,51515,0
CO0120001,152,1
CO0120003,200,0
CO0120005,300,0
CO0120010,4523,0
CO0120015,910,0
CO0120020,300,0
CO0120025,618,0
CO0120153,245,0
CO0120184,84,0
CO0120244,530,0
CO0120245,1040,0
CO0120246,792,1
CO0120300,350,0
CO0120384,567,0
CO0120717,1788,0
CO0121025,750,0
CO0121050,135,1
CO0121060,470,0
CO0121075,780,0
CO0121080,60,0
CO0121111,150,0
CO0121125,29610,0
CO0121140,3675,0
CO0121150,464111,0
CO0121167,1240,0
CO0121168,625,0
CO0121174,100,1
CO0121175,6421,1
CO0121176,472,0
CO0121188,505,0
CO0121190,100,2
CO0121200,60,2
CO0121220,67,0
CO0121240,300,0
CO0121245,272,0
CO0121246,504,1
CO0121247,1050,0
CO0121250,772,1
CO0121251,280,0
CO0121275,25130,0
CO0121300,13,0
CO0121325,900,1
CO0121345,250,0
CO0121350,90,1
CO0121352,360,0
CO0121360,1049,0
CO0121410,45,0
CO0121415,70,0
CO0121425,51,2
CO0121450,6938,1
CO0121455,12760,0
CO0121470,1300,0
CO0121475,5740,0
CO0121488,643,0
CO0121518,250,2
CO0121519,56,2
CO0121525,50,0
CO0121550,268,1
CO0121575,2686,0
CO0121600,930,0
CO0121610,56,0
CO0121625,120,3
CO0121633,878,0
CO0121650,220,0
CO0121675,125,1
CO0121700,200,2
CO0121702,20,0
CO0121703,39,0
CO0121709,132,2
CO0121710,260,0
CO0121717,260,1
CO0121718,1229,0
CO0121724,1926,0
CO0121725,225,0
CO0121727,157,0
CO0121745,800,0
CO0121750,150,0
CO0121775,20000,0
CO0121800,6500,1
CO0121840,5737,0
CO0121841,138,0
CO0121845,16876,0
CO0121850,1500,0
CO0121900,27640,0
CO0121930,13888,0
CO0121950,18031,0
CO0122050,438,0
CO0122100,34800,0
CO0122167,166,0
CO0122175,93,0
CO0122250,350,0
CO0122450,326,0
CO0122467,420,0
CO0122500,7500,1
CO0122580,78,0
CO0122600,4000,0
CO0122675,128,1
CO0122700,3149,0
CO0122800,504,0
CO0122875,284,0
CO0122950,775,0
CO0123010,105,0
CO0123123,80,2
CO0123125,1912,0
CO0123133,4100,0
CO0123152,300,0
CO0123155,140,0
CO0123166,47,0
CO0123167,6700,1
CO0123170,715,1
CO0123185,750,0
CO0123188,100,0
CO0123248,80,0
CO0123295,36,0
CO0123314,9428,0
CO0123333,300,0
CO0123343,84,0
CO0123345,42,0
CO0123360,25,0
CO0123443,100,0
CO0123467,110,0
CO0123470,63,1
CO0123485,416,0
CO0123500,75,4
CO0123510,415,0
CO0123518,115,0
CO0123519,338,0
CO0123538,5024,0
CO0123552,160,0
CO0123566,180,0
CO0123567,50,0
CO0123595,120,0
CO0123602,1320,0
CO0123605,27,0
CO0123609,125,0
CO0123617,33,0
CO0123666,27,2
CO0123667,300,0
CO0123670,55,0
CO0123675,90,0
CO0123676,9489,1
CO0123677,287,0
CO0123679,156,0
CO0123702,425,0
CO0123710,3536,0
CO0123718,237,0
CO0123724,135,0
CO0123725,234,0
CO0123726,80,0
CO0123734,1160,0
CO0123742,50,0
CO0123836,93,0
CO0123838,400,0
CO0123842,60,0
CO0123860,38,0
CO0124147,15167,0
CO0124171,3750,0
CO0125148,410,0
CO0125155,428,0
CO0125246,75,0
CO0125288,2150,0
CO0125320,201,0
CO0125321,2025,0
CO0125322,2035,0
CO0125323,5400,1
CO0125352,687,0
CO0125455,1859,1
CO0125466,250,0
CO0125467,58,0
CO0125518,100,0
CO0125552,378,0
CO0125676,140,0
CO0125710,2300,0
CO0125716,518,0
CO0125718,280,0
CO0125720,564,0
CO0125840,50,0
CO0125843,6635,0
CO0125844,3250,0
CO0125916,578,0
CO0126117,265,0
CO0126121,431,1
CO0126158,205,1
CO0126175,37,0
CO0126185,113,1
CO0126188,2440,0
CO0126189,2000,0
CO0126190,3296,0
CO0126220,800,0
CO0126325,9610,0
CO0126466,118,0
CO0126505,250,0
CO0126580,79,0
CO0126618,100,0
CO0126674,47,0
CO0126677,368,0
CO0126715,100,1
CO0126716,55,0
CO0127467,587,1
CO0128100,343,1
CO0128300,400,0
CO0128400,132,1
CO0128500,850,2
CO0128600,341,0
CO0128625,145,0
CO0128650,75,0
CO0128726,68,1
CO0128800,138,0
CO0128900,3230,2
CO0129233,83,0
CO0129834,600,0
CO0130001,171610,0
CO0130005,350,0
CO0130010,998,0
CO0130015,125,1
CO0130020,81400,0
CO0130025,250,0
CO0130030,15750,0
CO0130033,400,0
CO0130035,3920,0
CO0130040,38288,0
CO0130045,155,2
CO0130050,1000,3
CO0130055,350,0
CO0130065,1300,0
CO0130070,250,0
CO0130075,140,0
CO0130085,9887,0
CO0130090,734,1
CO0130100,1941,2
CO0130105,10000,0
CO0130115,90,0
CO0130116,2480,0
CO0130125,480,0
CO0130133,44000,0
CO0130138,30000,0
CO0130152,350,0
CO0130187,50,0
CO0130237,5300,0
CO0130317,580,0
CO0130318,425,0
CO0130319,825,0
CO0130321,49400,0
CO0130344,4000,0
CO0130466,12000,0
CO0130467,6000,0
CO0130500,3290,0
CO0130501,232,0
CO0130517,473,0
CO0130604,122,0
CO0130667,1610,0
CO0130676,196,0
CO0130718,2500,0
CO0130800,10000,0
CO0130842,20000,0
CO0130843,9348,0
CO0131400,656,0
CO0131600,55,1
CO0131800,148,2
CO0132001,195,0
CO0132005,3720,0
CO0132010,2160,0
CO0132015,296,0
CO0132020,960,1
CO0132025,160,1
CO0133100,487,0
CO0133150,440,0
CO0133300,200,0
CO0133500,170,0
CO0133600,226,0
CO0133700,7500,0
CO0134020,3096,0
CO0134030,2300,0
CO0134065,180,0
CO0134117,292,0
CO0134119,120,0
CO0134150,33787,0
CO0134176,150,0
CO0134180,750,0
CO0134190,930,0
CO0134191,510,0
CO0134192,45,0
CO0134200,1200,0
CO0134210,400,0
CO0134225,40,2
CO0134255,62,1
CO0134270,215,0
CO0134300,239,1
CO0134330,92,0
CO0134338,60,0
CO0134360,1699,0
CO0134389,143,0
CO0134390,200,0
CO0134450,98,0
CO0134466,354,0
CO0134480,96,0
CO0134500,800,1
CO0134507,30,1
CO0134510,100,3
CO0134515,150,0
CO0134516,200,0
CO0134530,1577,1
CO0134540,68,0
CO0134570,90,0
CO0134580,120,0
CO0134630,150,0
CO0134640,39,0
CO0134660,120,0
CO0134690,236,0
CO0134717,323,0
CO0134720,60,0
CO0134730,43,0
CO0134750,1364,0
CO0134758,25,0
CO0134790,120,0
CO0134809,258,0
CO0134810,60,0
CO0134840,750,0
CO0134855,78,0
CO0134870,93,0
CO0134900,41,1
CO0135001,339,0
CO0135113,313,0
CO0135119,350,1
CO0135122,302,0
CO0135138,14211,0
CO0135143,405,1
CO0135184,1007,0
CO0135186,946,0
CO0135233,27944,0
CO0135237,80,2
CO0135257,16722,1
CO0135290,4000,0
CO0135291,179901,0
CO0135292,63532,0
CO0135315,395,1
CO0135333,1215,0
CO0135343,816,0
CO0135428,842,0
CO0135476,11,0
CO0135477,25654,0
CO0135485,91077,0
CO0135486,283,0
CO0135505,125,1
CO0135538,160,1
CO0135552,136,0
CO0135553,328,0
CO0135554,4675,0
CO0135600,266,2
CO0135610,745,5
CO0135611,65,0
CO0135614,285,0
CO0135627,985,0
CO0135676,402,0
CO0135685,900,0
CO0135704,157,0
CO0135717,462,0
CO0135721,2320,0
CO0135725,75,0
CO0135726,425,0
CO0135727,78,0
CO0135742,1736,0
CO0135838,11720,1
CO0135883,3730,1
CO0136100,447,0
CO0136175,40,0
CO0136185,120,0
CO0136249,655,0
CO0136300,131,0
CO0136321,210,0
CO0136400,116,0
CO0136610,50,0
CO0136700,360,1
CO0136724,62,0
CO0136725,312,0
CO0136755,133,0
CO0136800,11400,0
CO0136850,200,0
CO0137001,216,0
CO0137005,153,1
CO0137010,885,1
CO0137012,102,0
CO0137015,5080,0
CO0137016,1289,0
CO0138005,182,0
CO0138010,446,1
CO0138015,328,0
CO0138025,235,0
CO0138030,295,1
CO0138042,194,0
CO0138045,15100,0
CO0138119,250,0
CO0138725,29,0
CO0139166,800,0
CO0139180,34500,0
CO0139185,678,0
CO0139205,911,0
CO0139220,370,0
CO0139301,178,0
CO0139321,26000,0
CO0139434,435,0
CO0139475,51,0
CO0139505,330,0
CO0139510,893,0
CO0139600,3060,0
CO0139602,375,0
CO0139603,35,0
CO0139610,220,0
CO0139685,220,0
CO0139760,67,0
CO0139791,92580,0
CO0139811,150,0
CO0139838,213,1
CO0139839,116,0
CO0140187,31,0
CO0140500,1965,0
CO0140600,86,0
CO0141171,475,0
CO0141188,8930,0
CO0141210,350,1
CO0141250,79,0
CO0141388,30,0
CO0141467,250,0
CO0142200,8770,0
CO0142241,170,1
CO0142400,1626,0
CO0142538,96,1
CO0142567,200,2
CO0142600,1300,0
CO0142700,1390,0
CO0142800,490,1
CO0142804,200,0
CO0142900,13797,0
CO0143134,188,0
CO0143176,3802,0
CO0143177,560,0
CO0143233,40,0
CO0143335,25,0
CO0143337,83,0
CO0143505,490,0
CO0143506,4500,0
CO0143510,90,0
CO0143518,19305,0
CO0143520,193,0
CO0143533,585,2
CO0143552,1052,0
CO0143559,875,0
CO0143582,3015,0
CO0143600,200,2
CO0143719,145,0
CO0143725,60,0
CO0143755,20490,0
CO0144001,5122,0
CO0144005,12000,0
CO0144010,310,0
CO0144015,1006,0
CO0144020,8116,0
CO0144025,300,3
CO0144035,1909,0
CO0144621,140,2
CO0145030,154,5
CO0145060,900,0
CO0145090,254,5
CO0145120,70,5
CO0145150,498,5
CO0145180,75,5
CO0145210,1169,1
CO0145300,285,0
CO0145330,54,4
CO0145360,87,0
CO0145420,8320,0
CO0145450,497,5
CO0145480,458,1
CO0145540,96,5
CO0145570,90,5
CO0145600,4443,0
CO0145630,58,4
CO0145660,44,4
CO0145690,622,5
CO0145720,660,2
CO0145750,270,5
CO0145780,125,5
CO0145810,100,5
CO0146485,1059,0
CO0146588,1460,2
CO0146592,230,0
CO0146676,1000,1
CO0147001,460,0
CO0147010,483,1
CO0147020,909,1
CO0147030,215,0
CO0147040,388,0
CO0147090,50,0
CO0147180,250,0
CO0147200,300,1
CO0148001,963,0
CO0148005,2540,0
CO0148010,42,2
CO0149122,31100,0
CO0149123,300,1
CO0149155,516,0
CO0149160,200,0
CO0149185,33,0
CO0149188,40,0
CO0149218,70,0
CO0149300,160,0
CO0149352,225,0
CO0149466,322,0
CO0149467,27,0
CO0149476,150,1
CO0149588,64,0
CO0149609,44,0
CO0149611,41,0
CO0149613,28,0
CO0149621,50,0
CO0149671,180,0
CO0149685,200,0
CO0149710,30,0
CO0149717,6353,1
CO0149724,300,0
CO0149727,95,0
CO0149842,70,0
CO0149843,32,0
CO0149844,324,0
CO0149852,220,0
CO0150100,100,4
CO0150200,151,2
CO0150300,515,2
CO0150400,378,0
CO0150500,61,2
CO0150600,800,4
CO0150700,7500,0
CO0150800,1500,4
CO0150850,260,0
CO0150900,405,0
CO0151050,1615,0
CO0151100,445,2
CO0151150,263,0
CO0151186,508,2
CO0151200,2755,3
CO0151350,45,0
CO0151400,350,1
CO0151450,416,5
CO0151500,114070,0
CO0151538,115,1
CO0151552,271,0
CO0151608,504,0
CO0151620,289,0
CO0151650,30000,1
CO0151700,745,4
CO0151750,9690,0
CO0152188,50,0
CO0152505,2473,0
CO0152666,2495,0
CO0153200,1429,0
CO0153300,30,1
CO0153400,36,3
CO0153450,110,0
CO0153600,4600,0
CO0153718,80,2
CO0154117,25,0
CO0154200,130,0
CO0154205,91,0
CO0154285,50,0
CO0154333,3982,0
CO0154466,219,0
CO0154500,68,0
CO0154510,100,0
CO0154518,800,0
CO0154524,19000,1
CO0154566,950,3
CO0154609,200,1
CO0154709,42,0
CO0154715,150,1
CO0154724,1450,1
CO0154725,9950,0
CO0154743,200,0
CO0154755,248,0
CO0154842,56,0
CO0154900,467,2
CO0155188,293,1
CO0155200,2006,0
CO0155500,2575,0
CO0155700,580,1
CO0155800,504,0
CO0156600,2387,0
CO0157011,412,0
CO0157244,125,0
CO0157250,322,0
CO0157300,96,0
CO0157400,9700,0
CO0157500,1700,0
CO0157600,193,2
CO0157700,59,0
CO0157701,132,1
CO0157800,7900,1
CO0157900,25,1
CO0157950,290,0
CO0158001,1225,1
CO0158005,259,1
CO0158010,227,0
CO0159005,150,0
CO0159020,28315,1
CO0159025,2650,0
CO0159030,5785,0
CO0159035,3254,0
CO0159040,3063,0
CO0159045,2501,0
CO0159050,159,0
CO0159055,4495,0
CO0159060,150,0
CO0159063,200,0
CO0159065,670,1
CO0159070,70,0
CO0159080,466,0
CO0159090,192,0
CO0159095,8400,0
CO0159105,9900,0
CO0159119,168,0
CO0159120,60,0
CO0159725,200,0
CO0159727,455,0
CO0160050,80,0
CO0160075,325,1
CO0160095,106,1
CO0160100,2817,0
CO0160175,250,3
CO0160176,76,1
CO0160180,132,0
CO0160195,570,0
CO0160200,875,3
CO0160275,74,4
CO0160295,679,0
CO0160350,681,0
CO0160375,130,0
CO0160400,84,0
CO0160450,135,0
CO0160550,470,2
CO0160551,55,3
CO0160600,600,1
CO0160650,180,1
CO0160700,491,4
CO0160750,450,0
CO0160900,8500,1
CO0160950,250,1
CO0161001,2379,1
CO0161010,600,1
CO0162121,1715,0
CO0162122,7662,0
CO0162125,4220,0
CO0162138,131,0
CO0162155,303,0
CO0162159,90,0
CO0162167,1025,0
CO0162185,435,0
CO0162186,260,0
CO0162187,297,0
CO0162200,6900,1
CO0162233,7328,1
CO0162234,441,0
CO0162255,47444,0
CO0162257,41,0
CO0162260,19369,0
CO0162275,660,1
CO0162285,44,0
CO0162288,17173,0
CO0162291,12099,2
CO0162302,164,0
CO0162310,1150,0
CO0162321,132310,0
CO0162322,154,0
CO0162326,180,0
CO0162327,180,0
CO0162343,107,0
CO0162359,3350,1
CO0162418,27295,0
CO0162438,4650,0
CO0162439,2101,0
CO0162466,2010,0
CO0162476,27798,0
CO0162486,6518,0
CO0162505,150,1
CO0162511,9200,0
CO0162553,15890,0
CO0162559,499,0
CO0162601,140,0
CO0162610,1094,0
CO0162612,65,1
CO0162615,2900,0
CO0162621,654,1
CO0162666,73,0
CO0162677,803,0
CO0162707,11733,0
CO0162709,150,1
CO0162710,200,1
CO0162723,156,0
CO0162725,1073,0
CO0162726,355,0
CO0162738,297,1
CO0162809,833,0
CO0162833,350,0
CO0162843,23500,0
CO0162852,350,0
CO0163001,235,1
CO0163010,2342,0
CO0163020,4049,0
CO0163706,132,0
CO0180175,1010,0
CO0180288,1620,0
CO0201006,204,0
CO0203002,31000,0
CO0203012,8140,0
CO0207500,772,0
CO0207504,76,0
CO0208200,240,0
CO0210017,67,0
CO0212466,34,0
CO0214142,190,0
CO0215225,246,0
CO0215538,60,1
CO0218015,23415,0
CO0219123,150,0
CO0221060,72,1
CO0221445,48000,0
CO0221690,4994,0
CO0222518,228,1
CO0223279,70,0
CO0223343,94,0
CO0223810,90,0
CO0226500,113,0
CO0226712,335,0
CO0227700,67,0
CO0233700,48,1
CO0234234,154,0
CO0234388,88,2
CO0234390,209,0
CO0234750,60,0
CO0234837,25,1
CO0235184,27375,0
CO0235185,260,2
CO0235676,450,2
CO0235685,90,2
CO0246201,120,0
CO0247010,83,0
CO0247017,72,1
CO0247760,277,0
CO0251452,215,0
CO0251743,66,0
CO0252160,28,1
CO0253690,211,0
CO0253718,566,0
CO0253860,265,0
CO0254342,27,0
CO0254676,55,0
CO0254724,411,0
CO0259003,312,0
CO0259019,40,0
CO0259020,120,0
CO0260533,100,0
CT0010111,48,1
CT0012011,26,0
CT0030011,136,1
CT0030021,144,2
CT0030031,334,0
CT0030041,132,1
CT0030051,96,2
CT0030061,50,2
CT0030411,32,0
CT0037001,84,1
CT0040011,11590,0
CT0050011,60,0
CT0051011,25,0
CT0051031,50,0
CT0055071,25,0
CT0070011,7553,0
CT0070021,5128,1
CT0070031,2875,0
CT0081011,138,0
CT0090011,9507,0
CT0090114,54,2
CT0090292,75,0
CT0100011,72,0
CT0105033,68,0
CT0110011,97,1
CT0110031,51,0
CT0110041,30,1
CT0110051,104,4
CT0120021,192,0
CT0120031,50,1
CT0120041,46,1
CT0120111,49,1
CT0121081,60,1
CT0150011,351756,0
CT0161011,51,0
CT0170011,52079,0
CT0180021,124,0
CT0180061,1315,0
CT0180091,296,0
CT0180101,132,0
CT0180131,147,0
CT0180171,144,3
CT0180181,144,0
CT0180201,72,1
CT0180231,130,1
CT0180251,392,0
CT0184011,37,2
CT0189971,36,0
CT0190051,30,1
CT0199091,48,1
CT0201011,51,0
CT0201021,60,0
CT0210011,488,1
CT0220011,69,1
CT0220191,48,1
CT0229031,152,2
CT0230011,6324,0
CT0231011,28,1
CT0248011,69,1
CT0251021,84,1
CT0261001,81,1
CT0261031,5030,0
CT0261081,216,1
CT0270041,45,0
CT0270091,35,0
CT0270101,68,0
CT0270111,110,0
CT0280011,4020,0
CT0280031,225,0
CT0280041,276,1
CT0280051,84,0
CT0280071,60,0
CT0282001,252,0
CT0286011,224,2
CT0300011,32,0
CT0300071,27,0
CT0309051,25,0
CT0310011,98,0
CT0311011,48,1
CT0311021,54,0
CT0320011,276,0
CT0320021,472,0
CT0320031,160,0
CT0320041,229,0
CT0320051,501,0
CT0320061,156,3
CT0320071,306,0
CT0320091,700,0
CT0320171,80,0
CT0320181,80,0
CT0330011,14316,0
CT0340011,62055,0
CT0340051,116,0
CT0340081,133,0
CT0340111,388,0
CT0340141,66,1
CT0340151,156,0
CT0340171,712,0
CT0340181,108,1
CT0340191,242,0
CT0340211,152,0
CT0340231,144,0
CT0340251,200,0
CT0340271,115,0
CT0347031,117,0
CT0350011,18737,0
CT0361011,36,1
CT0378011,1101,0
CT0380021,1601,0
CT0380041,490,1
CT0380641,50,1
CT0380651,45,0
CT0381011,100,0
CT0400031,360,1
CT0400041,360,1
CT0400051,208,1
CT0400061,63,0
CT0408011,126,1
CT0410744,265,0
CT0411061,120,1
CT0413011,72,0
CT0418011,81,0
CT0419211,40,2
CT0419221,30,1
CT0419241,65,0
CT0420011,189,0
CT0420021,540,0
CT0420031,31,1
CT0420071,40,0
CT0421001,30,0
CT0421011,130,1
CT0424011,50,1
CT0427011,177,1
CT0427021,153,0
CT0428031,712,0
CT0429011,203,0
CT0429031,366,0
CT0429121,328,0
CT0450011,15245,0
CT0470021,77,1
CT0470031,29,0
CT0470071,94,1
CT0473011,101313,0
CT0490021,18544,0
CT0490031,2385,0
CT0490041,172,0
CT0500011,208,0
CT0500021,72,1
CT0520011,14693,1
CT0529051,227,0
CT0550011,142,0
CT0550321,462,0
CT0560011,2151,0
CT0570011,53297,0
CT0579143,567,0
CT0580011,6840,0
CT0580021,186,0
CT0580031,99,0
CT0580041,440,0
CT0580051,320,0
CT0580061,74,1
CT0590011,30200,0
CT0590031,1947,0
CT0590051,2400,0
CT0590071,66,0
CT0597021,57,1
CT0600041,564,0
CT0606011,27,0
CT0608011,33975,0
CT0614021,38,0
CT0640011,390887,0
CT0660341,40,0
CT0670011,221,0
CT0670021,100,1
CT0670041,39,2
CT0670051,96,1
CT0670331,910,0
CT0671021,112,0
CT0672021,60,0
CT0672031,1927,0
CT0680011,817,0
CT0680021,722,0
CT0680031,220,0
CT0680082,228,1
CT0688011,120,0
CT0690011,6378,0
CT0690051,98,1
CT0690061,48,0
CT0690071,60,3
CT0690141,72,1
CT0699231,36,3
CT0700011,750,1
CT0709133,87,0
CT0710011,172,1
CT0710021,149,0
CT0711001,36,1
CT0711071,67,0
CT0720011,300,0
CT0720041,2567,1
CT0720101,108,0
CT0720313,652,0
CT0727031,164,0
CT0727051,2369,0
CT0727091,3294,2
CT0730021,146,0
CT0730031,155,0
CT0731011,40,0
CT0731021,72,1
CT0740011,3097,0
CT0740301,107,0
CT0743011,96,0
CT0745093,43,0
CT0760021,104,0
CT0765101,1368,0
CT0770021,51198,0
CT0770041,424,0
CT0780021,27199,0
CT0780041,192,1
CT0780051,312,1
CT0780061,176,2
CT0780081,68,0
CT0780091,115,1
CT0780101,115,1
CT0780121,76,0
CT0780131,96,1
CT0780161,153,1
CT0780171,190,2
CT0780181,196,0
CT0780211,131,0
CT0780251,40,0
CT0787011,169,0
CT0787091,153,0
CT0787101,234,0
CT0787111,750,0
CT0787121,134,0
CT0790011,100,1
CT0790031,110,0
CT0790041,86,0
CT0791001,165,1
CT0791201,30,0
CT0792011,166,0
CT0798013,1348,0
CT0800011,58441,0
CT0815051,76,0
CT0819061,100,0
CT0820031,62,1
CT0820501,32,1
CT0826061,84,0
CT0827071,85,0
CT0827081,40,0
CT0830011,41019,0
CT0830021,2928,0
CT0859071,38,0
CT0860011,2570,0
CT0860021,1428,0
CT0860031,876,1
CT0860041,490,0
CT0860051,84,1
CT0860081,524,0
CT0860091,72,2
CT0860131,450,0
CT0860141,70,1
CT0860171,70,0
CT0860191,55,1
CT0860211,33,0
CT0861021,301,0
CT0861051,105,2
CT0861111,40,1
CT0861251,270,1
CT0864011,1300,0
CT0866301,43,2
CT0867071,77,2
CT0867101,388,0
CT0868011,25,0
CT0869011,108,0
CT0869121,26,0
CT0878011,100,0
CT0878021,40,1
CT0880011,22735,0
CT0880031,138,0
CT0890011,73534,0
CT0900011,10097,0
CT0910011,629,0
CT0910021,84,0
CT0910031,286,0
CT0910041,307,0
CT0910081,356,2
CT0910591,524,0
CT0911061,64,0
CT0911091,66,0
CT0915221,406,0
CT0920011,1872,0
CT0920041,64,3
CT0930011,418900,0
CT0950011,27620,0
CT0960011,13331,0
CT0960031,500,1
CT0960061,300,0
CT0960071,736,0
CT0960091,312,0
CT0960101,322,0
CT0960141,265,0
CT0960151,233,1
CT0960161,162,0
CT0960171,128,1
CT0960191,285,0
CT0960201,396,0
CT0960211,148,0
CT0960221,80,0
CT0968011,152,0
CT0969361,37,0
CT0970011,6054,0
CT0970021,2610,1
CT0970071,158,0
CT0971011,504,1
CT0980011,913,0
CT0990011,224,2
CT0990031,84,2
CT1000011,1481,0
CT1020011,370,0
CT1020021,1860,0
CT1021001,79,1
CT1030011,40256,0
CT1030021,42000,0
CT1040011,36163,0
CT1040091,303,0
CT1041001,328,0
CT1050011,292,1
CT1050131,60,1
CT1050141,32,0
CT1050732,3397,0
CT1050752,1068,0
CT1051011,28,1
CT1056221,50,1
CT1056231,45,1
CT1056241,78,0
CT1059251,48,1
CT1080011,120,0
CT1085061,449,0
CT1090031,2538,0
CT1090081,1713,0
CT1090161,60,0
CT1090221,270,0
CT1094201,35,1
CT1099131,27,2
CT1099141,33,0
CT1099181,46,1
CT1100011,18231,1
CT1110011,5607,0
CT1120041,66,3
CT1120051,400,1
CT1120061,300,1
CT1121011,36,1
CT1121131,48,3
CT1130011,5010,0
CT1130021,88,0
CT1130064,96,1
CT1140011,550,0
CT1140021,80,1
CT1150031,465,0
CT1160011,7300,0
CT1160021,254,1
CT1180011,7476,0
CT1180021,958,0
CT1180041,130,0
CT1180091,55,1
CT1189161,67,0
CT1189171,120,0
CT1190021,238,1
CT1200071,36,0
CT1210011,32,1
CT1210021,184,0
CT1219111,25,1
CT1219141,96,0
CT1220011,1932,0
CT1220061,520,0
CT1221031,68,0
CT1240011,13080,0
CT1250011,803,1
CT1250021,62,0
CT1270021,310,0
CT1280011,1477,1
CT1280021,14691,0
CT1280051,325,1
CT1299031,352,0
CT1300011,816,0
CT1300021,7300,0
CT1300031,455,0
CT1300071,40,1
CT1310011,43069,0
CT1310031,70,0
CT1330021,1058,0
CT1340032,250,1
CT1341303,429,0
CT1350011,119214,0
CT1360011,308,0
CT1370011,10788,0
CT1370051,445,0
CT1370071,392,0
CT1390021,595,0
CT1400011,3789,0
CT1410011,1070,0
CT1410051,128,1
CT1410661,85,1
CT1411041,205,1
CT1419071,56,0
CT1419081,51,3
CT1420021,175,0
CT1420041,216,1
CT1420081,60,0
CT1423011,1251,0
CT1429171,25,0
CT1429191,204,1
CT1429201,207,1
CT1430011,37915,0
CT1440021,35,0
CT1462011,62,0
CT1463011,430,1
CT1470011,216,0
CT1479021,42,1
CT1480011,37267,0
CT1490021,84,1
CT1500011,139,0
CT1500021,219,0
CT1500031,120,0
CT1500051,300,0
CT1500091,68,0
CT1500321,42,0
CT1500341,84,0
CT1501111,398,0
CT1510011,107271,0
CT1520061,180,0
CT1520071,16578,0
CT1530011,6718,0
CT1530021,9972,0
CT1539031,600,0
CT1548011,50,1
CT1570011,100,0
CT1600031,489,1
CT1600041,276,1
CT1600051,96,1
CT1600061,66,2
CT1600071,125,3
CT1600101,60,1
CT1606111,102,1
CT1606211,102,1
CT1609111,179,0
CT1609141,327,0
CT1620011,7784,0
CT1630011,21214,0
CT1630021,312,0
CT1631031,135,1
CT1660011,102,1
CT1661423,2550,0
CT1662051,218,0
CT1666011,72,0
CT1668011,215,0
CT1669011,288,0
CT1680011,1209,0
CT1680021,120,0
CT1680031,912,0
CT1680041,108,0
CT1680051,258,1
CT1680061,120,1
CT1680071,72,0
CT1686091,120,0
CT1690021,100,1
CT1690031,26,1
CT1691171,620,1
CT1698011,180,1
CT1698041,110,3
CT1698051,57,0
CT1699011,44,1
CT1699081,36,2
DC0000002,632323,0
DC0000003,16800,2
DC0000004,19312,2
DE0000004,17148,0
DE0000007,204,0
DE0000008,117,0
DE0000011,2000,0
DE0000102,65,0
DE0000104,261,0
DE0000112,111,0
DE0000115,384,0
DE0000118,249,0
DE0000121,110,0
DE0000124,17208,0
DE0000125,252,0
DE0000126,3562,0
DE0000129,50,0
DE0000133,84,0
DE0000134,123,0
DE0000140,177,0
DE0000155,550,0
DE0000220,432,0
DE0000221,51000,0
DE0000226,207,0
DE0000227,300,0
DE0000238,3171,0
DE0000246,6699,0
DE0000251,522,0
DE0000252,533,0
DE0000253,189,0
DE0000254,600,1
DE0000259,225,0
DE0000260,72,2
DE0000264,230,0
DE0000265,918,0
DE0000267,165,0
DE0000269,321,0
DE0000270,222,0
DE0000272,108,0
DE0000275,65,1
DE0000276,749,0
DE0000309,129,0
DE0000399,60,0
DE0000430,60,0
DE0000438,296,0
DE0000439,600,0
DE0000442,195,0
DE0000464,209,0
DE0000465,1764,0
DE0000468,90,0
DE0000492,40,0
DE0000503,687,0
DE0000521,312,0
DE0000523,132,0
DE0000545,305,0
DE0000546,459,0
DE0000547,1200,0
DE0000548,150,1
DE0000549,45,0
DE0000552,231114,0
DE0000553,214,0
DE0000556,12000,0
DE0000557,12450,0
DE0000558,973,0
DE0000559,6000,0
DE0000560,65,0
DE0000561,50,0
DE0000563,5000,0
DE0000564,100495,0
DE0000566,2610,0
DE0000567,2027,0
DE0000568,210,0
DE0000569,93,0
DE0000571,39491,0
DE0000572,108,0
DE0000573,252,0
DE0000574,54,0
DE0000579,11000,0
DE0000580,1591,0
DE0000587,1100,0
DE0000590,25,1
DE0000592,7259,0
DE0000596,123,0
DE0000597,3984,0
DE0000599,300,0
DE0000600,152,0
DE0000602,9627,0
DE0000606,210,0
DE0000608,78,3
DE0000610,425,0
DE0000611,138,0
DE0000613,591,0
DE0000614,17700,0
DE0000615,66,0
DE0000616,9800,0
DE0000622,8568,0
DE0000623,255,0
DE0000625,11000,0
DE0000628,115,1
DE0000629,3200,0
DE0000630,40000,0
DE0000634,5549,0
DE0000641,398,0
DE0000644,145,0
DE0000645,1575,0
DE0000650,50,0
DE0000651,476,0
DE0000654,3502,0
DE0000657,11813,0
DE0000660,147,0
DE0000661,41,0
DE0000663,107976,0
DE0000723,25000,0
DE0000825,31000,0
DE0000840,1400,0
DE0000841,256,2
DE0000865,1200,0
DE0000885,306,1
DE0000888,30,0
DE0000901,297,1
DE0000924,150,0
DE0000939,831,0
DE0000949,1542,0
DE0000960,330,0
DE0000982,120,0
DE0000987,75,0
DE0000991,81417,0
DE0000999,159,0
DE0001254,210,0
DE0001605,538,0
DE0001646,341,0
DE0002275,50,0
DE0002581,60,0
DE0002605,53,0
DE0002618,846,0
DE0003581,81,0
DE0004605,79,0
DE0020003,5511,0
DE0020007,861,0
DE0020020,426,0
DE0020021,414,0
DE0020022,126,0
DE0020052,498,0
DE0020062,36,0
DE0020063,45,0
DE0020064,72,0
DE0020065,97,0
DE0020066,63,0
DE0020088,216,0
DE0020099,336,0
DE0020103,87,0
DE0020111,102,0
DE0020112,350,0
DE0020117,674,0
DE0020119,366,0
DE0020120,100,0
DE0020121,291,0
DE0020122,3090,0
DE0020123,1467,0
DE0020124,909,0
DE0020137,272,0
DE0020138,235,0
DE0020139,683,0
DE0020140,381,0
DE0020141,847,0
DE0020143,120,0
DE0020144,360,0
DE0020148,338,0
DE0020149,220,0
DE00A0159,1017,0
DE00A0169,1500,0
DE00A0188,345,1
DE00A0212,201,0
DE00A0279,171,0
DE00A0321,117,0
DE00A0323,18215,0
DE00A0326,768,0
DE00A0327,213,0
DE00A0334,5538,0
DE00A0347,4149,0
DE00A0348,471,0
DE00A0353,192,0
DE00A0376,936,0
DE00A0377,654,2
DE00A0379,270,0
DE00A0404,402,0
DE00A0411,123,0
DE00A0420,168,0
DE00A0424,357,0
DE00A0425,909,0
DE00A0428,9654,0
DE00A0440,498,0
DE00A0516,141,0
DE00A0522,639,0
DE00A0575,81,0
DE00A0673,7014,0
DE00A0679,192,0
DE00A0680,111,0
DE00A0696,500,0
DE00A0697,48,0
DE00A0699,243,0
DE00A0740,1503,0
DE00A0757,120,0
DE00A0770,42,0
DE00A0787,534,0
DE00A0799,934,0
DE00A0837,8400,0
DE00A0868,465,0
DE00A1745,126,0
FL1030050,40848,0
FL1030141,20520,1
FL1030148,8075,2
FL1030435,23380,0
FL1030467,5888,3
FL1030515,67205,0
FL1030517,34345,0
FL1030520,4358,1
FL1030568,30,0
FL1034054,68,1
FL1070014,800,0
FL1070685,3500,0
FL1170126,2560,0
FL1170168,6737,0
FL1170259,10346,0
FL1170302,6668,0
FL1170475,8845,0
FL1170525,242172,0
FL1170527,24806,0
FL1170613,3490,0
FL1170703,13285,0
FL1170718,4238,0
FL1170814,22600,0
FL1170899,1728,0
FL1190013,1400,0
FL1190118,3690,0
FL1190150,5235,1
FL1190236,3085,0
FL1190414,1815,0
FL1190789,5272,1
FL1200134,2959,0
FL1200275,3200,0
FL1200334,3860,0
FL1200459,85,0
FL1200551,10298,0
FL1200687,794,0
FL1200688,3508,0
FL1200797,12322,0
FL1200885,129,0
FL1204029,79,0
FL1204063,120,0
FL1204064,146,0
FL1204065,59,0
FL1204067,55,0
FL1204079,143,1
FL1230545,13848,0
FL1230734,2081,0
FL1230848,6287,2
FL1234012,120,0
FL1234013,1875,0
FL1300083,2759,0
FL1300214,312,0
FL1300247,360,0
FL1300498,242,1
FL1302006,77,1
FL1304033,298,1
FL1304034,850,0
FL1320011,497,0
FL1320025,1756,0
FL1320111,216,0
FL1320143,861,0
FL1320145,4000,0
FL1320311,692,0
FL1320440,437,1
FL1320449,8227,0
FL1320686,978,0
FL1320689,1893,0
FL1320879,18,0
FL1324031,281,0
FL1324064,50,0
FL1324074,1307,2
FL1324098,2205,0
FL1330374,79,0
FL1330478,4502,0
FL1330748,2649,0
FL1330754,222,0
FL1370023,99,0
FL1370077,291,0
FL1370096,70,0
FL1370288,182,0
FL1370353,1984,0
FL1370393,11395,0
FL1370403,172,0
FL1370461,263,0
FL1370463,261,0
FL1370598,263,0
FL1370616,126,1
FL1370617,845,0
FL1370640,150,0
FL1370655,200480,0
FL1370669,3912,0
FL1370745,2130,0
FL1370791,180,0
FL1370888,10643,0
FL1370898,364,0
FL1374008,150,0
FL1374049,200,0
FL1374054,369,0
FL1374072,48,0
FL1374104,28,1
FL1390087,2688,0
FL1390651,65,0
FL1390901,1272,1
FL1394001,1800,1
FL1394003,163,0
FL1394006,281,0
FL1394009,444,0
FL1394012,166,0
FL1460035,22903,0
FL1460043,2930,0
FL1460144,24113,0
FL1460147,22243,1
FL1460149,5722,0
FL1460182,34789,0
FL1460202,31752,0
FL1460352,2582,0
FL1460416,1802,0
FL1460455,4013,0
FL1460472,2450,0
FL1460506,80295,0
FL1460775,17592,0
FL1460782,10006,0
FL1460826,4169,0
FL1460828,3500,0
FL1460830,134,0
FL1464034,1800,0
FL1464044,7593,0
FL1464067,1500,0
FL1464068,812,0
FL1570042,10896,0
FL1570064,2800,0
FL1570140,5527,0
FL1570146,21241,0
FL1570232,17292,0
FL1570316,17596,0
FL1570349,47793,0
FL1570384,1834,0
FL1570470,21196,0
FL1570479,4875,0
FL1570489,2785,0
FL1570540,11318,0
FL1570671,49328,0
FL1570874,6166,0
FL1570886,25,1
FL1650514,3020,0
FL1650612,12998,1
FL1650630,285,0
FL1650778,117,0
FL1650785,10637,0
FL1650791,3153,0
FL1650792,216,1
FL1660028,1157,1
FL1660196,12243,0
FL1660290,12020,0
FL1660407,160,0
FL1660524,1578,0
FL1660596,62225,0
FL1660615,26668,0
FL1660803,4386,0
FL1664019,3171,0
FL1670119,423,0
FL1670135,3660,0
FL1670647,1458,0
FL1670710,736,0
FL1670721,361,0
FL1670733,2500,3
FL2010017,8220,0
FL2010041,738,0
FL2010042,1092,0
FL2010199,1500,0
FL2010201,5795,0
FL2010207,3885,0
FL2010212,1042,0
FL2010477,2275,0
FL2010612,800,0
FL2010625,325,0
FL2010749,605,0
FL2010946,195768,0
FL2011006,200,1
FL2011251,300,0
FL2014196,156,0
FL2020204,6500,0
FL2020815,1800,0
FL2021356,1500,0
FL2024902,428,0
FL2040113,331,0
FL2040211,6800,0
FL2040372,5980,0
FL2040456,458,0
FL2040648,1082,0
FL2040843,30,1
FL2041320,367,0
FL2100150,900,0
FL2100437,7000,0
FL2100610,5092,0
FL2100626,27001,0
FL2100636,95,1
FL2100709,1310,0
FL2100741,127904,0
FL2100801,196,0
FL2100882,450,0
FL2101019,489,0
FL2101182,8668,0
FL2104351,270,0
FL2120043,100,1
FL2120047,220,0
FL2120224,150,1
FL2120630,20488,0
FL2120921,103,0
FL2121023,265,0
FL2121366,75,3
FL2124284,343,0
FL2124285,25,1
FL2124287,58,0
FL2124295,103,0
FL2124338,265,0
FL2124357,25,1
FL2124372,218,0
FL2124375,250,0
FL2124399,750,4
FL2124409,63,0
FL2124413,75,0
FL2150243,2550,0
FL2150512,300,0
FL2151026,100,1
FL2151140,1900,0
FL2160053,1790,0
FL2160200,23503,0
FL2160206,7270,0
FL2160254,60,0
FL2160390,350,0
FL2160563,23352,0
FL2160568,3480,0
FL2160601,100,0
FL2160654,40,0
FL2160734,20500,0
FL2160735,257,0
FL2160824,75,1
FL2161212,22000,0
FL2161276,556,0
FL2161328,826664,0
FL2161337,56,1
FL2164003,1000,0
FL2164279,1015,0
FL2164400,60,0
FL2164401,150,0
FL2164494,75,0
FL2180002,1413,0
FL2180132,1000,0
FL2180134,3507,0
FL2180349,4830,0
FL2180863,112324,0
FL2181288,85,4
FL2184251,3522,0
FL2184259,5054,0
FL2184268,231,0
FL2184278,100,0
FL2210647,1175,0
FL2211188,2300,0
FL2240570,6250,0
FL2240579,900,0
FL2241264,819,0
FL2331185,1300,0
FL2341181,1055,0
FL2341182,1400,0
FL2380178,735,0
FL2380188,290,0
FL2380189,2031,0
FL2380387,300,0
FL2380854,120,1
FL2381178,1125,0
FL2381208,369,0
FL2381409,275,1
FL2381411,1310,0
FL2400185,750,1
FL2400205,7350,1
FL2400440,800,0
FL2401296,387,0
FL2401312,30,1
FL2450022,9750,0
FL2450146,1730,0
FL2450364,21925,0
FL2450431,60,1
FL2451002,30,0
FL2451147,80,0
FL2451179,3036,0
FL2451322,350,0
FL2454138,121,1
FL2454338,24318,0
FL2454378,64,1
FL2540058,99,0
FL2540070,189,0
FL2540239,1900,0
FL2540482,558,0
FL2540545,717,0
FL2540631,450,0
FL2540865,318,0
FL2540905,672,0
FL2540959,375,0
FL2540964,1000,3
FL2540974,45,0
FL2541008,111,0
FL2541086,325,0
FL2541180,791,0
FL2541200,95,1
FL2541242,318,0
FL2541280,87,0
FL2544255,1300,0
FL2544257,88,1
FL2544258,94,0
FL2544260,11900,3
FL2544265,86,1
FL2544266,170,3
FL2544274,54,1
FL2544278,68,1
FL2544295,112,1
FL2544298,240,0
FL2544392,2421,0
FL2544434,55,1
FL2544444,1500,1
FL2544488,45,1
FL2550210,43069,0
FL2550250,38,0
FL2550396,485,0
FL2550476,1095,0
FL2550812,4200,0
FL2550866,965,0
FL2550908,5395,0
FL2551004,13023,0
FL2551120,150,0
FL2551370,858,1
FL2551459,96,0
FL2554166,312,0
FL2554332,40,0
FL2554334,2303,0
FL2554337,345,0
FL2554343,15565,0
FL2554344,180,0
FL2554353,655,0
FL2554447,66953,0
FL2554471,48040,0
FL2554475,14790,0
FL2610012,800,0
FL2610109,800,0
FL2610203,6850,0
FL2610370,100,0
FL2611239,310,0
FL2611246,500,0
FL2614268,3950,1
FL2620208,7281,3
FL2621102,2700,0
FL2624165,1310,0
FL2630202,1875,0
FL2634222,3000,0
FL3050057,10290,0
FL3050108,95,0
FL3050131,100,0
FL3050223,294039,0
FL3050341,107,0
FL3050442,140750,2
FL3050596,55,1
FL3050834,7958,0
FL3050841,275,1
FL3050873,250,1
FL3050890,250,0
FL3050905,90,0
FL3051086,432,0
FL3051311,1537,0
FL3051367,57218,0
FL3051447,167753,0
FL3051460,30443,0
FL3054015,112,0
FL3054017,226,0
FL3054058,207,0
FL3054060,750,1
FL3054062,900,0
FL3054100,477,0
FL3054101,140,0
FL3054128,7500,1
FL3054146,135,0
FL3054170,524,0
FL3310206,37308,0
FL3314052,126893,0
FL3314280,3208,0
FL3350005,87,0
FL3350044,2498,0
FL3350062,60,0
FL3350094,100,0
FL3350102,418,0
FL3350117,383,0
FL3350152,474,0
FL3350172,480,0
FL3350191,300,0
FL3350215,10048,0
FL3350240,250,0
FL3350249,240,1
FL3350319,340,0
FL3350322,458,0
FL3350346,39721,0
FL3350370,283,0
FL3350426,80,0
FL3350427,5127,0
FL3350474,295,0
FL3350476,23628,0
FL3350495,421,0
FL3350506,500,0
FL3350507,1883,0
FL3350523,223,1
FL3350536,130,1
FL3350544,265,0
FL3350551,1725,0
FL3350573,2027,2
FL3350584,498,0
FL3350655,732,0
FL3350679,270,0
FL3350690,1500,0
FL3350730,324,1
FL3350744,280,0
FL3350745,46921,0
FL3350760,297,0
FL3350783,120,1
FL3350812,12355,0
FL3350825,3065,0
FL3350836,20605,0
FL3350842,498,1
FL3350846,800,0
FL3350847,1198,0
FL3350851,30,1
FL3350852,137,0
FL3350858,39710,0
FL3350900,109,1
FL3350907,993,0
FL3350942,18675,0
FL3350977,7090,0
FL3350981,158,0
FL3350984,80,0
FL3351009,374,0
FL3351021,437,0
FL3351062,161,0
FL3351115,270,0
FL3351182,2355,0
FL3351205,308,0
FL3351254,334,0
FL3351331,283,0
FL3351333,22007,0
FL3351335,476,0
FL3351348,90,0
FL3351366,176,0
FL3351376,230,1
FL3351402,3948,0
FL3351418,58,2
FL3351421,750,0
FL3351426,440,0
FL3351455,352,2
FL3351464,963,0
FL3351555,751,1
FL3351561,191,0
FL3351563,286,0
FL3351564,88,1
FL3351566,9727,0
FL3351567,200,1
FL3354005,126,0
FL3354010,1465,0
FL3354027,343,0
FL3354028,328,0
FL3354038,122,0
FL3354043,130,0
FL3354044,140,0
FL3354053,80,0
FL3354054,1212,0
FL3354055,185,0
FL3354104,3142,0
FL3354106,245,0
FL3354110,191,0
FL3354112,770,0
FL3354142,215,0
FL3354644,132,1
FL3354646,615,0
FL3354647,228,0
FL3354650,5141,0
FL3354651,215,0
FL3354653,2488,0
FL3354656,170,0
FL3354657,250,0
FL3354660,123,1
FL3354661,125,0
FL3354662,98,0
FL3354664,128,1
FL3354687,265,0
FL3354688,101,0
FL3354695,161,0
FL3354697,256,0
FL3354701,980,0
FL3354779,39279,0
FL3354781,1219,0
FL3354836,244,1
FL3354867,240,0
FL3354869,2446,0
FL3354881,13198,0
FL3354883,24798,0
FL3354886,381,1
FL3354916,9950,0
FL3354926,100,1
FL3354929,3248,0
FL3354935,406,1
FL3354938,625,0
FL3354943,53,0
FL3354944,260,1
FL3354945,660,0
FL3354953,3301,0
FL3354954,1057,0
FL3354956,35,0
FL3354962,50,0
FL3354965,60,1
FL3354967,70,1
FL3354968,5807,1
FL3354969,175,0
FL3354994,100,0
FL3354998,40,1
FL3355000,399,0
FL3420074,9358,0
FL3420124,170,0
FL3420162,1013,0
FL3420216,54,0
FL3420340,203,0
FL3420386,2974,0
FL3420387,2700,1
FL3420408,422,0
FL3420411,200,0
FL3420419,235,0
FL3420456,432,0
FL3420484,155,1
FL3420509,100,0
FL3420531,122,0
FL3420533,721,0
FL3420608,1191,0
FL3420761,1138,0
FL3420763,120,0
FL3420767,110,0
FL3420781,42,0
FL3420805,88,0
FL3420870,210,0
FL3420904,95,0
FL3420916,252,0
FL3420922,66449,0
FL3420924,608,0
FL3420939,965,0
FL3420965,93,0
FL3421018,531,0
FL3421098,2498,0
FL3421118,678,0
FL3421159,207,1
FL3421201,80,0
FL3421283,212,0
FL3421314,1460,0
FL3421379,484,0
FL3421467,160,0
FL3421490,91,0
FL3421495,95,0
FL3421520,175,0
FL3421528,95,0
FL3421554,65,0
FL3421559,248,0
FL3421560,2202,0
FL3421573,135,0
FL3421574,110,0
FL3421576,361,0
FL3424000,763,0
FL3424001,102,0
FL3424009,318,0
FL3424029,144,0
FL3424030,378,0
FL3424031,268,0
FL3424032,273,0
FL3424034,132,0
FL3424036,102,0
FL3424042,287,0
FL3424046,258,0
FL3424061,95,0
FL3424062,485,0
FL3424087,600,0
FL3424099,105,0
FL3424106,178,0
FL3424620,1218,0
FL3424621,220,0
FL3424622,115,0
FL3424628,400,0
FL3424637,49,0
FL3424638,104,0
FL3424643,165,0
FL3424644,580,0
FL3424646,193,0
FL3424648,230,0
FL3424649,40,0
FL3424651,1045,0
FL3424652,183,0
FL3424654,50,0
FL3424655,68,0
FL3424657,178,0
FL3424658,290,0
FL3424659,115,0
FL3424662,595,0
FL3424664,50,0
FL3424685,462,0
FL3424689,852,0
FL3424690,580,0
FL3424691,608,0
FL3424789,400,0
FL3424808,47,0
FL3424827,88,0
FL3424839,523,0
FL3424841,200,0
FL3424857,45,0
FL3424897,40251,0
FL3424962,123,0
FL3425006,1144,0
FL3425029,31,0
FL3425039,70,0
FL3425108,104,0
FL3425111,25,1
FL3425126,96,0
FL3425127,4784,0
FL3425128,76,1
FL3480114,420,0
FL3480149,6157,0
FL3480200,71917,0
FL3480203,13370,0
FL3480204,34000,0
FL3480226,90,0
FL3480255,969,0
FL3480265,189,0
FL3480272,143,0
FL3480289,45,0
FL3480327,2727,1
FL3480409,44103,0
FL3480502,98,0
FL3480555,78,0
FL3480681,70,0
FL3480700,67,0
FL3480792,347,0
FL3480913,6202,0
FL3480940,145,0
FL3480962,536466,0
FL3481016,127,1
FL3481093,1338,0
FL3481155,38,1
FL3481199,639,0
FL3481270,1221,0
FL3481326,4232,0
FL3481329,851,0
FL3481420,305,1
FL3481481,72205,0
FL3481482,82984,0
FL3481501,1290,0
FL3481506,2571,0
FL3481507,1320,0
FL3481518,907,0
FL3481546,206742,0
FL3481547,49,0
FL3481571,125,1
FL3484093,136500,0
FL3484119,80738,0
FL3484132,293374,0
FL3484175,40,1
FL3484422,772,0
FL3484431,834,0
FL3484434,175,0
FL3484437,9704,0
FL3490265,115,1
FL3490293,120,0
FL3490314,289,0
FL3490751,110102,0
FL3490766,32,0
FL3490770,222,1
FL3490816,300,0
FL3490986,165,0
FL3491002,43,0
FL3491011,40330,0
FL3491077,95,0
FL3491298,187,4
FL3491373,82752,0
FL3491702,450,0
FL3491726,179,1
FL3491904,43,0
FL3491909,70,2
FL3494287,2957,0
FL3494313,428,0
FL3494316,48,1
FL3494318,130,0
FL3494320,200,0
FL3494400,515,1
FL3494416,70,0
FL3494427,6221,0
FL3494428,11178,0
FL3494429,69447,0
FL3494439,542,0
FL3530240,59,1
FL3530592,1150,0
FL3530683,120,0
FL3530711,200,0
FL3530736,211,0
FL3530814,78,1
FL3530854,678,0
FL3530946,425,0
FL3531008,2500,0
FL3531009,502,0
FL3531198,45,0
FL3531275,75,0
FL3531318,1500,0
FL3531517,2100,1
FL3531546,205,0
FL3531744,5052,0
FL3532183,3000,0
FL3532355,279,0
FL3532496,130,0
FL3532582,250,0
FL3535116,35,1
FL3590026,51000,0
FL3590039,3269,0
FL3590069,777,0
FL3590111,821,0
FL3590159,54747,0
FL3590186,3863,0
FL3590201,17066,0
FL3590202,23237,0
FL3590205,79715,0
FL3590338,62,0
FL3590473,19925,0
FL3590497,158,0
FL3590571,70040,0
FL3590615,868,0
FL3590685,192,0
FL3590698,700,3
FL3590762,214,0
FL3590785,9622,0
FL3590823,1748,0
FL3590865,976,0
FL3590879,34657,0
FL3590912,788,0
FL3590970,47933,0
FL3590988,1476,1
FL3590993,246,0
FL3591061,2105,0
FL3591121,36953,0
FL3591248,150,0
FL3591395,500,0
FL3591451,4221,0
FL3594050,780,1
FL3594107,31986,1
FL3594186,781,0
FL3594214,4052,0
FL3594216,986,0
FL3594230,1500,0
FL3594240,96,0
FL3594241,689,0
FL3600007,3914,0
FL3600009,24278,0
FL3600015,9770,0
FL3600016,1554,0
FL3640019,740,0
FL3640156,472,0
FL3640275,87534,0
FL3640285,275,0
FL3640286,50910,0
FL3640287,81006,0
FL3640331,28552,0
FL3640336,264,0
FL3640403,200,0
FL3640412,3386,0
FL3640528,276,0
FL3640557,13108,0
FL3640643,552,0
FL3640682,92,0
FL3640683,2089,0
FL3640727,100,0
FL3640748,201,0
FL3640876,69409,0
FL3640945,1365,0
FL3640946,12507,0
FL3640955,67,0
FL3640963,59744,0
FL3641014,291,0
FL3641041,4616,0
FL3641044,71096,0
FL3641216,14435,0
FL3641308,100,1
FL3641315,156,0
FL3641324,2657,0
FL3641336,19672,0
FL3641373,478,0
FL3641399,184,0
FL3641401,1007,0
FL3641444,164,0
FL3641550,2704,1
FL3644119,258,0
FL3644123,6630,0
FL3644125,437,0
FL3644127,276,1
FL3644155,3842,0
FL3644157,67,2
FL3644279,34,1
FL3644292,54,0
FL3644327,732,0
FL3644328,291,0
FL3644329,4082,0
FL3644332,231,0
FL3644349,88,0
FL4060162,32650,0
FL4060163,54622,0
FL4060165,16046,0
FL4060167,75305,1
FL4060253,30000,1
FL4060254,62000,0
FL4060282,33752,0
FL4060290,65000,0
FL4060291,40000,0
FL4060344,26000,0
FL4060419,3750,1
FL4060486,185163,0
FL4060573,40000,1
FL4060615,2000,0
FL4060642,147566,0
FL4060787,55000,1
FL4060845,62254,0
FL4060846,1400,0
FL4060925,137107,0
FL4060976,35709,0
FL4060989,38905,0
FL4061083,187459,1
FL4061121,85496,0
FL4061127,52300,0
FL4061129,99400,0
FL4061408,72400,0
FL4061410,79550,0
FL4061429,63793,0
FL4061517,4481,0
FL4061574,12531,0
FL4061584,54000,0
FL4061593,2582,0
FL4061925,1000,0
FL4061957,2590,0
FL4064326,10750,0
FL4064390,37371,0
FL4064409,115,1
FL4130077,3209,0
FL4130089,6000,0
FL4130255,13453,0
FL4130588,160,0
FL4130604,238000,0
FL4130645,80000,0
FL4130662,86,0
FL4130833,100,0
FL4130871,2377460,0
FL4130901,100000,0
FL4130970,8317,0
FL4130977,89349,0
FL4131001,16479,0
FL4131202,45200,0
FL4131206,350,0
FL4131312,250,0
FL4131403,2500,0
FL4131424,5744,0
FL4131474,958,0
FL4131531,2472,0
FL4131558,8500,0
FL4131618,180000,0
FL4134357,86000,0
FL4134358,75,2
FL4134365,22200,0
FL4430259,16841,0
FL4430484,200,1
FL4430624,27000,0
FL4430667,5847,1
FL4430774,220,1
FL4430956,250,1
FL4431050,99,2
FL4431235,90,1
FL4431379,750,1
FL4431456,450,1
FL4431582,189,1
FL4431870,40,0
FL4431883,127,1
FL4431891,104105,0
FL4434000,1145,0
FL4434014,499,1
FL4470257,20000,0
FL4471736,132,0
FL4474396,745,0
FL4474453,418,0
FL4474462,56,0
FL4474467,100,1
FL4474474,144,0
FL4474497,1700,1
FL4474505,30,0
FL4500014,56475,0
FL4500062,1200,0
FL4500068,3000,1
FL4500130,130000,0
FL4500145,112000,0
FL4500351,69754,0
FL4500455,3255,0
FL4500466,2468,2
FL4500565,1001,0
FL4500609,4287,0
FL4500634,480,3
FL4500773,48000,0
FL4500784,11558,0
FL4500840,425,0
FL4500841,2410,0
FL4501039,175,1
FL4501058,32467,0
FL4501104,175,1
FL4501124,97552,0
FL4501229,46762,1
FL4501438,15500,0
FL4501491,94929,0
FL4501528,3505,0
FL4501559,132000,2
FL4504285,60,1
FL4504287,890,1
FL4504393,671114,1
FL4504396,760,1
FL4504903,4993,0
FL4504998,1645,0
FL4505002,222,0
FL4505005,31789,0
FL4505018,1975,0
FL4560069,197,1
FL4560075,80,0
FL4560266,102,0
FL4560490,58000,0
FL4560954,224485,0
FL4560971,3954,0
FL4561005,87,3
FL4561689,5073,0
FL4564006,2331,1
FL4564007,130,1
FL4564322,1125,1
FL4564397,650,1
FL4564399,120,0
FL4565002,1573,1
FL4565031,21400,0
FL4565043,3120,1
FL4565097,100,2
FL4565154,44,1
FL4565198,3056,1
FL4565204,2365,0
FL5084082,1779,0
FL5084100,173820,0
FL5084110,401,0
FL5084111,2243,0
FL5084116,13427,0
FL5084117,44,2
FL5110058,82,1
FL5110087,50,0
FL5110089,2978,0
FL5110118,853,0
FL5110142,26841,0
FL5110183,31830,0
FL5110198,83804,0
FL5110230,1200,1
FL5114069,216993,0
FL5114154,11982,0
FL5220166,1663,0
FL5220192,3735,1
FL5220235,120,0
FL5224074,880,0
FL5224079,260,1
FL5224091,56,1
FL5260050,6790,0
FL5260053,9643,0
FL5260226,11782,0
FL5260262,4498,0
FL5264050,284,0
FL5264054,200,0
FL5264103,309,0
FL5264112,134,2
FL5264113,290,0
FL5280129,250,3
FL5280155,200,0
FL5280180,147,0
FL5280211,131,0
FL5280266,4098,0
FL5284101,60,0
FL5284114,50,0
FL5284133,1168,0
FL5360025,76033,0
FL5360048,3282,1
FL5360102,92219,0
FL5360146,14784,0
FL5360172,32296,0
FL5360204,400,3
FL5360299,200,0
FL5360322,15725,0
FL5360325,172693,1
FL5364002,69,0
FL5364040,2000,0
FL5364048,282556,0
FL5364062,500,0
FL5364068,312,0
FL5364143,14553,0
FL5364145,6499,0
FL5364149,1000,0
FL5364150,1220,0
FL5364151,1863,0
FL5364152,482,0
FL5444047,30000,1
FL6080044,4722,0
FL6080051,36302,0
FL6080081,1351,0
FL6080104,6605,0
FL6080137,22,0
FL6080175,1330,0
FL6080256,465,0
FL6080318,13376,0
FL6080324,508,0
FL6084007,450,3
FL6084074,205,3
FL6084075,431,0
FL6084079,1068,0
FL6090099,267,0
FL6090150,11572,0
FL6090156,70,0
FL6090267,196,0
FL6090312,26781,0
FL6090317,4528,0
FL6090411,75,0
FL6090523,84,0
FL6090532,100,1
FL6090541,125,0
FL6090588,5917,0
FL6090609,200,0
FL6090674,313,0
FL6090729,63,1
FL6090828,5548,0
FL6090861,7194,0
FL6090875,200,0
FL6090898,48,1
FL6091178,159,0
FL6091274,528,0
FL6091322,5220,0
FL6091422,1168,0
FL6091554,340,1
FL6091672,300,0
FL6091735,13935,0
FL6091816,46,0
FL6092199,363,0
FL6092326,85,0
FL6092327,93,0
FL6092331,170,0
FL6092334,90,0
FL6092338,86,0
FL6094480,358,0
FL6094523,25,0
FL6094656,192,0
FL6094773,300,0
FL6094871,300,0
FL6094874,100,0
FL6094875,100,0
FL6094892,900,0
FL6094899,80,0
FL6094928,94,1
FL6094933,215,0
FL6094934,164,0
FL6094948,29218,0
FL6094953,53,0
FL6094957,172,0
FL6094970,70,1
FL6094994,100,1
FL6095036,180,0
FL6095046,638,0
FL6095050,60,0
FL6140314,8942,0
FL6140451,3134,4
FL6142032,50,0
FL6142038,160,0
FL6142734,3301,0
FL6144833,36,1
FL6144834,248,0
FL6144851,700,0
FL6144856,2670,0
FL6144898,3518,1
FL6250278,142,1
FL6250329,5000,0
FL6250332,2062,0
FL6251954,250,0
FL6252022,2940,0
FL6254754,1900,0
FL6254762,300,0
FL6254774,60,0
FL6254799,3038,0
FL6270009,200,0
FL6270246,400,0
FL6270269,372,0
FL6270468,832,0
FL6270851,250,0
FL6271171,225,0
FL6271553,190,0
FL6271934,150,0
FL6271942,488,1
FL6272180,11500,0
FL6272304,400,0
FL6274859,140,0
FL6277059,145204,0
FL6277060,9483,0
FL6277064,67,0
FL6280049,19361,0
FL6280064,632,0
FL6280136,128,2
FL6280158,400,0
FL6280162,1325,0
FL6280167,350,0
FL6280181,400,0
FL6280222,225,1
FL6280223,3307,1
FL6280250,46295,0
FL6280273,476,0
FL6280274,7710,0
FL6280286,2675,0
FL6280296,650,0
FL6280304,800,0
FL6284074,2699,0
FL6284075,2000,0
FL6284077,150,0
FL6284089,146,0
FL6284097,130,0
FL6284114,95,1
FL6290017,75,0
FL6290047,60,0
FL6290072,30,0
FL6290112,162,0
FL6290116,3080,0
FL6290157,330,0
FL6290186,316,0
FL6290189,275,0
FL6290190,95,0
FL6290227,240,0
FL6290251,45,0
FL6290256,82,0
FL6290276,130,0
FL6290279,218,0
FL6290298,380,0
FL6290309,52,0
FL6290323,41601,0
FL6290327,733886,0
FL6290333,13958,0
FL6290388,208982,0
FL6290392,50,0
FL6290401,66,0
FL6290406,250,1
FL6290416,59,0
FL6290430,1250,0
FL6290474,126,0
FL6290482,85,0
FL6290497,2074,0
FL6290505,75,0
FL6290548,40,0
FL6290595,490,0
FL6290607,60,0
FL6290631,73,0
FL6290685,600,0
FL6290696,68,0
FL6290722,25,0
FL6290728,300,0
FL6290740,30,0
FL6290741,250,0
FL6290758,72,0
FL6290787,515012,0
FL6290800,82,0
FL6290847,38,0
FL6290937,150,0
FL6290960,50,0
FL6290997,25,0
FL6291018,590,0
FL6291023,40,0
FL6291037,87,0
FL6291087,140,0
FL6291088,530,0
FL6291096,130,0
FL6291104,68,0
FL6291139,1344,0
FL6291170,54,0
FL6291213,132,0
FL6291251,135,0
FL6291252,205,0
FL6291276,78,0
FL6291280,320,0
FL6291288,643,0
FL6291341,2456,0
FL6291372,4757,0
FL6291445,80,0
FL6291481,148,1
FL6291483,89,0
FL6291521,40,0
FL6291524,39,0
FL6291529,40,0
FL6291531,250,0
FL6291541,1044,0
FL6291547,130,0
FL6291575,29,0
FL6291581,232,0
FL6291597,1530,0
FL6291605,42,0
FL6291610,42,0
FL6291684,440,0
FL6291687,270,0
FL6291761,375,0
FL6291767,25,0
FL6291776,40,0
FL6291781,32,0
FL6291791,31250,0
FL6291810,70,0
FL6291840,160,0
FL6291847,90,0
FL6291870,136,0
FL6291882,47586,0
FL6291960,120,0
FL6291969,312,0
FL6291988,208,0
FL6292080,160,0
FL6292081,812,0
FL6292089,60,0
FL6292096,52,0
FL6292099,45,0
FL6292235,75,0
FL6292643,58,0
FL6292645,30,0
FL6292647,44,0
FL6292648,167,0
FL6292649,25,0
FL6292653,50,0
FL6292655,200,0
FL6292755,75,0
FL6292786,80,0
FL6292787,39,0
FL6294172,62,0
FL6294333,40,0
FL6294409,48,0
FL6294552,32,0
FL6294612,540,1
FL6294714,114,0
FL6294733,660,0
FL6294775,100,0
FL6294792,100,0
FL6294850,2395,0
FL6294856,300,0
FL6295072,75,0
FL6295112,52,0
FL6295151,67,0
FL6295177,100,0
FL6295183,218,0
FL6295184,71,0
FL6295191,430,0
FL6295202,249,0
FL6295240,60,0
FL6295265,36,0
FL6295275,425,0
FL6295310,50,0
FL6295311,200,0
FL6295355,114,0
FL6295376,130,2
FL6295398,40,0
FL6295413,74,0
FL6295453,72,0
FL6295471,60,0
FL6295491,100,0
FL6295493,36,0
FL6295507,75,0
FL6295523,684,0
FL6295565,25,0
FL6295569,60,0
FL6295577,50,0
FL6295604,41,0
FL6295613,60,0
FL6295614,100,0
FL6295621,37,0
FL6295629,26,0
FL6295647,117,0
FL6295649,45,0
FL6295970,36,0
FL6295971,88,0
FL6295983,215,0
FL6295994,175,0
FL6296005,50,0
FL6296006,28,0
FL6296039,25,0
FL6296064,30,0
FL6296085,260,0
FL6296139,25,1
FL6296145,86,0
FL6296153,25,1
FL6296175,68,0
FL6296177,25,1
FL6296193,11965,0
FL6296194,130,0
FL6296199,200,0
FL6296217,30,0
FL6296224,375,0
FL6296238,1001,0
FL6296243,1001,0
FL6296249,65,0
FL6296250,400,0
FL6296251,995,0
FL6296281,180,0
FL6296291,49,0
FL6296317,70,0
FL6296319,25,1
FL6296320,25,1
FL6296364,30,0
FL6296389,45,0
FL6296407,150,0
FL6296416,152,0
FL6296421,1500,0
FL6382055,2400,0
FL6382056,1630,0
FL6382108,150,0
FL6382116,711,1
FL6410182,58584,0
FL6410322,13446,1
FL6411098,7098,0
FL6411132,347800,0
FL6412418,450,1
FL6412533,700,1
FL6412551,395,0
FL6420103,1200,0
FL6420467,181,0
FL6420619,332,0
FL6421144,54542,0
FL6421512,400,0
FL6421952,150,0
FL6422359,412,0
FL6422362,99,0
FL6422679,1826,0
FL6424073,2015,0
FL6424076,1859,0
FL6424083,1823,0
FL6424352,92,1
FL6424371,86,0
FL6424590,320,0
FL6424591,228,0
FL6424619,22383,0
FL6424621,100,0
FL6424623,323,0
FL6424627,1000,0
FL6424629,120,1
FL6424652,7467,0
FL6424689,240,0
FL6424741,75,0
FL6424749,1456,0
FL6424785,2015,1
FL6424804,36,0
FL6510050,8136,0
FL6510165,420,0
FL6510324,7732,0
FL6510325,2015,0
FL6510355,1794,0
FL6510378,242,0
FL6510379,650,1
FL6510389,81,0
FL6510403,1209,0
FL6510424,15561,0
FL6510461,880,0
FL6510603,614,0
FL6510620,1588,0
FL6510650,423,0
FL6510678,125,0
FL6510689,240,0
FL6510709,960,0
FL6510760,372,0
FL6510778,130,0
FL6510807,886,0
FL6511076,283,0
FL6511255,33000,0
FL6511307,186,1
FL6511311,6464,0
FL6511315,128,0
FL6511332,500,1
FL6511348,190,0
FL6511360,1500,0
FL6511361,214403,0
FL6511388,174,0
FL6511423,2850,0
FL6511569,80,0
FL6511710,250,0
FL6511745,507,0
FL6511824,480,0
FL6511850,1400,0
FL6511859,250,0
FL6511907,787,0
FL6511953,344,0
FL6512004,266,0
FL6512020,29117,0
FL6512033,138,0
FL6512064,7021,0
FL6512177,1257,0
FL6512182,124,0
FL6512198,100,0
FL6512200,931,0
FL6512205,114,0
FL6512214,32834,0
FL6512226,7169,0
FL6512230,25,1
FL6512309,50,1
FL6512537,60,0
FL6514120,575,0
FL6514545,1173,0
FL6514837,1225,0
FL6514838,401,0
FL6514841,283,0
FL6514842,2728,0
FL6514852,120,1
FL6514873,298,1
FL6515161,2501,0
FL6515179,240,0
FL6515208,130,0
FL6515234,25,1
FL6515250,1799,0
FL6515275,25,1
FL6520135,5299,1
FL6520336,115000,0
FL6520486,46161,0
FL6520705,12600,0
FL6521000,1799,1
FL6521405,506353,0
FL6521406,48939,1
FL6521417,14898,0
FL6521576,16473,0
FL6521715,349979,0
FL6521784,28875,0
FL6524777,1400,1
FL6530057,300,0
FL6530079,414,0
FL6530090,35239,0
FL6530091,80,1
FL6530098,2161,0
FL6530170,100,0
FL6530261,60,1
FL6530262,143,1
FL6530315,21501,0
FL6530320,5455,0
FL6530321,5584,0
FL6530399,600,1
FL6530407,40,1
FL6530408,1948,0
FL6530418,250,1
FL6530431,9043,0
FL6530485,3824,2
FL6530492,2600,0
FL6530521,77,0
FL6530573,66,0
FL6530617,60557,1
FL6530623,375,0
FL6530627,3425,1
FL6530677,78,0
FL6530686,750,0
FL6530692,2114,0
FL6530698,100,1
FL6530717,100,1
FL6530718,275,1
FL6530723,122,1
FL6530746,80,0
FL6530772,246,0
FL6530840,200,1
FL6530852,39209,0
FL6530870,35,0
FL6530915,80,0
FL6530956,1500,3
FL6530973,70,0
FL6530977,2430,0
FL6530995,930,1
FL6531000,600,0
FL6531014,193297,0
FL6531021,325,0
FL6531024,200,0
FL6531052,100,1
FL6531161,140,0
FL6531222,180,1
FL6531226,300,1
FL6531237,3780,2
FL6531265,192,0
FL6531271,64,0
FL6531305,647,0
FL6531313,750,0
FL6531328,35,0
FL6531340,268,0
FL6531350,50,0
FL6531396,52,0
FL6531397,124,1
FL6531424,2568,0
FL6531426,1500,0
FL6531527,469,2
FL6531572,1200,0
FL6531596,120,0
FL6531657,85,0
FL6531697,55,1
FL6531739,456,0
FL6531742,2828,0
FL6531751,230,0
FL6531792,30,1
FL6531796,505,0
FL6531812,50,0
FL6531837,310,0
FL6531873,36,1
FL6531917,4500,0
FL6531923,78,1
FL6531957,215,0
FL6531991,476,0
FL6531992,87537,0
FL6531993,51,0
FL6532232,30545,0
FL6532234,18722,0
FL6532235,26,0
FL6532277,296,0
FL6532339,55,1
FL6532344,100,0
FL6532345,2724,0
FL6532347,1897,0
FL6532348,28082,0
FL6532352,155,0
FL6532587,1816,0
FL6532715,1410,0
FL6532718,390,0
FL6532779,493,0
FL6532781,70,0
FL6532863,376,0
FL6534223,60,1
FL6534441,300,0
FL6534553,100,0
FL6534609,13595,0
FL6534736,240,0
FL6534766,344,0
FL6534771,30,1
FL6534834,106,0
FL6534868,556,0
FL6534880,764,1
FL6534886,1000,1
FL6534902,114,0
FL6534918,784,0
FL6534994,108,0
FL6534996,200,0
FL6534999,256,0
FL6535026,194,0
FL6535055,4065,1
FL6535063,25,0
FL6535064,1900,0
FL6535070,350,0
FL6535079,405,1
FL6535084,62,0
FL6535097,150,1
FL6535171,640,1
FL6535235,265,0
FL6535242,400,1
FL6535269,480,0
FL6535304,1260,0
FL6535360,1600,0
FL6535393,380,0
FL6535463,750,1
FL6535676,1300,0
FL6535707,1479,0
FL6580326,55364,0
FL6580531,38265,0
FL6580600,280,0
FL6580651,61163,0
FL6581591,272267,0
FL6581741,3800,0
FL6581900,295,0
FL6581901,31358,0
FL6581987,321,0
FL6582294,361,0
FL6582544,838,0
FL6582866,24,0
FL6584439,1700,0
FL6588003,15897,0
FL6600210,3047,0
FL6600316,762,0
FL6600330,800,0
FL6600331,25941,0
FL6600347,216,0
FL6600533,155,0
FL6600990,4642,0
FL6601345,60,0
FL6601460,150,1
FL6601467,70,1
FL6601737,2008,0
FL6601866,200,0
FL6604824,1050,0
FL6604861,824,0
FL6604862,25538,0
FL6605002,115,0
FL6605012,45214,0
FL6605023,655,1
FL6605032,500,2
FL6605038,19699,0
GA0010000,5749,0
GA0010001,491,0
GA0010006,58,0
GA0010043,413,0
GA0030000,2200,0
GA0030001,1723,2
GA0030004,132,0
GA0030005,58,0
GA0030006,73,0
GA0050000,4096,0
GA0050007,65,0
GA0070000,775,0
GA0070006,59,0
GA0090000,23067,4
GA0090001,20540,2
GA0090042,124,3
GA0090046,59,0
GA0090047,32,0
GA0110000,1188,1
GA0110001,2838,3
GA0110026,6453,0
GA0110028,108,0
GA0110029,108,0
GA0110030,505,0
GA0110031,49,0
GA0130000,10060,2
GA0130001,5597,0
GA0130002,51540,0
GA0130008,203,0
GA0130011,159,0
GA0130031,17893,0
GA0130032,192,0
GA0130033,105,0
GA0150000,9526,0
GA0150001,70243,0
GA0150002,24830,0
GA0150003,1263,0
GA0150004,900,0
GA0150025,1435,0
GA0150028,60,0
GA0150106,107,0
GA0170000,15382,0
GA0170002,32,0
GA0190000,742,0
GA0190001,1296,0
GA0190002,4631,0
GA0190003,1345,0
GA0210001,130024,0
GA0210012,89,0
GA0210075,381,0
GA0210078,103,0
GA0230000,8114,0
GA0230003,1500,0
GA0250000,528,0
GA0250002,1315,0
GA0250003,234,0
GA0250004,79,0
GA0250006,187,0
GA0250020,157,0
GA0250021,107,0
GA0250028,119,0
GA0270000,626,0
GA0270001,680,0
GA0270002,5612,0
GA0270006,451,0
GA0270007,195,0
GA0270009,275,0
GA0270010,199,0
GA0270011,91,0
GA0270027,180,0
GA0270029,367,0
GA0270036,121,0
GA0270037,160,0
GA0270038,54,0
GA0270039,108,0
GA0290000,16068,0
GA0290001,3021,0
GA0290004,320,0
GA0290005,211,0
GA0290006,187,0
GA0290008,861,0
GA0290009,232,0
GA0290010,105,0
GA0290011,1185,0
GA0290013,319,0
GA0290014,57,0
GA0290015,49,0
GA0290020,162,0
GA0290021,286,0
GA0290022,162,0
GA0290023,123,0
GA0290024,268,0
GA0290025,146,0
GA0290029,184,0
GA0290031,28,0
GA0290036,58,0
GA0290064,348,0
GA0290067,54,0
GA0290069,208,0
GA0290070,198,0
GA0290071,975,0
GA0290072,26,0
GA0290076,324,0
GA0290078,65,0
GA0290079,151,0
GA0290080,3553,0
GA0290083,108,0
GA0290087,39,0
GA0290090,52,0
GA0290092,205,0
GA0290093,589,0
GA0290094,122,0
GA0290096,429,0
GA0290097,81,0
GA0290098,541,0
GA0290099,270,0
GA0290102,1111,0
GA0290104,2962,0
GA0290105,932,0
GA0310000,1456,0
GA0310001,146,0
GA0310002,879,0
GA0310003,182,0
GA0310004,36846,0
GA0310006,20357,0
GA0310013,84,0
GA0310014,49,2
GA0310015,835,0
GA0310016,855,0
GA0310025,232,0
GA0310028,120,0
GA0310033,200,0
GA0310036,250,0
GA0310037,215,0
GA0310038,229,0
GA0310041,78,0
GA0310052,200,0
GA0310053,117,0
GA0310055,94,0
GA0310060,29,0
GA0310061,124,0
GA0310062,36,0
GA0310071,172,0
GA0310075,50,0
GA0310165,372,0
GA0310166,324,0
GA0310167,123,0
GA0310168,429,0
GA0310169,47,0
GA0310170,44,0
GA0310171,135,0
GA0310172,169,0
GA0310173,133,0
GA0310174,146,0
GA0310177,60,0
GA0310178,107,0
GA0310180,291,0
GA0310183,507,0
GA0310184,159,0
GA0310185,159,0
GA0310187,226,0
GA0310188,294,0
GA0310189,104,0
GA0310190,130,0
GA0310191,216,0
GA0310192,206,0
GA0310194,44,0
GA0310195,328,0
GA0310197,23,0
GA0310198,362,0
GA0310199,68,0
GA0310200,89,0
GA0310201,26,0
GA0310202,143,0
GA0310203,333,0
GA0310204,179,0
GA0310205,245,0
GA0310206,47,1
GA0310207,174,0
GA0310208,434,0
GA0310211,289,0
GA0310212,86,0
GA0310213,54,0
GA0310215,120,0
GA0310216,32,0
GA0310217,40,0
GA0310219,55,0
GA0310220,260,0
GA0310221,55,0
GA0310222,195,0
GA0310223,205,0
GA0310227,244,0
GA0310228,218,0
GA0310229,109,0
GA0310230,335,0
GA0310231,73,0
GA0310232,1020,0
GA0310235,161,0
GA0310236,68,0
GA0310237,143,0
GA0310238,157,0
GA0310239,34,0
GA0310241,164,0
GA0310242,62,0
GA0310243,125,0
GA0310245,49,0
GA0310246,318,0
GA0310247,75,0
GA0310248,227,0
GA0310250,25,0
GA0310251,68,0
GA0310252,73,0
GA0310255,26,0
GA0310256,247,0
GA0310257,26,0
GA0310258,99,0
GA0310260,296,0
GA0310261,575,0
GA0310262,28,0
GA0310265,88,0
GA0310266,70,0
GA0310270,81,0
GA0310271,49,0
GA0310273,166,0
GA0310274,697,0
GA0310276,62,0
GA0310278,156,0
GA0310282,72,0
GA0310283,263,0
GA0310291,47,0
GA0310292,338,0
GA0310295,140,0
GA0310297,25,0
GA0310301,400,0
GA0310303,62,0
GA0310304,25,0
GA0310305,63,0
GA0310306,35,0
GA0310307,230,0
GA0310308,35,0
GA0310316,25,0
GA0330000,254,0
GA0330001,776,0
GA0330002,1151,0
GA0330003,127,0
GA0330004,5900,0
GA0330044,305,0
GA0330049,78,0
GA0350000,1292,0
GA0350004,367,0
GA0350009,2800,0
GA0350051,31171,0
GA0370000,1220,1
GA0370001,1523,0
GA0370002,597,0
GA0370003,316,0
GA0370007,1651,0
GA0390000,25245,2
GA0390001,19408,0
GA0390002,1512,0
GA0390013,9730,0
GA0390043,419,0
GA0390047,18,0
GA0390049,90,0
GA0390056,1018,0
GA0390059,350,0
GA0390066,100,0
GA0390069,47,0
GA0430000,4776,0
GA0430001,280,0
GA0430024,107,0
GA0430025,73,0
GA0430026,60,0
GA0430028,26,0
GA0430029,62,0
GA0430030,38,0
GA0430031,25,0
GA0450000,6180,0
GA0450001,51592,0
GA0450002,25200,0
GA0450003,1691,0
GA0450004,252,0
GA0450005,5708,0
GA0450006,15667,0
GA0450007,931,0
GA0450032,108,0
GA0450045,73,0
GA0470000,56670,0
GA0470001,8313,0
GA0470002,2953,2
GA0490000,5390,0
GA0490017,961,0
GA0490020,35,0
GA0490022,365,0
GA0510000,9000,0
GA0510001,28423,1
GA0510002,11000,0
GA0510003,168958,0
GA0510004,10500,1
GA0510005,8047,0
GA0510006,2556,0
GA0510011,555,0
GA0510012,275,0
GA0510014,300,0
GA0510015,109,0
GA0510016,2735,0
GA0510017,130,0
GA0510021,255,0
GA0510022,210,0
GA0510023,348,0
GA0510024,374,0
GA0510026,525,0
GA0510027,1191,0
GA0510028,715,0
GA0510030,543,0
GA0510031,94,0
GA0510033,11058,0
GA0510034,11799,0
GA0510035,140,0
GA0510036,918,0
GA0510038,1253,0
GA0510040,138,0
GA0510042,229,0
GA0510044,759,0
GA0510046,541,0
GA0510047,497,0
GA0510049,224,0
GA0510050,572,0
GA0510051,632,0
GA0510052,1139,0
GA0510054,55,0
GA0510055,182,0
GA0510060,257,0
GA0510079,148,0
GA0510081,14589,0
GA0510085,26,0
GA0510089,772,0
GA0510091,302,0
GA0510092,175,0
GA0510094,390,0
GA0510096,861,0
GA0510098,33,0
GA0510099,1185,0
GA0510100,126,0
GA0510104,676,0
GA0510107,7500,0
GA0510109,5000,0
GA0510110,221,0
GA0510112,138,0
GA0510113,206,0
GA0510114,57,0
GA0510121,143,0
GA0510123,125,0
GA0510124,111,0
GA0510126,96,0
GA0510128,86,0
GA0510133,664,0
GA0510138,55,0
GA0510139,68,0
GA0510141,86,0
GA0510144,179,0
GA0510145,25,0
GA0510157,75,0
GA0510163,83,0
GA0510223,65,0
GA0510229,13526,0
GA0510235,65,0
GA0510249,57,0
GA0510250,4247,0
GA0510253,463,0
GA0510259,2665,0
GA0510266,68,0
GA0510267,65,0
GA0510270,49,0
GA0510275,39,0
GA0510280,514,0
GA0510285,25,0
GA0530002,2956,0
GA0550000,9190,0
GA0550001,1638,0
GA0550002,949,0
GA0550003,9993,0
GA0550049,2043,0
GA0570000,2470,0
GA0570001,16375,0
GA0570002,224427,0
GA0570003,19742,0
GA0570006,4617,0
GA0570023,270,0
GA0570024,4657,0
GA0570075,465,0
GA0590000,125000,1
GA0590003,390,0
GA0590004,753,0
GA0590007,55,0
GA0590009,581,0
GA0590013,100,0
GA0590020,157,0
GA0590054,105,1
GA0590055,35,0
GA0590070,127,0
GA0590071,170,0
GA0610000,194,0
GA0610001,1399,0
GA0610029,1085,0
GA0630000,298374,0
GA0630008,75,0
GA0650000,3210,0
GA0650001,392,0
GA0650004,120,0
GA0650013,173,0
GA0670001,7774,0
GA0670003,695000,0
GA0670005,60100,0
GA0670007,40508,0
GA0690000,332,0
GA0690001,1353,0
GA0690002,13684,0
GA0690003,3514,0
GA0690009,185,0
GA0690011,203,0
GA0690018,254,0
GA0690031,1674,0
GA0690034,189,0
GA0690035,265,0
GA0690036,216,0
GA0690037,247,0
GA0690038,92,0
GA0690039,233,0
GA0690040,243,0
GA0690048,114,0
GA0690054,52,0
GA0690055,146,0
GA0690059,324,0
GA0690063,71,0
GA0690066,54,1
GA0690070,42,0
GA0690071,60,0
GA0690074,30,0
GA0690075,76,0
GA0690077,44,0
GA0690078,127,0
GA0690081,49,0
GA0690083,192,0
GA0690084,65,0
GA0690085,31,0
GA0710000,643,0
GA0710001,1094,0
GA0710002,359,0
GA0710003,653,0
GA0710004,17067,0
GA0710005,1134,0
GA0710014,367,0
GA0710015,192,0
GA0710016,62,0
GA0710017,216,0
GA0710021,544,0
GA0710023,443,0
GA0710024,464,0
GA0710027,127,0
GA0710028,32,0
GA0710029,57,0
GA0710033,76,0
GA0710034,49,0
GA0710038,81,0
GA0710040,413,0
GA0710041,105,0
GA0710072,54,0
GA0710077,251,0
GA0710081,86,0
GA0710082,86,0
GA0710083,146,0
GA0710085,32,0
GA0710087,105,0
GA0710088,39,0
GA0710089,76,0
GA0710091,327,0
GA0710103,32,0
GA0710104,49,0
GA0730000,124763,2
GA0730001,18464,0
GA0730010,150,0
GA0730017,162,0
GA0730020,87,0
GA0730022,150,0
GA0750000,5970,0
GA0750001,446,0
GA0750002,1083,0
GA0750003,1968,0
GA0750011,32,0
GA0750039,189,0
GA0750044,51,0
GA0750047,103,0
GA0770001,3221,2
GA0770002,48451,0
GA0770003,7528,0
GA0770004,671,0
GA0770014,146,0
GA0770021,471,0
GA0770030,270,0
GA0770037,120,0
GA0770042,92907,1
GA0770103,341,0
GA0770114,88,0
GA0770117,369,0
GA0770119,94,0
GA0790000,3478,0
GA0790008,167,0
GA0790012,143,0
GA0790017,2392,0
GA0810000,480,0
GA0810001,11880,0
GA0810006,170,0
GA0810007,84,0
GA0810008,54,0
GA0810011,41,0
GA0810013,48,0
GA0810021,151,0
GA0810044,59,0
GA0810050,81,0
GA0810053,92,0
GA0810064,4018,0
GA0810066,32,0
GA0830000,16285,0
GA0850000,4433,0
GA0850007,23922,0
GA0850012,325,0
GA0850027,42,0
GA0850029,195,0
GA0870000,750,3
GA0870001,15125,0
GA0870002,281,0
GA0870003,397,0
GA0870004,1100,0
GA0870007,124,0
GA0870030,68,0
GA0870055,260,0
GA0870061,130,0
GA0870065,51,0
GA0890001,743000,0
GA0910000,305,0
GA0910001,1808,0
GA0910002,8844,0
GA0910003,394,0
GA0930000,465,0
GA0930001,200,0
GA0930002,1649,0
GA0930003,3806,0
GA0930004,3018,0
GA0930032,127,0
GA0950000,101245,0
GA0950006,111,0
GA0950010,356,0
GA0950011,51,0
GA0950035,3350,0
GA0950065,240,0
GA0970000,127084,0
GA0990000,5716,0
GA0990001,240,0
GA0990002,262,0
GA1010000,972,2
GA1010001,54,2
GA1030000,2394,0
GA1030001,16654,0
GA1030002,3100,0
GA1030010,993,0
GA1030011,203,0
GA1030012,1370,0
GA1030016,723,0
GA1030017,497,0
GA1030018,182,0
GA1030028,94,0
GA1030030,308,0
GA1030031,44,0
GA1030033,33,0
GA1030036,80,0
GA1030077,632,0
GA1030079,192,0
GA1030080,260,0
GA1030081,79,0
GA1030082,585,0
GA1030083,52,0
GA1030084,32,0
GA1030087,340,0
GA1030088,86,0
GA1030090,71,0
GA1030091,60,0
GA1030092,83,0
GA1030093,398,0
GA1030095,759,0
GA1030097,310,0
GA1030099,38,0
GA1030100,671,0
GA1030101,133,0
GA1030102,273,0
GA1030103,182,0
GA1030104,44,0
GA1030105,52,0
GA1030106,122,0
GA1030107,491,0
GA1030108,291,0
GA1030109,114,0
GA1030110,242,0
GA1030112,252,0
GA1030116,146,0
GA1030117,393,0
GA1030119,382,0
GA1030120,75,0
GA1030122,36,0
GA1030126,1037,0
GA1030127,42,0
GA1030128,91,0
GA1030129,190,0
GA1030130,49,0
GA1030131,12293,0
GA1030132,55,0
GA1030133,49,0
GA1030134,187,0
GA1030136,195,0
GA1030138,81,0
GA1030143,224,0
GA1030144,198,0
GA1030146,211,0
GA1030147,26,0
GA1030149,45,0
GA1030152,26,0
GA1030155,70,0
GA1030157,49,0
GA1030158,25,0
GA1030160,78,0
GA1030161,47,0
GA1030163,60,0
GA1030166,25,0
GA1050000,1299,0
GA1050001,7800,0
GA1050009,100,0
GA1050012,60,0
GA1050013,67,0
GA1050042,135,0
GA1070000,702,0
GA1070001,325,0
GA1070002,281,4
GA1070003,810,1
GA1070004,210,0
GA1070005,9536,0
GA1070006,2817,0
GA1070012,149,0
GA1070020,218,0
GA1070024,205,0
GA1070030,94,0
GA1070031,46,0
GA1070032,140,0
GA1070037,62,0
GA1090000,365,0
GA1090001,3840,0
GA1090002,325,0
GA1090003,1404,0
GA1090007,88,0
GA1090037,127,0
GA1090038,213,0
GA1110000,6112,0
GA1110001,7020,0
GA1110003,1768,0
GA1110053,52,0
GA1110064,89,0
GA1110069,111,0
GA1110070,100,0
GA1110074,62,0
GA1110087,67,0
GA1110089,45,0
GA1110091,137,0
GA1110093,68,0
GA1110105,135,0
GA1110120,65,0
GA1110124,246,0
GA1110125,559,0
GA1110126,187,0
GA1110127,50,0
GA1110128,41,0
GA1110129,62,0
GA1110134,88,0
GA1130000,595,1
GA1130001,86934,0
GA1130003,15281,0
GA1130005,78,0
GA1130007,556,0
GA1130008,338,0
GA1130009,299,0
GA1130010,600,0
GA1130012,78,0
GA1130019,94,0
GA1130033,135,0
GA1130034,252,0
GA1150000,4248,0
GA1150001,46143,0
GA1150002,45586,0
GA1150003,2200,0
GA1170000,58661,0
GA1170008,416,0
GA1170013,405,0
GA1170030,1632,0
GA1170035,95,0
GA1170037,105,0
GA1170047,182,0
GA1170050,161200,0
GA1190000,1048,0
GA1190001,954,0
GA1190002,702,0
GA1190003,8190,0
GA1190004,2800,0
GA1190051,5638,3
GA1190052,89,0
GA1210001,1089893,0
GA1210002,20382,0
GA1210003,33712,1
GA1210004,14000,1
GA1210005,434517,0
GA1210006,5790,0
GA1210007,557,0
GA1210008,4718,0
GA1210009,14300,0
GA1210010,18636,2
GA1230000,13010,0
GA1230004,1105,0
GA1230045,1820,0
GA1230055,151,0
GA1230057,265,0
GA1230058,283,0
GA1230059,112,0
GA1230060,224,0
GA1230064,65,0
GA1230065,36,0
GA1230074,148,0
GA1230076,164,0
GA1230077,44,0
GA1230089,35,0
GA1250000,1350,2
GA1250001,285,2
GA1250004,38,0
GA1270000,44739,0
GA1270001,29249,0
GA1270007,50,0
GA1270008,88,0
GA1270010,247,0
GA1270011,328,0
GA1270012,300,0
GA1270014,104,0
GA1270015,300,0
GA1270016,262,0
GA1270017,484,0
GA1270025,2000,0
GA1270028,2541,0
GA1270031,538,0
GA1270033,203,0
GA1270035,117,0
GA1270036,52,0
GA1270037,101,0
GA1270042,104,0
GA1270054,52,0
GA1270056,39,0
GA1270080,237,0
GA1270118,42,0
GA1270141,143,0
GA1270150,2554,0
GA1270154,79,0
GA1270155,28,0
GA1270156,119,0
GA1270159,91,0
GA1270160,775,0
GA1270168,376,0
GA1270171,95,0
GA1270174,108,0
GA1270175,52,0
GA1270176,52,0
GA1270179,59,0
GA1270180,31,0
GA1270181,42,0
GA1270182,91,0
GA1270184,36,0
GA1270185,109,0
GA1270186,149,0
GA1270187,112,0
GA1270188,497,0
GA1270189,289,0
GA1270190,306,0
GA1270191,29,0
GA1270193,65,0
GA1270194,112,0
GA1270198,41,0
GA1290000,53090,0
GA1290021,650,0
GA1290022,194,0
GA1310000,9637,0
GA1310001,945,0
GA1310021,47,0
GA1310022,297,0
GA1310023,57,0
GA1310042,140,0
GA1310044,108,0
GA1310046,97,0
GA1310047,62,0
GA1310048,330,0
GA1310049,151,0
GA1310064,57,0
GA1330000,2834,0
GA1330001,494,0
GA1330002,2114,0
GA1330003,497,0
GA1330004,367,0
GA1330007,62,2
GA1330008,304,0
GA1330011,101,0
GA1330012,928,0
GA1330014,97,0
GA1330016,473,0
GA1330046,13500,0
GA1330048,138,0
GA1330049,159,0
GA1330050,267,0
GA1330051,157,2
GA1330052,1701,0
GA1330059,143,0
GA1330065,73,0
GA1330067,143,0
GA1330071,120,0
GA1330078,68,1
GA1350000,8482,0
GA1350004,975000,0
GA1350006,12319,0
GA1350011,800,0
GA1350012,543,0
GA1370000,2737,0
GA1370001,4160,1
GA1370002,5785,0
GA1370003,6130,0
GA1370004,18049,0
GA1370005,1384,0
GA1370015,44,0
GA1370054,75,0
GA1370055,639,1
GA1370058,104,0
GA1370063,67,0
GA1370068,111,0
GA1370069,34,0
GA1370070,63,0
GA1390000,4594,0
GA1390001,140000,0
GA1390002,3416,0
GA1390011,284,0
GA1390012,532,0
GA1390013,104,0
GA1390016,523,0
GA1390039,60,0
GA1390127,210,0
GA1410001,2903,1
GA1410002,160,0
GA1410004,663,0
GA1410006,681,0
GA1410007,1153,0
GA1410016,813,0
GA1410019,1512,0
GA1430000,6200,0
GA1430001,1326,0
GA1430002,4680,0
GA1430007,12220,2
GA1430010,884,0
GA1450000,2211,0
GA1450001,2135,0
GA1450002,504,0
GA1450003,746,0
GA1450005,1209,0
GA1450006,2685,0
GA1450009,280,0
GA1450011,22922,0
GA1450046,65,0
GA1470000,8129,0
GA1470008,594,0
GA1470009,86,0
GA1470051,332,0
GA1470052,135,0
GA1470053,84,0
GA1470054,111,0
GA1470055,88,0
GA1470056,242,0
GA1470057,216,0
GA1470058,111,0
GA1470060,81,0
GA1470064,54,0
GA1470065,5637,0
GA1470066,68,0
GA1470070,57,0
GA1470071,73,0
GA1470073,36,0
GA1470074,55,2
GA1470075,76,0
GA1470076,34,0
GA1470077,111,0
GA1470080,39,0
GA1470081,30,0
GA1470082,57,0
GA1470084,26,0
GA1470085,41,0
GA1490000,8172,3
GA1490006,1000,0
GA1510000,7305,0
GA1510001,187437,0
GA1510002,10812,0
GA1510003,16187,0
GA1510004,7195,0
GA1510013,572,0
GA1510015,255,0
GA1530000,14701,0
GA1530004,1847,0
GA1530005,1253,0
GA1530006,35493,0
GA1530007,83705,0
GA1530021,92971,0
GA1530042,22000,0
GA1550000,149,0
GA1550001,270,0
GA1550002,3137,0
GA1550006,81,0
GA1550012,51,0
GA1570000,20469,0
GA1570001,11340,0
GA1570002,6620,0
GA1570003,12690,0
GA1570004,3218,0
GA1570010,49,0
GA1570011,62,0
GA1570014,54,0
GA1570117,33601,1
GA1570120,195,2
GA1590000,3329,1
GA1590001,454,0
GA1590002,2514,0
GA1590004,715,3
GA1590015,1728,0
GA1610000,253,0
GA1610001,5778,4
GA1610021,161,0
GA1610023,122,0
GA1610027,68,0
GA1630000,424,0
GA1630001,419,0
GA1630002,5242,0
GA1630003,433,0
GA1630004,2527,0
GA1630005,2730,0
GA1630011,96,1
GA1650000,6569,0
GA1650001,103,0
GA1670000,275,0
GA1670001,238,0
GA1670002,3749,0
GA1690000,9339,0
GA1690001,489,0
GA1690002,13373,0
GA1690027,116,0
GA1690049,73,0
GA1710000,10725,0
GA1710001,2249,3
GA1710022,127,0
GA1730000,2718,2
GA1730012,149,0
GA1730013,176,0
GA1730014,764,0
GA1730015,205,0
GA1730016,302,0
GA1730018,73,0
GA1730019,305,0
GA1750000,617,0
GA1750001,2097,0
GA1750002,15392,0
GA1750003,1994,0
GA1750004,4536,0
GA1750005,246,0
GA1750006,1864,0
GA1750017,95,0
GA1750026,81,0
GA1750030,645,0
GA1750033,76,0
GA1750043,189,0
GA1750104,113,0
GA1750110,122,0
GA1750125,57,0
GA1750126,84,0
GA1750129,67,0
GA1750130,208,0
GA1770000,3629,0
GA1770001,770,0
GA1770003,116,0
GA1770004,73,0
GA1770006,86,0
GA1770008,54,0
GA1770015,886,0
GA1770022,343,0
GA1770024,51,0
GA1770026,92,0
GA1770029,32,0
GA1770039,122,0
GA1770060,78,0
GA1770066,159,0
GA1770068,20194,2
GA1770074,246,0
GA1790000,32471,0
GA1790001,2595,0
GA1790005,887,0
GA1790007,1089,0
GA1790014,672,0
GA1790018,65,0
GA1790020,3858,0
GA1790021,48,0
GA1790024,27573,0
GA1790027,25,0
GA1790029,64,0
GA1790030,130,0
GA1790035,1131,0
GA1790037,83,0
GA1790048,52,0
GA1790087,226,0
GA1790093,49,0
GA1790094,172,0
GA1790096,72,0
GA1790098,52,0
GA1790104,175,0
GA1790121,58,0
GA1790122,62,0
GA1790123,200,0
GA1790124,130,0
GA1790125,270,0
GA1790130,30,0
GA1790132,101,0
GA1790135,45,0
GA1790136,91,0
GA1790144,81,0
GA1790145,70,0
GA1790148,60,0
GA1790151,88,0
GA1790152,55,0
GA1790153,675,0
GA1790157,39,0
GA1790158,19,0
GA1790159,62,0
GA1790161,162,0
GA1790164,284,0
GA1790170,910,0
GA1810000,1657,1
GA1810033,46,0
GA1810038,5979,2
GA1830000,1651,0
GA1830001,50,0
GA1830002,111,0
GA1830006,112,0
GA1830007,268,0
GA1830008,65,0
GA1830010,62,0
GA1830017,213,0
GA1830020,55,0
GA1830021,70,0
GA1830024,81,0
GA1830025,58,0
GA1830027,62,0
GA1830028,78,0
GA1830029,81,0
GA1830031,44,0
GA1830032,95,0
GA1830033,46,0
GA1830034,62,0
GA1830035,70,0
GA1830037,114,0
GA1830039,133,0
GA1830040,66,0
GA1830041,45,0
GA1830042,64,0
GA1830043,62,0
GA1830044,64,0
GA1830046,76,0
GA1830047,101,0
GA1830048,26,0
GA1830049,724,0
GA1830050,26,0
GA1830051,60,0
GA1830052,50,0
GA1830053,86,0
GA1830054,513,0
GA1830055,22,0
GA1830056,198,0
GA1830057,76,0
GA1830058,68,0
GA1830059,52,0
GA1830060,234,0
GA1830061,621,0
GA1830062,500,0
GA1830063,25,0
GA1830064,133,0
GA1830067,156,0
GA1830068,222,0
GA1830069,25,0
GA1830071,120,0
GA1830072,25,0
GA1830073,25,0
GA1830074,25,0
GA1830075,22,0
GA1830076,262,0
GA1850000,3572,4
GA1850001,729,0
GA1850002,48959,2
GA1850009,338,0
GA1850012,71,0
GA1850015,176,0
GA1850016,13190,5
GA1850018,135,0
GA1850019,8303,0
GA1850022,829,0
GA1850024,41,0
GA1850027,213,0
GA1850030,149,0
GA1850032,410,0
GA1850049,84,1
GA1850050,281,2
GA1850051,111,0
GA1850053,41,0
GA1850054,337,0
GA1850055,92,0
GA1850057,65,0
GA1850059,68,0
GA1850060,359,0
GA1850061,397,0
GA1850064,1928,0
GA1850065,146,0
GA1850066,432,0
GA1850067,30,0
GA1850068,194,0
GA1850069,386,0
GA1850070,354,3
GA1850074,38,0
GA1850076,229,1
GA1850077,46,0
GA1850078,140,0
GA1850081,284,0
GA1850098,103,0
GA1850100,54,0
GA1850120,46,0
GA1850122,25,0
GA1850125,5325,0
GA1850127,119,0
GA1850216,89,0
GA1850268,113,0
GA1850273,38,0
GA1850274,362,5
GA1850278,645,0
GA1850284,905,0
GA1850285,535,0
GA1850288,130,0
GA1850293,219,0
GA1850295,491,0
GA1850296,127,3
GA1850298,219,0
GA1850299,167,0
GA1850301,216,0
GA1850303,84,0
GA1850310,221,0
GA1850313,97,0
GA1850314,73,0
GA1850317,140,0
GA1850320,230,0
GA1850322,667,0
GA1850323,184,0
GA1850324,311,0
GA1850329,124,0
GA1850331,62,1
GA1850333,95,0
GA1870000,7500,0
GA1870012,65,0
GA1870043,2379,0
GA1870047,60,0
GA1870054,390,0
GA1870058,124,0
GA1870060,55,0
GA1870066,135,0
GA1870069,62,0
GA1870072,208,0
GA1870073,93,0
GA1870074,30,0
GA1870075,55,0
GA1870077,25,0
GA1870078,89,0
GA1870079,190,0
GA1870081,83,0
GA1870082,88,0
GA1870085,332,0
GA1870086,205,0
GA1870087,28,0
GA1870088,49,0
GA1870090,107,0
GA1870091,248,0
GA1870092,178,0
GA1870093,334,0
GA1870094,372,0
GA1870095,164,0
GA1870098,59,0
GA1870099,73,0
GA1870100,52,0
GA1870102,103,0
GA1870107,48,0
GA1890001,21312,5
GA1910000,3242,0
GA1910003,153,0
GA1910008,348,0
GA1910009,989,0
GA1910010,25,0
GA1910012,95,0
GA1910014,296,0
GA1910015,304,0
GA1910018,203,0
GA1910019,540,0
GA1910021,3406,0
GA1910022,360,0
GA1910050,88,0
GA1910066,38,0
GA1910067,164,0
GA1910071,53,0
GA1910072,283,0
GA1910073,130,0
GA1910074,70,0
GA1910076,151,0
GA1910079,65,0
GA1910089,80,0
GA1910094,25,0
GA1910096,55,0
GA1910097,300,0
GA1910101,299,0
GA1910111,77,0
GA1910115,25,0
GA1910116,83,0
GA1910117,29,0
GA1910122,36,0
GA1910123,60,0
GA1930000,550,0
GA1930001,1342,2
GA1930002,4040,0
GA1930003,4129,0
GA1930008,150,0
GA1930025,48,0
GA1950000,419,0
GA1950001,1374,0
GA1950002,1531,0
GA1950003,1022,2
GA1950004,532,0
GA1950006,656,0
GA1950011,416,0
GA1950012,52,0
GA1950015,46,0
GA1950043,221,0
GA1950045,308,0
GA1950049,159,0
GA1950052,130,0
GA1950054,43,0
GA1950060,4663,0
GA1950063,54,0
GA1950065,70,0
GA1950068,84,0
GA1950072,41,0
GA1950073,283,0
GA1950075,32,0
GA1950076,300,0
GA1970000,1422,4
GA1970003,5875,0
GA1990000,2013,0
GA1990001,307,0
GA1990002,2468,0
GA1990003,5397,2
GA1990004,1017,0
GA1990005,961,0
GA1990009,493,0
GA1990044,194,0
GA1990052,67,0
GA2010000,1998,0
GA2050000,1202,0
GA2050001,6428,0
GA2050002,57,0
GA2050003,4007,2
GA2050004,518,0
GA2050006,81,0
GA2050034,2050,0
GA2050036,46,0
GA2070000,208,0
GA2070001,8585,0
GA2070012,25,0
GA2070072,3472,0
GA2070074,16292,0
GA2090000,513,0
GA2090001,211,0
GA2090002,87,1
GA2090003,3243,0
GA2090004,115,0
GA2090005,747,0
GA2090007,62,4
GA2090014,105,0
GA2090015,125,0
GA2090018,138,0
GA2110000,484,0
GA2110001,332,0
GA2110002,6427,1
GA2110003,993,0
GA2110005,72,0
GA2110008,73,0
GA2110009,259,0
GA2110010,140,0
GA2110011,292,0
GA2110049,161,0
GA2110055,151,0
GA2110056,35,0
GA2130000,28262,0
GA2130010,158,0
GA2150000,229000,0
GA2170001,14391,0
GA2170002,791,0
GA2170003,667,0
GA2170004,74364,0
GA2170010,648,0
GA2170014,1944,2
GA2170019,187,0
GA2170020,2132,0
GA2170028,334,1
GA2170034,120,0
GA2170094,237,0
GA2170096,62,0
GA2190000,31323,0
GA2190003,55,0
GA2190005,89,0
GA2190006,237,0
GA2190015,234,0
GA2190018,95,0
GA2190021,602,0
GA2190022,116,0
GA2190023,86,0
GA2190026,103,0
GA2190035,96,0
GA2190045,154,0
GA2190049,367,0
GA2190050,65,0
GA2190053,149,0
GA2190054,140,0
GA2190055,218,0
GA2190057,52,0
GA2190058,95,0
GA2190060,92,0
GA2190067,46,0
GA2190071,68,0
GA2190073,68,0
GA2210000,1170,0
GA2210001,1015,4
GA2210002,281,0
GA2210004,1763,0
GA2210047,84,0
GA2210050,60,0
GA2210052,51,0
GA2210053,103,0
GA2210054,78,0
GA2210055,122,0
GA2210056,130,0
GA2210057,73,0
GA2210060,157,0
GA2210061,313,0
GA2210062,143,0
GA2210063,39,0
GA2210064,59,0
GA2210065,97,0
GA2210066,161,0
GA2230000,4770,0
GA2230001,858,0
GA2230002,117468,0
GA2250000,9653,0
GA2250001,16257,0
GA2250003,162,0
GA2270000,14435,0
GA2270002,7153,0
GA2270003,3185,0
GA2270004,6396,0
GA2290000,4455,0
GA2290001,905,0
GA2290004,125,0
GA2290005,530,0
GA2290022,208,0
GA2290030,187,0
GA2290032,84,1
GA2290033,77,0
GA2290036,187,0
GA2290037,76,0
GA2290038,54,0
GA2310000,751,0
GA2310001,338,0
GA2310002,437,0
GA2310003,683,0
GA2310004,5407,0
GA2310005,51,0
GA2310026,97,0
GA2310027,1080,0
GA2310033,37,0
GA2330000,9955,0
GA2330001,23792,0
GA2330002,4199,0
GA2330017,905,0
GA2350000,446,0
GA2350001,7491,0
GA2370000,12736,0
GA2370013,432,0
GA2370045,2193,0
GA2370046,198,0
GA2370051,327,0
GA2370055,59,0
GA2370057,327,0
GA2370059,1350,2
GA2370063,221,0
GA2370064,124,0
GA2370065,68,0
GA2370073,3902,0
GA2370085,100,0
GA2370088,248,0
GA2370090,78,0
GA2370091,181,0
GA2370093,86,0
GA2370094,119,0
GA2370097,149,0
GA2390000,999,0
GA2390001,554,0
GA2390002,472,0
GA2390003,392,0
GA2390008,1040,0
GA2410001,169,0
GA2410006,575,0
GA2410035,615,0
GA2410053,1820,0
GA2410089,88,0
GA2410097,157,0
GA2410105,39,0
GA2410118,10276,0
GA2410119,88,4
GA2410124,156,0
GA2410127,62,0
GA2410133,332,0
GA2410134,57,0
GA2410138,211,0
GA2430000,2835,0
GA2430001,1080,0
GA2430003,221,0
GA2450000,204000,0
GA2450001,1482,0
GA2450002,6941,0
GA2450011,226,1
GA2450014,194,0
GA2470000,87156,0
GA2470002,655,0
GA2470003,61,0
GA2470005,2200,0
GA2470006,100,0
GA2490000,3295,0
GA2490004,1763,0
GA2510000,353,0
GA2510001,428,0
GA2510002,283,0
GA2510003,4910,0
GA2510013,44,0
GA2510014,41,0
GA2510021,38,0
GA2510044,235,0
GA2510046,32,0
GA2510048,130,0
GA2510049,145,0
GA2510050,235,1
GA2510053,60,0
GA2510054,86,0
GA2510055,68,0
GA2510056,27,0
GA2530000,2963,0
GA2530001,464,0
GA2530004,192,0
GA2530005,159,0
GA2530007,572,0
GA2550000,23643,0
GA2550002,122,0
GA2550004,303,0
GA2550006,566,0
GA2550009,234,0
GA2550036,40430,0
GA2570000,1769,0
GA2570001,28711,1
GA2570011,850,0
GA2570029,246,0
GA2590000,1434,0
GA2590001,224,0
GA2590002,1450,0
GA2590010,392,0
GA2590012,2462,0
GA2610000,15082,0
GA2610001,338,0
GA2610002,348,0
GA2610003,427,0
GA2610004,929,0
GA2610011,54,0
GA2610012,162,0
GA2610013,84,0
GA2610017,68,0
GA2610039,130,0
GA2610045,70,0
GA2610057,46,0
GA2630000,1454,0
GA2630001,529,0
GA2630002,156,0
GA2630003,248,0
GA2630005,4028,1
GA2650000,621,2
GA2670000,596,0
GA2670001,780,0
GA2670002,5173,0
GA2670003,133,0
GA2670004,2594,0
GA2670005,1588,0
GA2670022,307,0
GA2670045,62,0
GA2670046,57,0
GA2670048,47,0
GA2670049,39,0
GA2690000,4518,0
GA2690001,1301,5
GA2690005,103,0
GA2690006,185,0
GA2710001,219,0
GA2710002,977,0
GA2710003,7857,0
GA2710004,791,0
GA2710005,270,2
GA2730000,529,0
GA2730001,4857,0
GA2730002,240,0
GA2730003,402,0
GA2730005,95,0
GA2730014,176,0
GA2750000,1315,0
GA2750001,667,0
GA2750002,1096,0
GA2750003,905,0
GA2750004,815,0
GA2750005,32613,0
GA2750018,152,0
GA2750019,108,0
GA2750020,86,0
GA2750022,149,0
GA2750023,726,0
GA2750024,103,0
GA2750027,113,0
GA2750032,43,0
GA2750048,54,0
GA2750055,157,0
GA2750059,181,0
GA2750060,92,0
GA2750063,224,0
GA2750069,65,2
GA2750070,167,0
GA2750072,54,0
GA2750073,359,1
GA2750075,122,0
GA2750076,32,0
GA2750077,41,0
GA2750078,230,0
GA2750080,76,0
GA2770000,1436,0
GA2770001,27589,0
GA2770003,929,0
GA2770004,4405,0
GA2770013,51,0
GA2770032,54,0
GA2770132,221,0
GA2770137,365,0
GA2790000,4458,0
GA2790001,229,0
GA2790002,14496,0
GA2790004,91,0
GA2790005,78,1
GA2790010,41,0
GA2790015,151,5
GA2790027,86,0
GA2790028,156,1
GA2790032,34,0
GA2790033,249,0
GA2790034,88,0
GA2790042,55,0
GA2790044,49,0
GA2790048,57,0
GA2810000,5496,0
GA2810001,2211,0
GA2810007,11791,0
GA2810041,65,0
GA2810050,260,0
GA2830000,3115,0
GA2850000,4295,1
GA2850001,41852,0
GA2850002,5800,0
GA2850129,89,0
GA2850131,97,0
GA2870000,5176,0
GA2870001,248,0
GA2870002,729,0
GA2870003,204,0
GA2890000,383,0
GA2890001,1988,0
GA2890008,81,0
GA2890009,49,0
GA2890012,41,0
GA2890023,46,0
GA2890030,30,0
GA2890031,300,0
GA2890032,92,0
GA2910000,4035,0
GA2910003,16518,0
GA2910006,4407,2
GA2910051,348,0
GA2910059,115,0
GA2910062,176,0
GA2910068,343,0
GA2910097,27,0
GA2910104,127,0
GA2930000,12482,0
GA2930002,537,0
GA2930009,270,0
GA2930010,5243,0
GA2930015,170,0
GA2930016,486,0
GA2930017,729,0
GA2930048,886,0
GA2930054,46,0
GA2950000,5720,0
GA2950002,18177,0
GA2950003,36000,0
GA2950014,3410,0
GA2950056,620,0
GA2970000,435,0
GA2970001,25248,0
GA2970002,5470,1
GA2970008,45230,0
GA2970020,221,0
GA2970041,46,0
GA2970046,97,0
GA2970052,86,0
GA2970054,54,0
GA2970055,54,0
GA2970057,73,0
GA2990000,611,0
GA2990001,10657,0
GA2990002,15987,0
GA2990016,308,0
GA2990019,1716,0
GA2990051,3654,0
GA3010000,366,5
GA3010001,2800,5
GA3010004,370,0
GA3030000,2058,0
GA3030001,192,0
GA3030002,500,0
GA3030003,284,0
GA3030004,180,0
GA3030005,7776,0
GA3030006,2372,0
GA3030007,350,0
GA3050000,10055,0
GA3050001,692,0
GA3050002,1043,0
GA3050003,84,0
GA3050009,242,0
GA3050010,91,0
GA3050013,270,0
GA3050022,60,0
GA3050023,49,0
GA3050030,94,0
GA3050041,31,0
GA3050076,168,0
GA3050080,115,0
GA3050081,780,0
GA3050086,232,0
GA3050087,39,0
GA3050088,41,0
GA3050093,87,0
GA3050095,68,0
GA3050096,37,0
GA3050099,42,0
GA3050102,135,0
GA3070000,891,0
GA3070001,116,0
GA3090000,3980,0
GA3090001,1034,0
GA3090003,30,0
GA3110000,5587,0
GA3110001,1851,0
GA3110005,1173,0
GA3110010,198,0
GA3110012,289,0
GA3110014,73,0
GA3110060,153,0
GA3110062,169,0
GA3110069,107,0
GA3110072,6380,0
GA3110075,91,0
GA3110085,59,0
GA3110090,86,0
GA3110107,145,0
GA3110108,42,0
GA3110109,137,0
GA3110111,191,0
GA3110114,36,0
GA3130000,99315,0
GA3150000,3042,0
GA3150001,530,0
GA3150002,473,0
GA3150003,1553,0
GA3150004,189,0
GA3170000,200,0
GA3170001,729,0
GA3170002,6490,2
GA3190000,308,0
GA3190001,2291,0
GA3190002,1597,0
GA3190003,1222,0
GA3190004,826,0
GA3190005,597,0
GA3210001,1072,0
GA3210002,662,0
GA3210003,7076,0
GA3210004,408,0
GA3210010,49,0
GA3210011,62,0
GA3210012,400,0
GA3210019,68,0
GA3210043,176,0
GA3210044,140,0
GA3210047,26,0
GU0000001,5801,0
GU0000003,21398,1
GU0000006,139207,0
GU0000009,7700,0
GU0000010,12780,1
HI0000101,39477,0
HI0000102,1169,0
HI0000103,151,0
HI0000104,264,0
HI0000105,645,0
HI0000106,1450,0
HI0000107,2203,0
HI0000108,2948,0
HI0000109,1226,0
HI0000110,275,0
HI0000111,1885,0
HI0000112,6467,0
HI0000114,200,0
HI0000117,3546,0
HI0000129,4933,0
HI0000130,9612,0
HI0000131,29581,0
HI0000132,6512,0
HI0000133,483,0
HI0000134,716,0
HI0000135,12100,0
HI0000139,254,0
HI0000146,4201,0
HI0000150,468,0
HI0000151,850,0
HI0000154,402,0
HI0000156,1360,0
HI0000160,1895,0
HI0000161,4563,0
HI0000162,102,0
HI0000163,1945,0
HI0000164,193,0
HI0000165,260,0
HI0000166,75,0
HI0000167,60,0
HI0000168,250,1
HI0000169,1000,0
HI0000201,816,0
HI0000203,90,0
HI0000204,4200,0
HI0000205,8000,0
HI0000209,100,0
HI0000212,74511,0
HI0000213,29868,0
HI0000214,20065,0
HI0000215,7686,0
HI0000217,1284,0
HI0000218,42,0
HI0000219,270,0
HI0000220,107,0
HI0000222,1200,0
HI0000229,500,0
HI0000230,2400,0
HI0000231,1000,0
HI0000233,1119,0
HI0000234,3702,0
HI0000235,360,0
HI0000237,3200,0
HI0000239,110,0
HI0000243,160,0
HI0000245,80,0
HI0000247,3522,0
HI0000248,553,0
HI0000249,150,0
HI0000251,606,0
HI0000252,60,0
HI0000254,100,0
HI0000255,80,0
HI0000256,26,0
HI0000263,20,0
HI0000266,32,0
HI0000267,1000,0
HI0000303,650,0
HI0000309,400,0
HI0000312,3440,0
HI0000315,75,0
HI0000319,4000,0
HI0000325,5577,0
HI0000326,100,0
HI0000331,631389,0
HI0000332,9996,0
HI0000333,23348,0
HI0000334,11516,0
HI0000335,217479,0
HI0000337,6406,0
HI0000338,1800,0
HI0000341,7067,0
HI0000345,37920,0
HI0000346,5555,0
HI0000348,444,0
HI0000354,595,0
HI0000355,5256,0
HI0000356,16300,0
HI0000357,6470,0
HI0000360,65230,0
HI0000365,2730,0
HI0000366,4916,0
HI0000367,50573,0
HI0000368,300,0
HI0000371,25,0
HI0000372,48,0
HI0000374,30,1
HI0000400,34854,0
HI0000401,2473,0
HI0000402,174,0
HI0000403,500,0
HI0000404,5592,0
HI0000406,5998,0
HI0000407,3420,0
HI0000415,833,0
HI0000417,1271,0
HI0000422,175,0
HI0000423,260,0
HI0000428,6911,0
HI0000430,1200,0
HI0000432,385,0
HI0000434,12660,0
HI0000437,100,0
IA0105002,809,0
IA0135046,670,0
IA0140007,2227,0
IA0140701,1712,0
IA0160099,368,0
IA0180001,1814,0
IA0207704,2585,0
IA0220075,1735,0
IA0345054,983,0
IA0370047,432,0
IA0375053,2513,0
IA0398082,3827,0
IA0400900,33000,0
IA0400901,11840,0
IA0400902,8375,0
IA0407008,5344,0
IA0410026,290,0
IA0467008,637,0
IA0472012,607,0
IA0477040,322,0
IA0505077,2053,0
IA0510040,143,0
IA0520030,764,0
IA0543031,287,0
IA0600600,225,0
IA0603072,2056,0
IA0607013,738,1
IA0610099,2380,0
IA0625078,344,0
IA0640030,599,0
IA0650001,162,0
IA0653050,881,0
IA0656081,466,0
IA0670043,961,0
IA0680041,1554,0
IA0685045,779,0
IA0688053,4938,0
IA0690301,413,0
IA0690304,25,0
IA0690305,45,0
IA0709084,40713,0
IA0709600,388,0
IA0717084,842,0
IA0717353,238,0
IA0721014,1069,0
IA0723027,4561,0
IA0733084,796,0
IA0737062,2546,0
IA0743057,2284,0
IA0790074,69504,0
IA0800601,160,0
IA0800923,700,0
IA0819033,12704,2
IA0819303,240,0
IA0819305,100,0
IA0819602,95,0
IA0837701,190,0
IA0844006,4975,0
IA0848015,3090,1
IA0848701,1635,0
IA0858090,2419,0
IA0862042,176,0
IA0900647,168,0
IA0915030,1919,0
IA0932001,1034,0
IA0960045,393,0
IA0965073,845,0
IA0970006,2030,0
IA0975032,1191,0
IA0990085,10394,0
IA0990701,37820,0
IA0990990,125,0
IA1011001,341,0
IA1025031,1111,0
IA1031044,713,0
IA1031601,90,0
IA1037070,6064,0
IA1037301,96,0
IA1037302,60,0
IA1044006,2508,0
IA1051051,429,0
IA1093031,840,0
IA1103009,677,0
IA1108025,2087,0
IA1145047,700,0
IA1147085,163,0
IA1150030,230,0
IA1155049,906,0
IA1170078,209,0
IA1175056,932,0
IA1178097,11431,0
IA1178800,175,0
IA1182035,69,0
IA1203026,966,0
IA1207061,1126,0
IA1222044,145,2
IA1228038,1254,0
IA1240081,635,0
IA1253006,994,0
IA1271058,570,0
IA1281028,2019,0
IA1286042,1269,0
IA1300101,300,0
IA1320039,379,0
IA1335001,28,0
IA1340001,53,3
IA1345043,1731,0
IA1351027,1709,0
IA1363051,671,1
IA1374086,38,0
IA1376098,2250,0
IA1381073,128,0
IA1389001,381,0
IA1400902,3573,0
IA1400903,1715,0
IA1403062,525,0
IA1409041,502,0
IA1415072,10184,0
IA1427070,1242,0
IA1433016,221,0
IA1438091,1140,0
IA1444022,249,0
IA1449053,119,3
IA1453080,166,0
IA1457025,1392,0
IA1471069,75,0
IA1479015,352,0
IA1503053,972,0
IA1509074,7252,0
IA1516093,266,0
IA1528010,1008,0
IA1535078,357,1
IA1558055,364,2
IA1570032,95,0
IA1600301,60,0
IA1600682,400,0
IA1603005,347,0
IA1630028,1039,0
IA1636090,1871,0
IA1656001,807,0
IA1667076,1020,0
IA1667301,25,0
IA1677601,45,0
IA1681092,637,0
IA1689022,3149,0
IA1694000,2509,0
IA1700642,50,0
IA1716076,7687,0
IA1750048,27338,0
IA1754073,222,0
IA1759048,378,0
IA1773097,1071,0
IA1778008,144,0
IA1781019,400,0
IA1785032,716,0
IA1800601,78,0
IA1800900,1451,0
IA1803079,968,0
IA1811001,3315,0
IA1811020,5199,0
IA1817045,240,0
IA1833060,125,0
IA1838032,1079,0
IA1849071,161,0
IA1855066,249,0
IA1880073,209,0
IA1903027,227,0
IA1940068,987,0
IA1946078,226,0
IA1957064,406,1
IA1967041,1551,0
IA1970051,3494,0
IA2032023,684,0
IA2038038,5503,1
IA2038701,4080,0
IA2100701,6755,0
IA2109041,151,0
IA2115029,575,0
IA2122067,233,0
IA2154039,322,0
IA2171071,11325,0
IA2200901,27,0
IA2203039,45,0
IA2220002,939,0
IA2223011,1219,0
IA2228037,276,0
IA2234074,763,0
IA2242018,1817,0
IA2254061,301,0
IA2256041,429,0
IA2258012,747,0
IA2258601,25,0
IA2258603,130,0
IA2264095,1471,0
IA2277020,106,0
IA2279003,1155,0
IA2285055,203,0
IA2300607,150,0
IA2307001,109,0
IA2320062,356,0
IA2322066,4570,0
IA2324016,401,0
IA2326048,24769,0
IA2328024,542,0
IA2330036,5514,0
IA2330301,41,0
IA2330303,25,0
IA2339094,239,0
IA2341099,615,0
IA2346047,434,0
IA2348002,250,0
IA2391001,121,0
IA2394017,775,0
IA2417018,522,0
IA2421025,250,0
IA2424027,9381,0
IA2424701,2428,0
IA2427049,467,0
IA2432034,257,0
IA2436023,758,0
IA2446029,803,0
IA2452044,383,0
IA2458023,277,0
IA2503003,6461,0
IA2520098,1901,0
IA2525010,116,2
IA2529035,960,0
IA2533038,693,0
IA2537001,1654,0
IA2547085,325,0
IA2561036,7836,0
IA2564074,746,0
IA2570046,1074,0
IA2570301,170,0
IA2570302,215,0
IA2570304,78,0
IA2573080,31823,0
IA2573301,820,0
IA2573701,12860,0
IA2576036,1346,0
IA2576705,3465,0
IA2613019,2792,0
IA2662064,264,0
IA2718755,1373,0
IA2725073,179,0
IA2740050,2029,1
IA2742076,1830,2
IA2800901,89,0
IA2809055,386,0
IA2813019,142,0
IA2817020,420,0
IA2825099,724,0
IA2835056,622,0
IA2839021,5077,0
IA2864013,350,0
IA2900603,190,0
IA2900626,712,0
IA2909053,26015,0
IA2915000,923,1
IA2948062,1688,0
IA2948601,100,0
IA2952075,336,0
IA2985002,3728,0
IA3000099,25,0
IA3003067,1113,0
IA3045046,1167,0
IA3050079,3431,1
IA3060001,9021,0
IA3060091,776,0
IA3070078,6167,1
IA3073001,132,0
IA3080016,334,0
IA3087057,408,0
IA3090081,308,0
IA3100600,455,0
IA3100601,68,0
IA3100606,180,0
IA3100608,97,0
IA3100609,40,0
IA3100629,32,0
IA3100823,52,0
IA3102001,5943,0
IA3113001,114,0
IA3118080,2386,0
IA3122301,38,0
IA3126052,59667,0
IA3126303,70,0
IA3126304,115,0
IA3126306,64,0
IA3126307,35,0
IA3126308,34,0
IA3126316,110,0
IA3126345,38,0
IA3126603,236,0
IA3126604,548,0
IA3126605,932,0
IA3130091,4477,0
IA3133033,2023,0
IA3135018,1766,0
IA3146055,356,0
IA3158001,245,0
IA3165014,382,0
IA3170001,2278,0
IA3170302,312,0
IA3170335,300,0
IA3189001,382,0
IA3203066,918,0
IA3203301,55,0
IA3215044,65,0
IA3218024,5904,0
IA3275087,365,0
IA3290060,170,0
IA3307065,419,0
IA3317047,586,0
IA3338010,685,0
IA3342041,1256,0
IA3346037,438,0
IA3350059,476,0
IA3353088,5920,0
IA3371056,209,0
IA3375001,229,0
IA3379009,192,0
IA3383014,2540,0
IA3405012,7446,0
IA3409066,55,0
IA3414044,313,0
IA3420031,272,0
IA3423069,1369,0
IA3430091,762,0
IA3440007,358,0
IA3500933,75,0
IA3503014,164,0
IA3525079,219,0
IA3539080,136,0
IA3544024,4337,0
IA3544301,32,0
IA3549026,82,0
IA3554061,477,0
IA3570037,1130,0
IA3615040,490,0
IA3621023,890,0
IA3649072,192,0
IA3655071,250,0
IA3661048,1077,0
IA3667012,1014,0
IA3671021,167,0
IA3709001,375,0
IA3730098,725,0
IA3742004,4182,0
IA3759031,511,0
IA3803094,161,0
IA3809067,1098,0
IA3815042,1306,0
IA3833013,2796,0
IA3839052,270,0
IA3870073,1662,0
IA3880001,191,0
IA3890097,721,0
IA3900301,2900,0
IA3907092,405,0
IA3914081,387,0
IA3937016,1593,0
IA3949000,195,1
IA3971026,1142,0
IA3980040,267,0
IA4003012,177,0
IA4009016,514,0
IA4027010,1216,0
IA4039071,154,0
IA4045090,364,0
IA4051002,707,0
IA4063094,7825,0
IA4070022,315,0
IA4103045,2064,0
IA4109077,266,0
IA4115092,255,1
IA4130075,3065,0
IA4135093,140,0
IA4150014,658,0
IA4155035,441,0
IA4170033,188,0
IA4201001,1599,0
IA4213013,763,0
IA4236005,2664,0
IA4236601,113,0
IA4254061,860,0
IA4260097,5146,0
IA4260602,85,0
IA4271062,236,0
IA4283067,561,0
IA4289094,264,0
IA4291038,399,0
IA4300600,190,0
IA4300601,65,0
IA4316087,1035,0
IA4333089,150,0
IA4337092,1397,0
IA4341017,188,0
IA4344088,2678,0
IA4347093,280,0
IA4349094,339,0
IA4364044,245,0
IA4388034,1625,0
IA4425032,163,0
IA4453016,9274,0
IA4453318,101,0
IA4453901,1465,0
IA4458060,1910,0
IA4465093,192,0
IA4475001,114,0
IA4478023,396,0
IA4490091,966,0
IA4493028,1035,0
IA4509024,139,0
IA4515087,3913,0
IA4525017,505,0
IA4535081,473,0
IA4552063,269,0
IA4558001,816,0
IA4609028,304,0
IA4622095,769,0
IA4641064,4792,0
IA4647090,383,0
IA4652011,41,0
IA4669080,234,0
IA4675012,116,0
IA4680018,181,0
IA4703068,222,0
IA4709090,700,0
IA4715072,435,0
IA4721054,1501,0
IA4728067,2051,0
IA4800634,46,2
IA4802301,90,0
IA4840042,229,0
IA4843033,2435,0
IA4848001,1248,0
IA4852082,135,0
IA4858070,1065,0
IA4868034,300,0
IA4868701,2490,0
IA4875050,875,0
IA4884023,3345,0
IA4903050,380,0
IA4907084,99,0
IA4910000,2363,0
IA4910701,158,0
IA4945052,237,0
IA4950029,6128,0
IA4953078,408,0
IA4955001,129,0
IA4965057,949,0
IA4975014,506,0
IA4984086,144,0
IA5003091,1002,0
IA5009056,2305,0
IA5038017,617,0
IA5047008,380,0
IA5052087,316,0
IA5054096,2007,0
IA5059064,16518,0
IA5059601,330,0
IA5064055,1703,0
IA5076005,900,0
IA5107089,430,0
IA5131033,9821,0
IA5131302,140,0
IA5131705,468,0
IA5148079,304,0
IA5157091,244,0
IA5159001,60,0
IA5159301,68,0
IA5200303,80,0
IA5200304,122,0
IA5200318,390,0
IA5200347,108,0
IA5200601,280,0
IA5200602,340,0
IA5200603,300,0
IA5200801,198,0
IA5200802,60,3
IA5200810,52,0
IA5200813,180,0
IA5200817,340,0
IA5200825,170,0
IA5200861,100,0
IA5200889,55,0
IA5200891,300,0
IA5200899,28,0
IA5208071,22318,0
IA5208600,760,0
IA5221001,863,0
IA5225079,68753,0
IA5225101,26684,0
IA5225301,84,0
IA5225302,88,0
IA5225303,163,0
IA5225304,85,0
IA5225305,59,0
IA5225306,68,0
IA5225307,140,0
IA5225308,52,0
IA5225309,41,0
IA5225313,48,0
IA5225315,1300,0
IA5225316,65,0
IA5225317,27,0
IA5225321,35,0
IA5225325,63,0
IA5225326,155,0
IA5225327,120,0
IA5225333,42,0
IA5225386,80,0
IA5225387,70,0
IA5225601,915,0
IA5225673,225,0
IA5240095,1357,0
IA5252072,23276,0
IA5252301,55,0
IA5252302,108,0
IA5260017,722,0
IA5260601,70,0
IA5280302,62,0
IA5280303,108,1
IA5280304,50,0
IA5280305,114,0
IA5280306,84,0
IA5282062,3018,0
IA5282301,155,0
IA5282302,134,0
IA5282303,163,1
IA5282304,78,0
IA5282305,69,0
IA5282306,43,1
IA5282307,25,0
IA5282308,90,0
IA5282310,63,0
IA5282311,25,5
IA5285301,62,1
IA5285302,67,0
IA5285303,78,0
IA5285305,80,0
IA5288021,7577,0
IA5288601,173,0
IA5291301,87,0
IA5300600,72,0
IA5300688,60,0
IA5300947,1230,0
IA5307048,4457,0
IA5315005,100,0
IA5337046,249,0
IA5343098,4040,0
IA5343301,81,0
IA5349001,98,0
IA5355094,651,0
IA5358096,201,0
IA5361020,424,0
IA5396039,523,0
IA5417026,264,0
IA5428031,118,0
IA5432042,728,0
IA5440028,897,0
IA5442029,252,0
IA5470083,542,0
IA5475050,2004,0
IA5478074,238,0
IA5491093,96,0
IA5493016,646,0
IA5500822,70,0
IA5500838,128,0
IA5502015,5487,0
IA5502319,80,0
IA5507085,711,0
IA5510060,418,0
IA5515042,254,0
IA5540049,267,0
IA5543069,121,0
IA5547094,146,0
IA5551006,258,0
IA5584009,584,0
IA5588026,511,0
IA5592098,390,0
IA5595020,522,0
IA5620046,885,0
IA5625062,11087,0
IA5640019,9900,0
IA5650003,738,0
IA5691012,921,0
IA5700600,600,0
IA5700601,85,0
IA5704012,675,0
IA5710001,75,0
IA5715093,142364,0
IA5715301,72,0
IA5715602,994,0
IA5715702,2000,0
IA5715802,50,0
IA5718006,2579,0
IA5720010,1264,0
IA5722053,701,0
IA5728018,2328,0
IA5731032,2828,0
IA5731301,85,0
IA5731302,220,0
IA5735045,7183,0
IA5748086,2233,0
IA5748300,45,0
IA5751035,41623,0
IA5751040,233,0
IA5751301,53,0
IA5751601,850,0
IA5751602,1005,0
IA5758021,4527,0
IA5765101,1407,0
IA5765303,94,0
IA5772054,160,0
IA5782087,1164,0
IA5784302,72,0
IA5784303,150,1
IA5784307,228,0
IA5784309,80,0
IA5784311,100,0
IA5784312,33,0
IA5784313,58,1
IA5784314,50,0
IA5784316,65,0
IA5784319,33,0
IA5784321,64,1
IA5784326,90,0
IA5792059,688,0
IA5800901,46,0
IA5809063,392,0
IA5815064,1830,0
IA5842000,437,0
IA5857011,752,0
IA5868085,200,0
IA5879063,2096,0
IA5879601,126,0
IA5903011,4381,0
IA5939009,477,0
IA6000733,1765,0
IA6000744,605,0
IA6000755,1530,0
IA6000800,1187,0
IA6003032,206,0
IA6015047,619,0
IA6028081,1082,0
IA6040076,928,0
IA6050059,926,0
IA6055077,296,0
IA6060006,441,0
IA6065092,2611,0
IA6115097,1446,0
IA6167036,525,0
IA6171029,5428,0
IA6264063,1368,0
IA6273005,12808,0
IA6273601,165,0
IA6273901,9818,0
IA6300099,1213,0
IA6300800,488,0
IA6309061,427,0
IA6338000,236,0
IA6342036,8400,0
IA6342301,315,0
IA6342308,138,0
IA6342601,250,0
IA6342711,5687,0
IA6368033,11052,0
IA6368601,237,0
IA6377046,1676,0
IA6377601,110,0
IA6400628,382,0
IA6403011,448,0
IA6415046,140,0
IA6436087,582,0
IA6452062,220,0
IA6457070,910,0
IA6462087,291,0
IA6469042,27680,0
IA6469601,528,0
IA6471063,765,0
IA6480081,271,0
IA6484093,1411,0
IA6500600,35,0
IA6500823,125,0
IA6520019,412,0
IA6525090,5449,0
IA6527038,152,2
IA6529043,144,0
IA6545020,1046,0
IA6575052,245,0
IA6663001,3637,0
IA6668001,68,0
IA6673016,1161,0
IA6677089,465,0
IA6709017,224,0
IA6715083,103,0
IA6727028,1124,0
IA6731006,189,0
IA6739095,2906,0
IA6749061,180,0
IA6762043,338,0
IA6769018,727,0
IA6803010,3721,0
IA6858000,472,0
IA6915015,345,0
IA6950075,5596,0
IA6950701,3500,0
IA6985051,1132,0
IA7000600,520,0
IA7000601,245,0
IA7000617,87,0
IA7000686,100,0
IA7000689,121,0
IA7009071,296,0
IA7038301,37,0
IA7038800,97,0
IA7048001,25516,0
IA7048301,375,0
IA7048303,29,0
IA7048308,55,0
IA7048310,115,0
IA7048319,36,0
IA7048320,26,0
IA7048332,89,0
IA7048392,45,0
IA7048601,188,0
IA7063096,176,0
IA7063301,70,0
IA7073010,3938,0
IA7078026,2924,0
IA7109065,146,0
IA7128036,1605,0
IA7139032,996,0
IA7155059,902,0
IA7165025,1392,0
IA7170040,5512,0
IA7177007,629,0
IA7177701,2112,0
IA7209069,456,0
IA7222034,151,0
IA7227701,7002,0
IA7234069,202,0
IA7239086,439,0
IA7245047,2860,0
IA7324038,147,0
IA7329029,4372,0
IA7329501,1439,0
IA7335054,176,0
IA7341059,170,0
IA7349023,722,0
IA7380036,159,0
IA7383045,4925,0
IA7383901,2942,0
IA7428021,3733,0
IA7428022,31,0
IA7445096,897,0
IA7450019,257,2
IA7465010,779,0
IA7470099,772,0
IA7509008,1558,0
IA7514049,129,0
IA7521084,79,0
IA7528051,935,0
IA7537032,1396,0
IA7540174,10606,0
IA7548072,717,0
IA7561021,92,0
IA7568079,1678,0
IA7589008,123,0
IA7603045,636,0
IA7607088,487,1
IA7609039,130,0
IA7614063,1301,0
IA7622024,138,0
IA7628047,50,0
IA7633049,1877,0
IA7639002,509,0
IA7642047,68,0
IA7700601,360,0
IA7700802,393,0
IA7700901,1169,0
IA7707030,19565,1
IA7709053,76207,0
IA7709395,325,0
IA7709396,375,0
IA7709398,218,0
IA7709601,1032,0
IA7709801,300,0
IA7717032,9393,0
IA7720051,20277,0
IA7727031,246055,0
IA7727033,25,0
IA7727602,710,0
IA7727603,648,0
IA7727604,455,0
IA7727605,393,0
IA7727607,553,0
IA7727608,228,0
IA7727609,702,0
IA7727610,135,0
IA7730012,882,0
IA7736011,17809,0
IA7736015,25,0
IA7736301,1800,0
IA7736601,163,0
IA7740011,24897,0
IA7751092,2515,1
IA7767601,350,0
IA7770050,6533,0
IA7770052,25,0
IA7774701,7565,0
IA7778039,307,0
IA7780042,45605,0
IA7780601,103,0
IA7785007,73959,0
IA7785009,25,0
IA7785601,670,0
IA7803080,1697,0
IA7809078,766,0
IA7812079,3791,0
IA7812601,823,0
IA7820080,64447,0
IA7820701,1558,0
IA7822086,778,0
IA7833025,200,0
IA7841014,275,0
IA7849086,598,0
IA7853043,906,0
IA7856084,1524,0
IA7866031,1049,0
IA7872062,768,0
IA7905088,156,1
IA7909047,1505,0
IA7915017,249,0
IA7930008,9564,3
IA7930601,313,1
IA7945018,270,0
IA7950097,1545,0
IA7950300,1750,0
IA8018040,338,0
IA8040015,247,0
IA8055014,1683,0
IA8080701,20793,0
IA8104076,265,0
IA8114000,587,2
IA8127048,1133,0
IA8133009,282,0
IA8144087,994,0
IA8150015,2093,0
IA8156028,729,1
IA8166061,780,0
IA8200601,100,0
IA8200855,2389,0
IA8209301,85,0
IA8209307,125,0
IA8209308,209,0
IA8209309,80,0
IA8209359,39,0
IA8209398,72,0
IA8209600,220,0
IA8215301,125,0
IA8215302,75,0
IA8215303,181,0
IA8215304,250,0
IA8215305,70,0
IA8215306,83,0
IA8215308,53,0
IA8215325,44,0
IA8215372,156,0
IA8215373,130,0
IA8215384,132,0
IA8215385,73,0
IA8215396,54,0
IA8215399,100,0
IA8218050,1176,0
IA8218301,145,0
IA8218302,53,0
IA8218303,31,0
IA8222001,147720,0
IA8222301,42,0
IA8222601,40,0
IA8222603,140,0
IA8222612,320,0
IA8225043,204,0
IA8227045,335,0
IA8230008,6726,0
IA8230301,110,0
IA8230302,102,0
IA8245303,63,0
IA8245323,85,0
IA8245357,148,0
IA8251096,838,0
IA8255060,156,0
IA8264059,138,0
IA8271301,70,0
IA8271302,50,0
IA8273061,923,1
IA8273062,58,0
IA8285058,1556,0
IA8300184,4132,0
IA8315018,250,0
IA8320098,397,0
IA8325013,631,0
IA8335029,5067,0
IA8340099,313,0
IA8355025,235,0
IA8365052,189,0
IA8369038,727,0
IA8400722,3428,0
IA8400733,5420,0
IA8403029,1248,0
IA8409037,701,0
IA8429002,310,0
IA8434040,2700,0
IA8439058,718,0
IA8444063,2384,0
IA8447098,590,0
IA8455056,74,0
IA8458057,265,0
IA8474097,6267,0
IA8482096,4059,0
IA8482701,2230,0
IA8486053,8231,0
IA8486701,25,0
IA8503039,55177,0
IA8503305,105,0
IA8503528,42000,0
IA8509069,832,0
IA8515060,505,0
IA8520061,853,0
IA8531083,1211,0
IA8538066,4244,0
IA8538601,298,0
IA8548016,304,0
IA8552010,353,0
IA8557058,859,0
IA8562044,6925,0
IA8570001,1394,0
IA8580057,1548,1
IA8580601,150,0
IA8584000,3357,0
IA8590041,528,0
IA8609019,229,0
IA8616052,213,0
IA8627095,1281,0
IA8631003,184,0
IA8637079,481,0
IA8640089,799,0
IA8666002,203,0
IA8670013,3130,0
IA8670701,13920,0
IA8676027,2399,0
IA8681030,1583,0
IA8709096,1533,0
IA8748075,1470,0
IA8758061,385,0
IA8816089,7536,0
IA8909011,367,0
IA8914031,390,0
IA8920001,224,0
IA8930038,601,0
IA8938026,961,0
IA8954084,380,0
IA8973095,272,0
IA9000742,17263,0
IA9003006,620,0
IA9027014,305,0
IA9053004,927,0
IA9083012,25529,0
IA9083602,150,0
IA9113071,4170,0
IA9128301,183,0
IA9133075,15833,0
IA9133601,235,0
IA9133602,153,0
IA9133603,80,0
IA9133701,20095,0
IA9138041,361,0
IA9147047,421,0
IA9155083,788,0
IA9159067,498,0
IA9164078,14334,0
IA9164601,216,0
IA9176019,121,0
IA9200601,68,0
IA9203007,511,0
IA9209043,600,0
IA9214085,277,0
IA9233012,2630,0
IA9233301,45,0
IA9233460,60,0
IA9233899,55,0
IA9260090,1060,0
IA9260301,45,0
IA9260302,95,0
IA9271068,7362,0
IA9276096,1524,0
IA9281006,144,0
IA9303024,430,0
IA9334078,1610,0
IA9348065,465,0
IA9352084,250,0
IA9368035,637,0
IA9400801,27,0
IA9405082,561,0
IA9408087,175,0
IA9417063,371,0
IA9420027,136,0
IA9425011,772,0
IA9425701,6122,0
IA9427082,384,0
IA9433050,25874,0
IA9433302,55,0
IA9433312,50,0
IA9433324,135,0
IA9433336,48,0
IA9433349,175,0
IA9433600,110,0
IA9433601,426,0
IA9433602,108,0
IA9433801,125,0
IA9436095,954,0
IA9442027,265,0
IA9453071,395,2
IA9461007,168,0
IA9464008,431,0
IA9486052,130,0
IA9506052,857,0
IA9525047,4285,0
IA9525601,49,0
IA9545044,2158,0
IA9549073,249,0
IA9575068,186,0
IA9585017,499,0
IA9615064,1125,0
IA9620082,145,0
IA9630001,775,0
IA9630012,7615,0
IA9630303,73,0
IA9630307,78,0
IA9630316,28,0
IA9641049,347,0
IA9644001,135,0
IA9677007,802,0
IA9680085,275,0
IA9680301,32,0
IA9686077,371,0
IA9700630,70,0
IA9704060,545,0
IA9709046,294,0
IA9721076,766,0
IA9725094,230,0
IA9729099,320,1
IA9738057,255,0
IA9743065,988,0
IA9753022,1687,0
IA9758023,72,0
IA9766041,345,0
IA9770024,295,0
IA9774033,5015,0
IA9778054,85791,0
IA9778301,33,0
IA9780059,1042,0
IA9783060,181,0
IA9820010,306,0
IA9825097,218,0
IA9830001,206,0
IA9835001,208,0
IA9840018,257,0
IA9845024,1266,0
IA9855077,2072,0
IA9905003,2463,0
IA9909031,2810,0
IA9921050,526,0
IA9926096,3601,0
IA9937092,634,0
IA9958004,124,0
IA9970037,144,0
ID1050004,57,1
ID1050008,151,0
ID1050009,120,0
ID1050010,85,0
ID1050011,514,0
ID1050021,1034,1
ID1050023,160,0
ID1050024,4173,0
ID1050026,146,1
ID1090001,68,0
ID1090004,50,0
ID1090008,180,0
ID1090009,940,0
ID1090018,730,0
ID1090021,290,0
ID1090022,30,1
ID1090030,270,0
ID1090033,115,1
ID1090038,445,0
ID1090052,180,0
ID1090053,92,0
ID1090059,72,0
ID1090065,93,1
ID1090073,668,0
ID1090086,62,0
ID1090090,413,0
ID1090091,64,0
ID1090092,1524,0
ID1090101,130,3
ID1090103,140,0
ID1090107,2173,0
ID1090109,45,0
ID1090118,708,0
ID1090121,12284,0
ID1090124,955,0
ID1090126,90,0
ID1090128,250,0
ID1090129,178,0
ID1090131,615,0
ID1090132,125,0
ID1090133,55,0
ID1090136,550,0
ID1090139,69,1
ID1090145,318,0
ID1090151,545,0
ID1090155,27,0
ID1090174,70,0
ID1090182,95,1
ID1090193,865,1
ID1090195,327,0
ID1090200,338,0
ID1090209,362,0
ID1090212,90,1
ID1090223,140,0
ID1090224,52,0
ID1090229,178,0
ID1090231,65,0
ID1090253,60,0
ID1090268,216,0
ID1090271,25,0
ID1090289,30,0
ID1090295,37,2
ID1090297,300,0
ID1110001,533,1
ID1110003,3367,0
ID1110007,28,0
ID1110008,50,1
ID1110011,30,1
ID1110019,263,5
ID1110020,80,1
ID1110021,1123,0
ID1110023,250,0
ID1110025,200,0
ID1110028,2458,0
ID1110029,98,0
ID1110030,225,1
ID1110042,2335,0
ID1280002,265,0
ID1280005,160,0
ID1280006,990,0
ID1280008,8785,0
ID1280009,3493,0
ID1280010,633,0
ID1280014,1320,0
ID1280023,85,0
ID1280039,220,0
ID1280041,458,1
ID1280046,275,0
ID1280048,563,0
ID1280053,54115,0
ID1280054,309,1
ID1280057,115,0
ID1280059,2602,0
ID1280062,75,0
ID1280064,11165,0
ID1280066,495,0
ID1280070,130,0
ID1280077,978,0
ID1280080,108,0
ID1280081,64,0
ID1280083,456,1
ID1280084,1575,0
ID1280085,236,0
ID1280087,9375,0
ID1280088,122,0
ID1280092,40,0
ID1280093,125,0
ID1280095,4140,0
ID1280096,367,0
ID1280097,480,0
ID1280099,2023,0
ID1280100,70,0
ID1280104,153,0
ID1280106,843,2
ID1280109,98,0
ID1280117,480,0
ID1280118,158,0
ID1280122,80,0
ID1280123,445,0
ID1280124,97,0
ID1280127,118,1
ID1280128,245,0
ID1280130,168,0
ID1280131,50,0
ID1280132,105,0
ID1280135,90,1
ID1280139,66,0
ID1280140,50,0
ID1280141,450,0
ID1280142,500,0
ID1280147,20285,0
ID1280149,30,0
ID1280151,45,0
ID1280152,10358,0
ID1280155,150,0
ID1280157,115,0
ID1280161,300,0
ID1280163,8965,0
ID1280164,275,0
ID1280165,97,0
ID1280166,100,0
ID1280171,50,0
ID1280174,44,0
ID1280175,145,0
ID1280176,843,0
ID1280177,2825,0
ID1280184,98,0
ID1280194,227,1
ID1280195,135,0
ID1280196,52,0
ID1280203,210,1
ID1280206,591,1
ID1280220,60,1
ID1280221,100,1
ID1280222,355,0
ID1280224,60,0
ID1280225,398,0
ID1280236,250,0
ID1280243,88,0
ID1280246,81,0
ID1280247,228,0
ID1280252,275,0
ID1280254,68,0
ID1280257,1188,0
ID1280259,60,0
ID1280260,428,0
ID1280268,143,0
ID1280270,1104,0
ID1280271,203,0
ID1280273,38,0
ID1280277,63,0
ID1280278,63,0
ID1280285,88,3
ID1280286,31,0
ID1280287,46,0
ID1280288,151,0
ID1280289,257,0
ID1280290,1014,0
ID1280292,108,0
ID1280293,278,0
ID1280294,58,0
ID1280308,62,0
ID1280309,230,0
ID1280310,49,0
ID1280311,61,1
ID1280314,46,0
ID1280318,57,0
ID1280322,37,4
ID1280324,55,0
ID1280331,277,0
ID1280343,25,0
ID1280346,448,0
ID1280350,95,0
ID1400004,114,0
ID1400010,80,0
ID1400012,680,0
ID1400016,45,0
ID1400017,840,0
ID1400019,2388,0
ID1400021,53,0
ID1400030,585,0
ID1400032,180,0
ID1400039,35,0
ID1400041,1950,0
ID1400047,100,0
ID1400082,80,0
ID1400088,43,0
ID1400089,6098,0
ID2180001,85,1
ID2180004,40,1
ID2180013,165,0
ID2180020,45,0
ID2180023,100,2
ID2180024,2459,0
ID2180027,467,1
ID2180028,89,0
ID2180032,2000,1
ID2180037,438,0
ID2180038,28,1
ID2250011,80,0
ID2250013,977,1
ID2250014,89,0
ID2250017,320,2
ID2250018,30,0
ID2250019,133,2
ID2250023,3151,0
ID2250032,607,0
ID2250033,250,0
ID2250041,425,0
ID2250045,200,0
ID2250050,120,0
ID2250053,434,0
ID2250060,253,0
ID2250065,70,0
ID2250066,25,0
ID2250068,125,0
ID2250134,390,0
ID2290004,66,1
ID2290005,256,0
ID2290007,90,0
ID2290008,529,0
ID2290010,259,1
ID2290013,65,0
ID2290015,1044,0
ID2290017,82,1
ID2290018,624,3
ID2290019,313,0
ID2290020,40,0
ID2290023,26000,0
ID2290024,150,0
ID2290026,200,0
ID2290030,812,1
ID2290036,129,0
ID2290041,850,1
ID2290042,8589,0
ID2290043,60,0
ID2290046,128,0
ID2290050,52,0
ID2310001,501,0
ID2310003,1495,0
ID2310004,50,0
ID2310005,460,1
ID2310006,70,2
ID2310007,400,0
ID2350003,382,0
ID2350008,94,0
ID2350011,325,0
ID2350014,15001,0
ID2350015,20000,0
ID2350023,210,0
ID2350025,60,0
ID2350030,100,0
ID2350036,173,0
ID2350038,110,0
ID2350040,480,1
ID2350042,56,1
ID3020002,900,0
ID3020007,26,1
ID3020009,800,0
ID3020012,582,0
ID3020038,96,0
ID3140005,110,0
ID3140007,30,0
ID3140009,350,0
ID3140010,48,0
ID3140011,55,0
ID3140012,1100,0
ID3140013,74000,0
ID3140014,157,0
ID3140022,120,0
ID3140024,250,0
ID3140025,51,0
ID3140026,75,0
ID3140028,150,4
ID3140034,300,0
ID3140035,284,1
ID3140038,121,0
ID3140041,846,0
ID3140042,95,0
ID3140048,100,0
ID3140049,213,0
ID3140051,88,0
ID3140056,50,0
ID3140059,100,0
ID3140060,43,0
ID3140061,300,0
ID3140062,160,0
ID3140063,142,0
ID3140066,42,1
ID3140067,54,0
ID3140068,75,0
ID3140069,90,1
ID3140070,648,0
ID3140074,13190,0
ID3140079,100,1
ID3140080,100200,0
ID3140082,75,0
ID3140083,539,0
ID3140085,140,0
ID3140087,200,0
ID3140089,2250,0
ID3140091,98,1
ID3140092,70,0
ID3140096,60,0
ID3140097,100,1
ID3140098,140,0
ID3140100,250,0
ID3140103,90,0
ID3140107,370,0
ID3140108,130,0
ID3140109,40,1
ID3140111,50,0
ID3140113,203,0
ID3140116,70,0
ID3140118,234,0
ID3140119,35,1
ID3140120,34,0
ID3140121,240,0
ID3140122,53,0
ID3140125,28,0
ID3140130,57,0
ID3140132,45,0
ID3140133,48,0
ID3140134,95,0
ID3140137,78,1
ID3140138,1690,0
ID3140139,40,0
ID3140140,155,0
ID3140141,245,0
ID3140142,50,0
ID3140175,62,0
ID3140180,140,0
ID3140193,225,4
ID3140200,35,0
ID3140220,170,0
ID3140221,104,0
ID3140229,100,0
ID3140231,320,1
ID3140233,44,0
ID3140254,60,0
ID3140265,65,0
ID3140274,95,2
ID3140278,50,2
ID3140281,75,0
ID3230004,60,1
ID3230010,40,0
ID3230012,6700,0
ID3230027,35,0
ID3230028,27,0
ID3230030,50,0
ID3370007,220,1
ID3370010,452,0
ID3370012,3300,0
ID3370013,1300,0
ID3370014,75,0
ID3370030,150,0
ID3370035,53,0
ID3370036,78,2
ID3380004,55,0
ID3380005,7458,2
ID3380007,70,0
ID3380008,1600,0
ID3380009,8127,0
ID3380019,41,0
ID3380035,98,0
ID3440002,335,0
ID3440007,144,0
ID3440011,5630,0
ID4010005,40,0
ID4010016,264978,0
ID4010022,9000,2
ID4010025,100,0
ID4010036,84,0
ID4010039,30,0
ID4010042,650,0
ID4010047,300,0
ID4010048,195,0
ID4010050,92,0
ID4010055,137,0
ID4010062,430,0
ID4010063,49,0
ID4010064,75,1
ID4010066,12500,0
ID4010068,46,0
ID4010069,200,0
ID4010071,95,0
ID4010072,55,0
ID4010076,70,2
ID4010083,200,0
ID4010085,32038,0
ID4010088,125,0
ID4010092,70,0
ID4010096,42,0
ID4010097,147340,0
ID4010101,150,1
ID4010106,63,0
ID4010111,273,0
ID4010121,30,0
ID4010122,31,0
ID4010123,135,1
ID4010126,540,0
ID4010133,70,0
ID4010139,72,0
ID4010141,3309,0
ID4010158,270,0
ID4010160,100,0
ID4010161,280,0
ID4010178,120,1
ID4010200,75,3
ID4010201,3702,0
ID4010218,800,0
ID4010220,14000,0
ID4010222,6108,0
ID4010232,70,0
ID4010240,2204,0
ID4010245,25,1
ID4010247,250,0
ID4010253,50,0
ID4010255,456,0
ID4010266,1125,0
ID4010271,490,0
ID4010272,490,0
ID4080004,36,0
ID4080007,250,3
ID4080016,163,0
ID4080018,78,0
ID4080024,750,0
ID4080025,531,2
ID4080029,140,0
ID4080031,305,0
ID4080034,310,0
ID4080036,65,0
ID4080037,140,0
ID4080040,40,0
ID4080042,44,0
ID4080047,475,2
ID4080051,140,0
ID4080055,525,0
ID4080095,51,0
ID4080100,89,0
ID4080101,100,0
ID4080117,25,0
ID4200001,85,0
ID4200005,91,0
ID4200009,50,0
ID4200010,243,0
ID4200020,60,0
ID4200022,1282,0
ID4200023,64,3
ID4200026,87,4
ID4200031,175,0
ID4200032,14651,2
ID4200033,85,1
ID4200037,97,0
ID4200043,175,0
ID4200045,30,2
ID4200046,100,1
ID4200048,91,0
ID4200049,192,0
ID4200052,86,1
ID4200053,250,0
ID4200054,7500,0
ID4200073,65,2
ID4200089,250,0
ID4200091,52,0
ID4200096,71,0
ID4200108,112,0
ID4430001,250,0
ID4430012,1000,0
ID4430019,237,0
ID4430023,75,1
ID4430026,200,0
ID4430033,4423,2
ID4430059,72,0
ID4430102,100,0
ID4430103,550,2
ID4430104,270,0
ID4430105,150,0
ID4430106,59,0
ID5070001,75,1
ID5070004,2747,2
ID5070010,993,0
ID5070012,60,0
ID5070015,300,0
ID5070020,75,0
ID5070022,8000,0
ID5070023,200,0
ID5070025,45,1
ID5070026,390,0
ID5070028,3555,0
ID5070038,450,0
ID5070041,50,0
ID5070049,60,0
ID5070051,3400,0
ID5070085,135,0
ID5070086,60,0
ID5070087,117,2
ID5070088,120,1
ID5070093,62,0
ID5070096,53,0
ID5070097,150,0
ID5130001,441,1
ID5160001,325,1
ID5160003,35,0
ID5160008,10345,1
ID5160012,300,0
ID5160014,60,0
ID5160017,70,0
ID5160031,500,1
ID5160032,70,0
ID5160035,821,1
ID5160037,120,0
ID5160041,70,1
ID5160043,112,2
ID5160056,35,0
ID5240002,384,0
ID5240009,3706,0
ID5240012,988,0
ID5240019,60,0
ID5240028,3000,0
ID5240033,54,1
ID5240040,47,0
ID5240042,25,0
ID5270004,137,1
ID5270006,411,0
ID5270007,899,0
ID5270011,13135,0
ID5270017,150,0
ID5270025,350,1
ID5320005,501,0
ID5320006,1653,0
ID5320008,450,1
ID5320009,55,0
ID5340005,140,0
ID5340006,3000,0
ID5340010,120,0
ID5340014,1195,0
ID5340015,250,0
ID5340017,5796,0
ID5340022,50,1
ID5340023,100,1
ID5340031,142,0
ID5420007,4518,0
ID5420010,275,0
ID5420014,108,0
ID5420021,2858,0
ID5420027,1200,1
ID5420030,220,0
ID5420033,5359,0
ID5420040,140,1
ID5420042,130,1
ID5420049,75,0
ID5420054,50,0
ID5420058,56121,0
ID5420089,220,0
ID5420107,150,0
ID6030002,368,1
ID6030005,150,0
ID6030008,15842,0
ID6030010,142,0
ID6030012,625,0
ID6030015,25,0
ID6030025,792,0
ID6030026,86,0
ID6030029,200,0
ID6030030,386,0
ID6030038,800,0
ID6030040,27,0
ID6030043,58231,0
ID6030044,300,0
ID6030049,58,3
ID6030050,29,0
ID6030052,29,0
ID6030057,74,0
ID6030058,106,2
ID6030068,35,0
ID6030073,88,0
ID6030081,85,1
ID6030089,27,0
ID6040005,100,0
ID6040006,250,1
ID6040007,206,0
ID6040011,400,0
ID6040013,476,0
ID6040021,2772,0
ID6040022,535,0
ID6040024,191,0
ID6040042,64,0
ID6040044,300,0
ID6040045,50,0
ID6040047,100,0
ID6060001,2088,0
ID6060003,35,1
ID6060004,425,0
ID6060007,13224,1
ID6060013,150,0
ID6060016,511,0
ID6060019,96,0
ID6060026,240,0
ID6060035,85,0
ID6060049,60,2
ID6060056,110,0
ID6060057,200,1
ID6060059,90,1
ID6060062,29,1
ID6060063,33,0
ID6060067,84,1
ID6060071,4409,0
ID6060078,125,0
ID6060080,35,0
ID6060082,43,0
ID6060085,85,0
ID6060089,225,0
ID6060095,295,0
ID6060099,175,1
ID6060117,364,0
ID6060118,180,0
ID6060119,63,3
ID6060121,50,1
ID6120001,1080,1
ID6120002,59,0
ID6120006,55,0
ID6120022,196,0
ID6150001,250,0
ID6150002,350,0
ID6150008,25,0
ID6150010,920,1
ID6150017,3111,0
ID6150019,90,0
ID6150022,35,0
ID6150024,35,0
ID6210001,180,3
ID6210002,413,1
ID6210003,180,2
ID6210004,510,0
ID6210006,1300,0
ID6210007,1000,1
ID6210009,120,1
ID6210012,120,1
ID6210014,5591,2
ID6210015,75,0
ID6210017,75,0
ID6210019,490,0
ID6210020,403,0
ID6210021,20,1
ID6210029,50,1
ID6360006,2200,0
ID6390001,4863,0
ID6390007,60,2
ID6390018,92,1
ID6390019,242,0
ID6390022,30,0
ID7100004,17338,0
ID7100012,33,0
ID7100013,38,1
ID7100020,1500,0
ID7100022,43,0
ID7100023,600,0
ID7100024,250,3
ID7100030,22650,1
ID7100035,65,0
ID7100039,69450,0
ID7100041,2717,0
ID7100044,370,0
ID7100047,72,0
ID7100059,100,0
ID7100060,30,0
ID7100061,60,3
ID7100067,175,0
ID7100071,450,1
ID7100081,38,0
ID7100086,32,1
ID7100088,150,0
ID7100094,1161,0
ID7100106,80,3
ID7100107,54,0
ID7100148,41,0
ID7100149,40,0
ID7100155,43,0
ID7100184,83,0
ID7100192,60,0
ID7100200,35,0
ID7100201,680,0
ID7100207,270,1
ID7100208,75,0
ID7100215,60,0
ID7100226,129,0
ID7170003,511,1
ID7190001,27,0
ID7190013,900,0
ID7190032,566,0
ID7190042,125,0
ID7220004,1129,0
ID7220007,204,2
ID7220008,40,1
ID7220047,340,0
ID7220049,64,0
ID7220051,322,1
ID7220063,245,1
ID7220065,285,1
ID7220067,3606,0
ID7220072,735,0
ID7220087,280,0
ID7260002,100,0
ID7260007,450,0
ID7260017,54,0
ID7260018,105,0
ID7260026,358,0
ID7260029,88,0
ID7260032,5400,1
ID7260034,656,0
ID7260035,680,0
ID7260047,30,0
ID7260063,459,0
ID7260070,100,0
ID7260075,193,0
ID7260079,144,1
ID7260080,336,0
ID7260081,141,0
ID7260084,45,0
ID7300013,200,0
ID7300041,47,0
ID7300042,3158,3
ID7300050,65,1
ID7300057,65,0
ID7330011,50,0
ID7330014,45,3
ID7330022,40695,0
ID7330026,2395,0
ID7330028,35,0
ID7330065,300,0
ID7330067,300,0
ID7410003,58,1
ID7410004,2200,0
ID7410012,409,0
ID7410013,2361,0
ID7410019,69,0
ID7410020,30,0
ID7410022,28,1
ID7410029,62,0
ID7410033,924,0
ID7410034,250,0
ID7410036,192,0
ID7410047,125,0
ID7410048,90,0
IL0010050,1190,1
IL0010100,709,0
IL0010150,83,0
IL0010250,620,0
IL0010300,47,1
IL0010350,609,0
IL0010400,168,0
IL0010450,300,1
IL0010500,953,0
IL0010550,1386,0
IL0010600,264,0
IL0010650,42000,0
IL0010700,626,0
IL0015150,833,0
IL0015200,2470,0
IL0015300,5755,0
IL0015350,6858,0
IL0015500,401,0
IL0015545,98,0
IL0030020,2185,0
IL0030100,653,0
IL0030150,213,0
IL0035030,1821,0
IL0035050,910,0
IL0035100,1763,0
IL0050020,6645,0
IL0050050,8310,0
IL0050100,548,1
IL0050200,697,1
IL0050250,188,0
IL0050300,429,1
IL0050400,173,0
IL0054360,213,2
IL0054720,343,1
IL0070050,25339,0
IL0070060,710,0
IL0070100,1343,0
IL0070150,2372,0
IL0070300,1877,0
IL0070350,790,0
IL0075050,6426,0
IL0075105,90,0
IL0075185,1468,0
IL0075235,100,0
IL0075275,450,0
IL0090010,1600,0
IL0090050,122,0
IL0090100,3271,0
IL0090150,250,0
IL0090200,478,0
IL0110010,36,0
IL0110050,250,0
IL0110100,482,0
IL0110150,297,0
IL0110200,490,0
IL0110250,663,1
IL0110300,1838,0
IL0110350,200,1
IL0110450,1263,0
IL0110500,660,1
IL0110550,318,0
IL0110600,298,1
IL0110650,250,1
IL0110700,450,1
IL0110800,465,0
IL0110850,7832,0
IL0110900,321,0
IL0110950,821,0
IL0111000,5582,0
IL0111050,740,1
IL0111100,1311,0
IL0111150,886,1
IL0115000,120,1
IL0115135,260,2
IL0130010,4675,0
IL0130050,220,0
IL0130100,136,0
IL0130200,839,0
IL0130250,335,0
IL0150030,2166,0
IL0150050,523,1
IL0150100,1504,0
IL0150150,989,0
IL0150200,1479,0
IL0150250,3020,0
IL0150300,801,0
IL0150350,580,0
IL0155200,80,1
IL0170010,403,0
IL0170050,419,0
IL0170080,675,0
IL0170100,1333,0
IL0170150,5951,0
IL0170200,838,1
IL0170250,1514,0
IL0190040,34,0
IL0190050,330,0
IL0190060,392,0
IL0190070,280,0
IL0190080,500,0
IL0190150,2026,0
IL0190250,911,0
IL0190300,1200,0
IL0190350,146,1
IL0190400,330,0
IL0190450,6580,0
IL0190500,750,0
IL0190600,1378,0
IL0190650,13000,0
IL0190660,270,0
IL0190700,273,0
IL0190950,1066,0
IL0191000,3604,0
IL0194560,248,0
IL0195100,150,0
IL0195150,5300,0
IL0195200,350,0
IL0195300,150000,0
IL0195310,230,0
IL0195320,680,0
IL0195350,115,0
IL0195360,373,0
IL0195370,62,0
IL0195380,62,0
IL0195390,209,0
IL0195400,865,0
IL0195425,40,0
IL0195500,13000,0
IL0195625,100,0
IL0195645,112,0
IL0195825,79,0
IL0195865,120,2
IL0195945,375,0
IL0210010,1300,0
IL0210030,868,0
IL0210050,1315,1
IL0210150,1068,4
IL0210200,102,1
IL0210250,1561,1
IL0210300,1068,0
IL0210350,480,1
IL0210450,250,0
IL0210500,5800,0
IL0210550,932,0
IL0210600,12806,0
IL0210650,512,0
IL0215150,450,0
IL0230010,9657,0
IL0230050,3274,0
IL0230100,3947,0
IL0230150,1200,0
IL0230200,678,1
IL0235400,600,0
IL0250010,158,0
IL0250020,2015,0
IL0250050,957,0
IL0250100,5233,0
IL0250200,1201,0
IL0250300,542,0
IL0270010,1850,0
IL0270040,1,0
IL0270050,1231,0
IL0270100,2545,0
IL0270150,643,0
IL0270200,913,0
IL0270250,4772,0
IL0270300,3373,0
IL0270350,1537,0
IL0270400,452,0
IL0270500,2742,1
IL0274580,625,0
IL0274700,4178,0
IL0275120,1815,0
IL0275150,1950,0
IL0275200,602,1
IL0275230,1015,0
IL0275250,1688,2
IL0275350,805,1
IL0275600,1397,0
IL0290010,375,0
IL0290020,3750,0
IL0290050,637,0
IL0290100,17286,1
IL0290150,361,0
IL0290250,19500,0
IL0290300,739,0
IL0295100,8900,0
IL0295200,720,0
IL0295500,5500,0
IL0310010,460,0
IL0310030,19063,0
IL0310060,11161,0
IL0310070,702,0
IL0310080,1400,0
IL0310110,505,0
IL0310120,602,0
IL0310140,2800,1
IL0310150,19156,1
IL0310180,5214,0
IL0310200,1175,0
IL0310210,57250,0
IL0310230,25,0
IL0310240,21494,0
IL0310270,16467,0
IL0310300,7847,0
IL0310330,18776,0
IL0310360,3989,0
IL0310370,232,0
IL0310390,37000,1
IL0310395,677,0
IL0310420,8442,0
IL0310450,26184,0
IL0310480,14130,0
IL0310510,83000,1
IL0310540,16500,0
IL0310570,6420,0
IL0310600,10826,0
IL0310630,60675,0
IL0310660,2973,0
IL0310690,20510,0
IL0310720,1813,0
IL0310750,1500,0
IL0310780,25000,0
IL0310810,74486,0
IL0310840,19943,0
IL0310870,9371,0
IL0310900,14340,0
IL0310930,800,0
IL0310960,18467,0
IL0310990,8849,0
IL0311000,4873,0
IL0311020,47856,0
IL0311050,8956,0
IL0311080,497,0
IL0311110,25000,0
IL0311140,9065,0
IL0311170,13792,0
IL0311200,14505,0
IL0311230,8200,0
IL0311260,1472,0
IL0311290,50179,0
IL0311320,4240,0
IL0311350,19463,0
IL0311410,3240,0
IL0311500,2514,0
IL0311530,16200,0
IL0311540,440,0
IL0311560,13011,0
IL0311590,29076,0
IL0311620,17500,1
IL0311650,13463,0
IL0311680,9149,0
IL0311710,10304,0
IL0311740,280,0
IL0311770,12500,0
IL0311800,18293,0
IL0311830,24090,1
IL0311860,24206,0
IL0311890,1969,0
IL0311900,388,0
IL0311920,14819,0
IL0311950,25297,0
IL0311980,41000,0
IL0312010,29350,0
IL0312040,15251,0
IL0312050,145,0
IL0312070,34407,0
IL0312100,5470,0
IL0312160,7071,0
IL0312190,27478,0
IL0312220,58362,0
IL0312250,54583,0
IL0312280,4922,0
IL0312310,58020,0
IL0312340,70875,0
IL0312370,15500,0
IL0312400,18530,0
IL0312460,39800,0
IL0312490,1994,0
IL0312520,5331,0
IL0312530,2280,0
IL0312540,82,0
IL0312550,12504,1
IL0312580,10266,0
IL0312610,11717,0
IL0312640,10282,0
IL0312670,9298,0
IL0312700,5415,0
IL0312730,23329,0
IL0312760,3952,0
IL0312790,9921,0
IL0312800,221,0
IL0312850,11709,0
IL0312880,66422,0
IL0312940,3924,0
IL0312970,22000,1
IL0313000,6902,0
IL0313030,4576,0
IL0313060,39577,0
IL0313090,2386,0
IL0313150,16241,0
IL0313180,13274,1
IL0313300,27087,0
IL0313330,12475,0
IL0313360,10970,0
IL0314030,73320,0
IL0314120,41500,0
IL0314180,43212,0
IL0314400,31802,0
IL0314480,37470,0
IL0314710,12840,0
IL0314740,21687,0
IL0314860,9700,0
IL0314890,75750,0
IL0314910,56703,0
IL0314970,39725,0
IL0315030,5521,0
IL0315125,994,0
IL0315130,1,0
IL0315145,940,0
IL0315150,11187,0
IL0315175,420,0
IL0315185,3000,0
IL0315300,1,0
IL0315310,822,0
IL0315350,30043,0
IL0315400,1,0
IL0315570,2400,1
IL0315617,60,0
IL0315620,1472,0
IL0315650,312,1
IL0315770,1,0
IL0315820,18450,0
IL0315850,1954,0
IL0315860,6600,0
IL0315880,10000,0
IL0315910,445,0
IL0315920,2852,0
IL0315935,380,0
IL0316000,2721308,0
IL0317010,1064,0
IL0317050,126,0
IL0317370,30000,0
IL0317550,1934,0
IL0317580,1,0
IL0317595,900,0
IL0317765,1238,1
IL0317775,405,0
IL0330010,1085,0
IL0330020,3403,0
IL0330050,325,0
IL0330100,613,0
IL0330150,2321,0
IL0335030,11331,0
IL0335100,1655,1
IL0350050,1513,0
IL0350100,303,0
IL0350150,1636,0
IL0350200,1278,0
IL0370051,4398,0
IL0370100,40290,0
IL0370150,5298,0
IL0370200,2006,0
IL0370250,1160,1
IL0370300,2000,0
IL0370350,1143,0
IL0370450,913,0
IL0370550,18500,0
IL0370600,1497,0
IL0374850,7156,0
IL0374860,90,0
IL0374865,124,0
IL0374870,1860,0
IL0375100,150,0
IL0375125,205,2
IL0375148,1050,0
IL0375150,30,0
IL0375200,120,1
IL0375500,6500,0
IL0390050,7200,0
IL0390100,175,1
IL0390150,1811,0
IL0390200,400,0
IL0390250,513,0
IL0390300,381,0
IL0390350,404,0
IL0395225,71,0
IL0410010,198,0
IL0410020,50,0
IL0410030,4800,0
IL0410050,2927,0
IL0410100,750,3
IL0410200,296,0
IL0410250,836,0
IL0410350,2467,0
IL0414060,1155,0
IL0415030,4875,0
IL0415150,64,0
IL0430010,1423,0
IL0430040,400,0
IL0430050,38017,0
IL0430055,5361,0
IL0430060,6940,0
IL0430100,22018,0
IL0430200,39854,0
IL0430250,8702,0
IL0430270,21751,0
IL0430300,49425,0
IL0430350,45000,0
IL0430400,33176,0
IL0430450,28850,0
IL0430500,9506,0
IL0430551,24223,0
IL0430552,6613,0
IL0430600,44476,0
IL0430700,9400,0
IL0430750,1440,0
IL0430800,22263,0
IL0430833,12350,0
IL0430900,25166,0
IL0430950,24161,0
IL0431050,53970,0
IL0431100,9000,0
IL0431150,9835,0
IL0431200,14012,0
IL0431250,33566,0
IL0434140,18537,0
IL0434190,11192,0
IL0434520,17900,0
IL0434670,156406,0
IL0434820,22897,0
IL0435150,1581,0
IL0435300,625,1
IL0435350,1014,0
IL0435400,1,0
IL0435500,1931,0
IL0435600,950,1
IL0435650,3307,0
IL0435700,679,0
IL0435850,770,0
IL0435945,284,0
IL0437000,93,0
IL0437160,1931,0
IL0437245,145,0
IL0437350,6721,0
IL0437500,320,0
IL0450050,288,0
IL0450100,1273,2
IL0450150,450,0
IL0450200,707,0
IL0450250,139,0
IL0450300,9100,0
IL0450400,250,0
IL0470010,2380,0
IL0470050,2839,0
IL0470100,207,0
IL0470200,819,0
IL0490050,2300,1
IL0490100,500,1
IL0490150,900,0
IL0490200,440,0
IL0490250,12252,0
IL0490350,201,0
IL0490450,2018,0
IL0490500,754,0
IL0495150,3352,0
IL0495200,1092,0
IL0495350,120,0
IL0495400,108,0
IL0510010,5608,2
IL0510020,1,0
IL0510100,740,1
IL0510150,540,0
IL0510200,966,3
IL0510250,1272,0
IL0510300,483,0
IL0510350,7616,1
IL0515500,700,0
IL0530050,269,1
IL0530100,3500,0
IL0530150,177,0
IL0530200,200,0
IL0530250,4200,0
IL0530260,55,0
IL0530300,875,0
IL0530350,367,0
IL0530400,245,1
IL0534200,266,0
IL0535100,100,0
IL0550050,8104,1
IL0550100,494,0
IL0550150,3072,0
IL0550250,883,0
IL0550300,772,0
IL0550350,362,0
IL0550450,2556,0
IL0550500,486,0
IL0550600,1182,0
IL0550650,664,0
IL0550660,65,0
IL0550700,8650,0
IL0550750,1774,0
IL0554640,155,0
IL0555030,1118,0
IL0555100,3650,0
IL0555120,2368,0
IL0555150,390,0
IL0555200,2530,0
IL0555250,543,0
IL0555350,2393,0
IL0555400,460,0
IL0570010,1430,0
IL0570030,440,0
IL0570040,863,0
IL0570050,1375,0
IL0570100,920,0
IL0570200,267,0
IL0570250,16748,0
IL0570300,1184,0
IL0570450,588,0
IL0570500,2448,0
IL0570550,447,0
IL0570600,2400,0
IL0570750,358,0
IL0570850,375,0
IL0570900,353,1
IL0570950,738,4
IL0574620,400,0
IL0575150,850,0
IL0590050,652,0
IL0590150,424,0
IL0590200,118,0
IL0590250,234,0
IL0590300,874,0
IL0590350,1054,0
IL0595100,1370,0
IL0610020,3786,0
IL0610050,2513,0
IL0610100,164,0
IL0610150,1097,0
IL0610200,94,0
IL0610250,296,0
IL0610300,180,1
IL0610350,1753,0
IL0610400,2313,1
IL0610450,320,0
IL0630030,49,0
IL0630040,317,0
IL0630050,800,1
IL0630060,107,1
IL0630070,543,0
IL0630100,370,0
IL0630200,5749,1
IL0630250,2508,0
IL0630400,1361,0
IL0630450,99,0
IL0630500,994,0
IL0630550,12800,0
IL0630600,14775,0
IL0630650,700,0
IL0631000,25,0
IL0635100,203,0
IL0635125,389,0
IL0635150,90,0
IL0635225,912,0
IL0635250,60,0
IL0650100,235,0
IL0650150,859,0
IL0650200,2812,1
IL0651000,3958,0
IL0670010,165,0
IL0670050,553,0
IL0670200,494,1
IL0670250,2510,0
IL0670400,2753,0
IL0670450,1200,2
IL0670500,1200,0
IL0670550,460,0
IL0670650,1480,0
IL0670700,248,0
IL0674300,788,0
IL0690020,1373,0
IL0690050,228,0
IL0690100,220,0
IL0690160,1387,0
IL0695000,843,0
IL0710010,6370,0
IL0710020,387,0
IL0710050,273,0
IL0710250,139,0
IL0710300,1125,0
IL0710350,180,0
IL0710400,838,0
IL0730040,49,0
IL0730050,626,0
IL0730070,57,0
IL0730080,83,2
IL0730100,565,0
IL0730120,95,0
IL0730130,80,1
IL0730150,843,0
IL0730200,955,1
IL0730250,113,0
IL0730300,2086,0
IL0730400,2501,0
IL0730410,270,0
IL0730450,2449,0
IL0730500,6539,0
IL0730550,2640,0
IL0730650,12509,0
IL0730660,200,0
IL0730700,1754,1
IL0730750,771,0
IL0735000,380,0
IL0735050,188,0
IL0735100,100,0
IL0735120,95,0
IL0735150,110,1
IL0735200,80,0
IL0735220,235,1
IL0735250,70,0
IL0735280,100,0
IL0735300,375,0
IL0735329,103,0
IL0735330,75,0
IL0735345,250,0
IL0735350,140,0
IL0735385,77,0
IL0735450,120,1
IL0735470,90,0
IL0735500,260,1
IL0735600,500,0
IL0735700,63,0
IL0735850,100,0
IL0750020,113,0
IL0750050,724,1
IL0750100,450,2
IL0750150,500,0
IL0750200,846,0
IL0750250,1500,0
IL0750300,650,0
IL0750350,550,1
IL0750400,279,1
IL0750450,1793,0
IL0750550,398,1
IL0750600,375,0
IL0750650,1306,0
IL0750700,1409,0
IL0750800,900,0
IL0750850,270,0
IL0750900,5500,0
IL0750910,115,0
IL0750950,222,0
IL0751000,319,1
IL0754240,1044,0
IL0755110,645,0
IL0755185,105,0
IL0755200,800,0
IL0755365,138,0
IL0755389,55,1
IL0770010,763,0
IL0770050,1053,0
IL0770100,414,0
IL0770150,22107,2
IL0770200,1910,0
IL0770250,1188,0
IL0770300,1068,1
IL0770350,1143,0
IL0770400,559,0
IL0770500,10241,1
IL0770540,167,0
IL0770550,648,0
IL0775100,1,0
IL0775150,3065,2
IL0775160,238,1
IL0775200,4963,0
IL0775250,1108,0
IL0775400,4972,2
IL0775410,230,2
IL0775420,1030,2
IL0790010,29720,0
IL0790100,2977,0
IL0790200,243,0
IL0790300,172,0
IL0810010,5483,0
IL0810020,1771,0
IL0810030,213,0
IL0810050,1930,0
IL0810100,1880,0
IL0810150,437,0
IL0810200,385,0
IL0810300,15793,0
IL0810350,207,0
IL0810400,1901,0
IL0810450,3587,0
IL0815100,1972,0
IL0815110,218,0
IL0830010,335,0
IL0830150,186,0
IL0830250,8412,0
IL0835300,12750,0
IL0850010,233,0
IL0850030,95,0
IL0850050,347,0
IL0850100,1565,0
IL0850150,802,0
IL0850200,3308,1
IL0850250,863,0
IL0850400,436,0
IL0850450,1728,1
IL0850500,1323,0
IL0855050,2294,0
IL0855100,438,0
IL0855150,931,0
IL0855200,700,0
IL0870010,1617,0
IL0870050,490,0
IL0870200,1068,1
IL0870350,1618,0
IL0875050,2702,1
IL0875510,501,0
IL0890040,595,0
IL0890080,130,0
IL0890110,4000,0
IL0890120,8000,0
IL0890150,535,0
IL0890160,10365,0
IL0890200,37983,0
IL0890250,3115,0
IL0890300,6559,0
IL0890350,21247,0
IL0890400,8366,0
IL0890450,7758,0
IL0890500,1484,2
IL0890600,18261,0
IL0890750,3100,0
IL0890800,23648,1
IL0890850,11243,0
IL0890950,7845,0
IL0894070,183000,0
IL0894130,26098,0
IL0894380,114797,0
IL0894400,920,1
IL0894690,28956,0
IL0894830,33103,0
IL0895030,1200,0
IL0895149,75,0
IL0895150,231,0
IL0895200,1022,0
IL0895285,300,0
IL0895300,920,0
IL0895319,272,0
IL0895400,420,0
IL0895530,50,0
IL0895545,300,0
IL0895550,216,0
IL0895600,62,0
IL0895750,150,0
IL0895800,1134,1
IL0895930,260,0
IL0910010,1410,0
IL0910020,500,2
IL0910040,579,0
IL0910070,65,0
IL0910250,300,0
IL0910450,1600,0
IL0910650,3075,0
IL0910700,1200,0
IL0910720,498,0
IL0914780,196,2
IL0915030,80000,1
IL0915040,190,0
IL0915145,50,0
IL0915165,40,0
IL0915220,171,0
IL0915265,200,0
IL0915385,144,0
IL0915450,249,0
IL0915526,56,1
IL0915545,750,0
IL0915930,256,0
IL0930100,986,0
IL0930150,38169,0
IL0930200,12600,0
IL0930250,23000,0
IL0935100,1102,0
IL0935140,66,0
IL0935150,167,0
IL0935200,107,0
IL0935250,100,1
IL0950050,3275,0
IL0950100,483,0
IL0950150,860,0
IL0950200,31620,0
IL0950250,375,1
IL0950300,3120,0
IL0950350,218,0
IL0950400,644,0
IL0950450,265,0
IL0950500,119,0
IL0950550,268,0
IL0950600,965,1
IL0950650,647,1
IL0950700,828,0
IL0955040,185,0
IL0955150,172,0
IL0955200,1885,0
IL0970010,624,0
IL0970040,1470,1
IL0970050,14175,0
IL0970080,1424,0
IL0970100,1013,0
IL0970110,1762,0
IL0970120,2558,0
IL0970160,65,0
IL0970170,382,0
IL0970180,650,0
IL0970190,8710,0
IL0970200,11780,0
IL0970220,375,0
IL0970240,24,0
IL0970250,21248,0
IL0970260,2622,0
IL0970270,2720,0
IL0970280,1563,0
IL0970310,204,0
IL0970320,78,0
IL0970330,62,0
IL0970340,70,0
IL0970350,30193,0
IL0970400,3528,0
IL0970450,675,0
IL0970500,30176,0
IL0970550,5335,0
IL0970750,5600,0
IL0970800,19642,0
IL0970840,8829,0
IL0970850,19759,0
IL0970900,20500,0
IL0970950,7940,0
IL0971000,14500,0
IL0971050,267,0
IL0971060,207,0
IL0971080,500,0
IL0971090,218,0
IL0971110,200,0
IL0971120,67,0
IL0971130,256,1
IL0971150,31500,0
IL0971160,293,0
IL0971200,189,0
IL0971250,16813,2
IL0971400,5425,0
IL0971450,3618,0
IL0971500,18430,0
IL0971540,658,0
IL0971550,27200,0
IL0971600,4900,1
IL0971700,225,0
IL0971750,33207,0
IL0971770,6629,0
IL0971850,15349,0
IL0971900,87149,0
IL0971950,6565,0
IL0972000,24442,0
IL0974080,10327,0
IL0974340,19196,0
IL0974540,8066,0
IL0975010,1372,0
IL0975040,3065,1
IL0975050,105,0
IL0975070,267,0
IL0975139,400,0
IL0975165,84,0
IL0975185,198,0
IL0975200,1287,0
IL0975227,23000,0
IL0975238,217,0
IL0975245,47,0
IL0975345,568,0
IL0975350,186,0
IL0975370,300,0
IL0975380,141,1
IL0975450,225,0
IL0975485,38,0
IL0975500,225,0
IL0975520,2300,1
IL0975550,2628,0
IL0975575,2460,0
IL0975585,165,0
IL0975600,5751,0
IL0975615,504,0
IL0975620,1064,0
IL0975700,414,0
IL0975736,50,0
IL0975750,330,0
IL0975790,1,0
IL0975849,125,0
IL0975900,3711,0
IL0977050,189,0
IL0977100,210,0
IL0977150,285,0
IL0977189,30,0
IL0977250,206,1
IL0977300,252,0
IL0977320,185,0
IL0977350,14832,0
IL0977370,590,0
IL0978970,45,0
IL0990020,92,0
IL0990060,250,0
IL0990150,1613,0
IL0990200,515,0
IL0990300,9700,1
IL0990350,951,0
IL0990400,111,0
IL0990450,463,1
IL0990500,5061,1
IL0990550,7100,0
IL0990560,110,0
IL0990600,465,0
IL0990650,1323,1
IL0990700,4500,0
IL0990800,18097,1
IL0990850,10300,1
IL0991000,259,0
IL0991050,2353,0
IL0991150,705,0
IL0995030,19000,0
IL0995040,266,0
IL0995050,83,5
IL0995150,312,2
IL0995170,243,0
IL0995185,158,0
IL0995200,4750,0
IL0995225,125,0
IL0995250,63,0
IL0995265,1001,0
IL0995300,78,0
IL0995329,100,1
IL0995336,100,0
IL0995365,222,3
IL0995400,168,1
IL0995425,10,3
IL0995750,88,0
IL0995840,1670,0
IL1010010,870,0
IL1010020,1195,0
IL1010100,2572,0
IL1010150,4524,2
IL1010250,583,0
IL1010300,921,0
IL1015300,920,0
IL1015350,1275,0
IL1030050,2500,0
IL1030060,238,0
IL1030100,967,0
IL1030150,279,2
IL1030200,15096,0
IL1030250,896,0
IL1030300,111,0
IL1030400,830,0
IL1030450,238,1
IL1030500,380,0
IL1030550,131,0
IL1034600,313,1
IL1035050,410,0
IL1035100,4100,0
IL1035165,170,0
IL1035245,400,0
IL1035500,1038,0
IL1050050,149,0
IL1050100,1256,0
IL1050150,500,0
IL1050200,563,0
IL1050250,4400,1
IL1050300,120,3
IL1050350,3633,1
IL1050400,1070,0
IL1050450,1225,0
IL1050550,1014,0
IL1050650,456,0
IL1050700,133,1
IL1055030,11864,0
IL1055040,300,0
IL1055500,1665,0
IL1055520,174,0
IL1070050,1692,0
IL1070100,169,0
IL1070150,565,1
IL1070200,467,0
IL1070250,262,0
IL1070300,323,0
IL1070400,1506,0
IL1070450,275,0
IL1070500,330,1
IL1075030,15200,1
IL1075145,34,0
IL1075150,435,0
IL1075450,1036,0
IL1075520,1500,0
IL1090010,451,0
IL1090020,180,0
IL1090030,2395,0
IL1090050,303,2
IL1090100,569,0
IL1090150,2972,0
IL1090200,1395,0
IL1090250,536,0
IL1090300,475,1
IL1090350,15051,2
IL1090380,282,0
IL1090400,425,0
IL1095200,44,2
IL1095510,8000,0
IL1110011,132,0
IL1110040,174,0
IL1110050,30700,0
IL1110080,681,0
IL1110100,17826,0
IL1110150,40661,0
IL1110200,4702,0
IL1110250,9469,0
IL1110300,1368,0
IL1110350,28495,1
IL1110400,28661,0
IL1110600,22335,0
IL1110650,7572,0
IL1110750,2089,0
IL1110900,594,0
IL1110950,25630,1
IL1115020,1862,0
IL1115080,1124,0
IL1115125,1012,0
IL1115145,170,0
IL1115150,855,0
IL1115189,125,0
IL1115250,728,0
IL1115350,868,0
IL1115400,1232,0
IL1115600,485,0
IL1115700,8300,1
IL1115730,148,0
IL1115750,3870,1
IL1115760,4267,0
IL1115800,775,0
IL1115850,1950,0
IL1130040,1800,0
IL1130050,160,0
IL1130060,495,1
IL1130080,1360,1
IL1130100,315,0
IL1130150,343,0
IL1130200,77610,0
IL1130210,390,1
IL1130250,562,0
IL1130300,1785,2
IL1130350,989,0
IL1130400,157,1
IL1130450,1089,0
IL1130500,1201,0
IL1130550,225,0
IL1130600,1411,0
IL1130650,2853,0
IL1130700,1847,0
IL1130750,3498,2
IL1130800,1930,1
IL1130850,791,0
IL1130900,52736,0
IL1130950,679,0
IL1131000,600,0
IL1131050,480,0
IL1135100,193,0
IL1135120,900,0
IL1135130,250,0
IL1135140,200,0
IL1135150,65,0
IL1135250,210,0
IL1135265,120,0
IL1135385,50,0
IL1135510,6600,0
IL1135689,140,1
IL1135785,343,1
IL1150020,232,0
IL1150050,900,0
IL1150100,1300,1
IL1150150,76122,0
IL1150160,500,0
IL1150200,3490,0
IL1150210,1320,0
IL1150250,1205,0
IL1150300,1700,0
IL1150350,5833,2
IL1150400,648,0
IL1150450,892,0
IL1150500,1230,1
IL1155150,7850,0
IL1170010,695,1
IL1170030,785,1
IL1170040,1883,1
IL1170050,1612,1
IL1170060,838,1
IL1170100,1760,0
IL1170150,6598,0
IL1170200,184,1
IL1170250,540,1
IL1170300,127,2
IL1170400,3737,2
IL1170450,1885,0
IL1170500,174,2
IL1170550,484,0
IL1170600,182,1
IL1170650,311,1
IL1170700,2193,1
IL1170750,1394,0
IL1170800,605,1
IL1170830,235,0
IL1170850,578,2
IL1170950,541,0
IL1171050,5756,0
IL1171100,3274,0
IL1171150,485,0
IL1171200,536,1
IL1174160,5041,0
IL1175100,1250,0
IL1175150,110,1
IL1175200,1318,0
IL1190030,166,0
IL1190050,755,0
IL1190080,3470,0
IL1190110,339,0
IL1190120,387,0
IL1190150,15210,0
IL1190200,5786,0
IL1190250,26808,0
IL1190260,203,0
IL1190270,168,0
IL1190300,12618,0
IL1190350,1766,1
IL1190400,175,0
IL1190450,1087,0
IL1190500,1260,0
IL1190550,10674,0
IL1190600,825,0
IL1190700,1037,0
IL1190750,10150,0
IL1190900,1517,0
IL1190950,1835,1
IL1190970,1891,0
IL1191000,16962,0
IL1191150,10464,0
IL1191200,1096,0
IL1194280,29500,0
IL1194760,1709,0
IL1195030,33572,0
IL1195110,2840,1
IL1195150,46127,0
IL1195160,720,0
IL1195180,138,0
IL1195200,1778,0
IL1195210,5253,0
IL1195220,7940,0
IL1195250,723,1
IL1195280,3975,0
IL1195300,3325,0
IL1195350,188,1
IL1195450,3575,2
IL1195550,2817,0
IL1210020,2945,0
IL1210030,3220,0
IL1210050,336,0
IL1210150,512,0
IL1210200,494,0
IL1210300,940,0
IL1210350,2543,0
IL1210400,545,0
IL1210450,7905,0
IL1210500,1422,0
IL1210600,1180,0
IL1214220,12182,0
IL1214920,1030,0
IL1215100,7080,0
IL1215510,290,0
IL1230050,2230,0
IL1230100,1878,0
IL1230150,96,0
IL1230200,358,0
IL1230250,1348,0
IL1230300,342,1
IL1234950,974,1
IL1235100,146,0
IL1235125,68,0
IL1235150,420,1
IL1235200,1295,0
IL1250010,222,1
IL1250100,325,1
IL1250200,2963,0
IL1250300,1552,0
IL1250350,2393,0
IL1254840,479,0
IL1270050,730,1
IL1270100,445,0
IL1270150,6309,0
IL1275050,6290,1
IL1290010,753,0
IL1290050,4575,0
IL1290100,858,0
IL1290150,234,0
IL1290200,4725,0
IL1290250,868,0
IL1295100,128,0
IL1310050,3470,0
IL1310100,377,0
IL1310150,747,0
IL1310200,651,0
IL1310250,613,0
IL1310300,172,0
IL1310350,214,0
IL1310400,785,0
IL1310450,970,0
IL1310500,740,1
IL1315050,760,0
IL1315150,98,0
IL1315200,109,0
IL1315300,93,0
IL1330020,3650,1
IL1330050,11129,0
IL1330150,429,1
IL1330200,340,0
IL1330250,1263,0
IL1330300,10190,0
IL1350010,2045,1
IL1350020,2075,1
IL1350050,253,2
IL1350100,317,0
IL1350150,647,0
IL1350200,784,0
IL1350250,313,1
IL1350300,4402,0
IL1350350,373,0
IL1350400,6648,1
IL1350450,2370,0
IL1350550,974,0
IL1350600,563,0
IL1350650,724,0
IL1350700,186,0
IL1350850,785,0
IL1354500,191,0
IL1355100,2155,0
IL1370010,53,0
IL1370020,442,1
IL1370030,3110,0
IL1370040,968,2
IL1370050,658,1
IL1370100,295,0
IL1370150,800,0
IL1370200,19903,0
IL1370250,130,1
IL1370300,1075,0
IL1370400,3501,1
IL1370450,1194,0
IL1375050,2763,0
IL1375150,1403,0
IL1390100,1475,0
IL1390150,454,0
IL1390250,1024,0
IL1390300,4729,0
IL1394040,2300,0
IL1395150,2600,0
IL1410030,2344,0
IL1410040,70,0
IL1410100,3784,0
IL1410150,627,0
IL1410200,1338,0
IL1410250,1224,0
IL1410300,403,0
IL1410350,2861,0
IL1410400,3449,1
IL1410450,2355,0
IL1410500,9446,0
IL1410550,1200,0
IL1415050,290,0
IL1415100,704,0
IL1415165,78,0
IL1415185,395,0
IL1415220,125,0
IL1415245,191,0
IL1415250,68,0
IL1415265,447,0
IL1415285,370,1
IL1415300,38,0
IL1415330,425,0
IL1415350,298,0
IL1430020,2023,1
IL1430030,2243,1
IL1430070,325,0
IL1430080,45,0
IL1430150,856,0
IL1430200,6660,0
IL1430250,1603,0
IL1430300,2058,0
IL1430350,1193,0
IL1430400,1253,0
IL1430450,259,0
IL1430500,261,0
IL1430750,1901,0
IL1434750,5908,0
IL1435030,137575,0
IL1435150,113,0
IL1435170,183,0
IL1435220,72,0
IL1435470,3783,1
IL1435490,68,0
IL1435750,203,0
IL1450010,2470,0
IL1450050,463,1
IL1450100,7169,1
IL1450150,5804,2
IL1450250,2197,0
IL1450260,53,0
IL1450300,799,0
IL1470050,1661,1
IL1470100,1433,0
IL1470150,242,0
IL1470200,446,1
IL1470250,478,0
IL1470300,939,0
IL1470350,5548,0
IL1470360,93,0
IL1475050,685,0
IL1490050,1318,0
IL1490100,180,0
IL1490300,1097,0
IL1490350,435,0
IL1490400,322,0
IL1490450,271,0
IL1490500,280,1
IL1490550,359,0
IL1490650,166,0
IL1490700,388,0
IL1490750,4697,0
IL1490800,1004,0
IL1495000,5375,0
IL1510100,630,3
IL1515050,5565,4
IL1530050,432,0
IL1530100,526,0
IL1530150,1135,0
IL1530250,435,0
IL1530300,202,1
IL1530350,496,0
IL1550010,185,0
IL1550050,1359,0
IL1550150,258,0
IL1550200,244,0
IL1550250,555,1
IL1550300,203,0
IL1555050,450,1
IL1555100,750,0
IL1570010,2330,0
IL1570050,601,0
IL1570100,8407,0
IL1570150,1052,0
IL1570200,403,0
IL1570250,660,0
IL1570350,961,0
IL1570400,759,1
IL1570450,3804,1
IL1570550,341,0
IL1570600,4395,1
IL1570650,1960,3
IL1570700,740,0
IL1575550,2950,0
IL1590050,172,0
IL1590100,190,0
IL1590150,805,1
IL1590200,8877,0
IL1590220,52,1
IL1590250,356,0
IL1595050,563,1
IL1610050,1184,0
IL1610100,2134,1
IL1610120,148,0
IL1610140,48,0
IL1610150,640,1
IL1610160,732,0
IL1610170,100,0
IL1610250,21374,0
IL1610300,1863,0
IL1610350,503,1
IL1610400,4945,0
IL1610410,448,0
IL1610450,44500,0
IL1610550,1678,0
IL1610600,962,0
IL1610650,39018,0
IL1610700,7473,1
IL1614260,3873,0
IL1614800,508,0
IL1615100,160,0
IL1615120,63,0
IL1615130,43,0
IL1615140,53,0
IL1615150,150,0
IL1615170,450,0
IL1615185,200,1
IL1615250,495,0
IL1615310,56,0
IL1615330,99,0
IL1615387,7800,0
IL1615450,35,0
IL1615490,66,0
IL1615510,60,0
IL1615520,138,0
IL1615530,163,0
IL1615540,44,0
IL1615550,391,0
IL1615580,91,0
IL1615670,300,0
IL1615728,60,0
IL1615750,1450,3
IL1615780,77,0
IL1615800,75,0
IL1615850,120,0
IL1617120,500,0
IL1617635,350,0
IL1617665,200,0
IL1617785,138,0
IL1617925,490,1
IL1630030,563,0
IL1630250,13798,0
IL1630350,4684,0
IL1630550,490,0
IL1630600,4707,0
IL1630650,4714,0
IL1630700,616,0
IL1630750,1921,0
IL1630800,8759,0
IL1630850,4071,0
IL1631050,1970,0
IL1631100,46603,0
IL1631150,580,0
IL1631200,628,0
IL1631300,4381,0
IL1631350,347,0
IL1635000,12528,0
IL1635040,131368,0
IL1635050,1500,1
IL1635055,368,0
IL1635060,463,1
IL1635070,1863,0
IL1635080,250,0
IL1635090,385,0
IL1635237,6779,0
IL1635300,313,0
IL1650050,2085,0
IL1650150,887,0
IL1650200,8524,1
IL1650250,171,0
IL1654880,234,0
IL1655030,4715,1
IL1655050,1255,0
IL1655110,1140,0
IL1655120,605,0
IL1655200,1970,1
IL1655300,3921,3
IL1670050,4574,0
IL1670060,420,0
IL1670070,912,0
IL1670080,134,0
IL1670090,813,0
IL1670100,47,0
IL1670110,116,1
IL1670120,220,0
IL1670130,220,0
IL1670140,92,1
IL1670160,120,0
IL1670170,154,0
IL1670180,84,0
IL1670190,44,0
IL1670200,358,0
IL1670210,152,0
IL1670220,114,0
IL1670225,352,0
IL1670230,1025,2
IL1670240,176,0
IL1670250,350,0
IL1670260,43,0
IL1670300,16423,0
IL1670400,2375,0
IL1670450,1100,0
IL1670500,1405,0
IL1670550,1037,1
IL1670600,1600,0
IL1670700,812,0
IL1670800,1380,1
IL1670850,2700,0
IL1670900,1508,0
IL1670950,4279,0
IL1671000,3856,0
IL1671200,117444,0
IL1671210,114,0
IL1671250,721,0
IL1671300,6198,0
IL1675150,1170,0
IL1675185,464,0
IL1675300,754,0
IL1675350,6651,0
IL1690020,565,0
IL1690050,117,1
IL1690200,3375,0
IL1695100,1000,0
IL1695200,2358,0
IL1710010,820,1
IL1710020,493,0
IL1710100,748,0
IL1710250,297,0
IL1710350,1589,0
IL1715050,475,0
IL1730050,612,0
IL1730100,750,1
IL1730150,358,1
IL1730200,1785,0
IL1730300,5600,0
IL1730350,386,0
IL1730400,734,0
IL1730500,500,0
IL1730550,1200,1
IL1750050,676,0
IL1750100,250,1
IL1750150,1193,1
IL1750200,1300,0
IL1770050,663,0
IL1770100,500,0
IL1770150,589,0
IL1770200,23930,0
IL1770250,463,0
IL1770300,2680,0
IL1770350,780,0
IL1770400,790,0
IL1770500,293,0
IL1770550,350,1
IL1775050,600,0
IL1775235,75,0
IL1775255,150,0
IL1790030,1635,0
IL1790050,310,0
IL1790100,4934,0
IL1790150,1743,0
IL1790200,22284,0
IL1790250,638,0
IL1790300,830,0
IL1790350,3399,0
IL1790400,2974,0
IL1790450,1180,0
IL1790500,17111,0
IL1790550,1478,0
IL1790650,996,0
IL1790700,2114,0
IL1790750,14793,0
IL1794320,647,0
IL1795030,240,1
IL1795040,31731,0
IL1795050,215,0
IL1795200,2185,0
IL1795300,40,0
IL1795345,248,0
IL1795365,89,0
IL1795450,215,1
IL1795495,65,0
IL1795730,300,0
IL1795750,98,0
IL1795780,7625,1
IL1795800,120,0
IL1797050,1143,0
IL1810050,4910,2
IL1810150,1267,0
IL1810200,736,0
IL1810250,1799,1
IL1815050,26,0
IL1815100,2365,1
IL1815150,1015,0
IL1815500,533,1
IL1815550,738,0
IL1830050,270,1
IL1830150,2380,0
IL1830250,690,0
IL1830300,485,0
IL1830350,4200,0
IL1830450,5802,0
IL1830500,219,0
IL1830600,1600,0
IL1830650,685,1
IL1830700,500,1
IL1830750,973,0
IL1830800,1331,0
IL1830850,557,0
IL1830950,3917,0
IL1834020,290,0
IL1835050,160,2
IL1835120,30106,0
IL1835200,112,2
IL1835250,900,0
IL1835300,300,0
IL1850010,1877,0
IL1850050,458,0
IL1850100,297,0
IL1850150,234,0
IL1850200,7015,1
IL1870050,714,0
IL1870100,304,0
IL1870150,8902,1
IL1870200,915,0
IL1874000,836,0
IL1875050,438,0
IL1890100,565,0
IL1890150,200,0
IL1890200,658,0
IL1890250,1081,0
IL1890300,3230,0
IL1890350,343,0
IL1890400,1457,0
IL1890450,193,0
IL1890500,251,0
IL1895400,1020,0
IL1895500,35,0
IL1895600,11374,0
IL1910010,3516,0
IL1910020,1578,3
IL1910050,634,0
IL1910100,6202,1
IL1910200,355,0
IL1910350,128,2
IL1910400,244,1
IL1910450,1239,0
IL1915050,948,1
IL1915100,1285,2
IL1930010,486,0
IL1930020,800,0
IL1930100,6307,0
IL1930150,1091,0
IL1930200,1064,0
IL1930300,224,0
IL1930350,2155,0
IL1930450,176,1
IL1934460,1613,0
IL1950050,846,1
IL1950200,1479,2
IL1950250,3346,1
IL1950300,537,0
IL1950350,4188,0
IL1950400,2100,1
IL1950450,8620,0
IL1950550,689,1
IL1955040,14782,0
IL1955135,232,0
IL1955165,120,0
IL1955225,75,0
IL1970020,884,0
IL1970030,707,0
IL1970050,4713,0
IL1970060,800,0
IL1970070,630,0
IL1970100,24543,0
IL1970130,566,0
IL1970140,96,0
IL1970150,6194,0
IL1970200,13380,0
IL1970250,21169,1
IL1970300,8275,0
IL1970350,2229,0
IL1970400,24000,0
IL1970410,2322,0
IL1970450,160000,1
IL1970460,486,0
IL1970465,217,0
IL1970500,23100,0
IL1970550,10340,0
IL1970600,19887,0
IL1970650,5148,0
IL1970700,27690,0
IL1970750,4182,0
IL1970800,50000,0
IL1970850,2012,0
IL1970900,50458,0
IL1971100,5700,0
IL1974151,73978,0
IL1975030,7002,1
IL1975040,1225,0
IL1975080,18645,0
IL1975105,94,0
IL1975140,1338,0
IL1975180,400,0
IL1975195,25,0
IL1975200,777,0
IL1975210,117,0
IL1975225,328,0
IL1975280,833,0
IL1975376,54,0
IL1975385,1528,0
IL1975400,570,0
IL1975480,1435,0
IL1975520,180,0
IL1975600,1320,1
IL1975880,744,0
IL1975930,868,0
IL1977070,984,0
IL1977210,312,0
IL1977490,2000,1
IL1977730,300,0
IL1977870,5100,0
IL1977910,992,2
IL1990050,285,0
IL1990100,1727,0
IL1990120,253,0
IL1990150,6528,0
IL1990200,506,1
IL1990250,1711,0
IL1990300,683,1
IL1990350,984,0
IL1990400,12747,0
IL1990450,782,1
IL1990500,3509,1
IL1990550,16855,0
IL1990560,170,0
IL1990600,2948,0
IL1994420,373,1
IL1995050,1185,0
IL1995100,1065,1
IL1995120,3927,0
IL1995160,1428,2
IL1995200,11368,1
IL1995247,1544,0
IL1995250,4023,0
IL1995350,807,2
IL1997037,25,0
IL2010030,650,0
IL2010050,4731,0
IL2010070,1493,0
IL2010080,100,0
IL2010100,1427,1
IL2010150,23335,0
IL2010250,2195,0
IL2010300,147051,0
IL2010350,7685,1
IL2010450,7893,0
IL2010460,507,0
IL2010470,100,1
IL2010500,2940,0
IL2015050,82,0
IL2015100,150,1
IL2015150,608,0
IL2015160,270,0
IL2015300,250,0
IL2015320,2342,0
IL2015345,240,0
IL2015400,490,0
IL2015425,90,0
IL2015495,250,1
IL2015500,35580,0
IL2015545,325,0
IL2015625,80,2
IL2015645,83,0
IL2015685,48,0
IL2030010,100,0
IL2030050,401,1
IL2030100,497,0
IL2030150,2812,0
IL2030200,5216,0
IL2030350,3895,0
IL2030400,1928,0
IL2030550,2000,0
IL2030600,351,5
IL2034450,936,0
IL2034940,1032,0
IL2035030,5125,0
IL2035050,98,0
IL2035100,200,0
IL2035125,200,0
IL2035165,200,0
IL2035200,93,0
IL2035225,120,0
IL2035300,300,1
IN5201001,4388,0
IN5201002,9900,0
IN5201003,1359,0
IN5201004,872,0
IN5201006,50,1
IN5201009,210,1
IN5202003,362,0
IN5202006,1163,1
IN5202007,14058,0
IN5202008,1400,0
IN5202009,15700,0
IN5202010,150,0
IN5202018,473,0
IN5202020,269994,1
IN5202024,1609,0
IN5202030,118,0
IN5202034,2076,0
IN5202037,1634,0
IN5203002,51122,0
IN5203003,35,1
IN5203004,13547,0
IN5203005,140,1
IN5203006,2113,0
IN5203008,8652,0
IN5204001,250,1
IN5204002,750,0
IN5204003,300,0
IN5204004,1262,0
IN5204005,1200,0
IN5204006,2342,0
IN5205002,5600,0
IN5205004,1515,0
IN5206001,500,0
IN5206002,57,2
IN5206003,16840,1
IN5206004,135,0
IN5206005,1600,0
IN5206008,1000,0
IN5206014,5880,0
IN5207001,15368,0
IN5207002,3315,0
IN5207004,3425,0
IN5208001,611,0
IN5208002,3200,0
IN5208003,2100,0
IN5208004,159,1
IN5209001,127,1
IN5209003,1258,0
IN5209004,232,0
IN5209005,94,0
IN5209008,861,0
IN5209010,1040,0
IN5209012,18369,0
IN5210002,11000,2
IN5210003,8658,0
IN5210005,104445,0
IN5210006,6813,0
IN5210009,8630,1
IN5210010,15655,0
IN5210012,75,2
IN5210015,4315,0
IN5210016,15750,0
IN5210022,610,0
IN5211001,12000,0
IN5211002,1088,0
IN5211003,625,0
IN5211004,1152,1
IN5211006,1523,1
IN5211007,550,1
IN5211009,45,0
IN5212001,690,0
IN5212002,90,0
IN5212003,16422,0
IN5212004,788,1
IN5212005,1252,0
IN5212007,1653,0
IN5212010,26,0
IN5213001,2678,0
IN5213002,886,0
IN5213003,250,2
IN5213004,233,0
IN5213006,2000,1
IN5213007,1038,2
IN5214001,510,0
IN5214002,7969,0
IN5214003,620,0
IN5214004,900,0
IN5214005,1703,0
IN5214007,13690,1
IN5215001,6415,0
IN5215002,2000,0
IN5215003,5092,0
IN5215004,5529,0
IN5215005,1238,1
IN5215006,5000,1
IN5215007,5375,0
IN5215008,5775,0
IN5215009,10435,0
IN5216002,12650,1
IN5216003,1500,0
IN5216004,1096,2
IN5216005,1725,4
IN5216008,3440,0
IN5217001,12800,0
IN5217002,166,1
IN5217003,2700,0
IN5217004,6390,0
IN5217006,460,2
IN5217007,2242,0
IN5217008,255,0
IN5218001,2165,0
IN5218002,37,0
IN5218003,150,0
IN5218004,25,1
IN5218005,126,0
IN5218006,1595,0
IN5218008,838,0
IN5218011,290,0
IN5218012,74030,0
IN5218014,6200,0
IN5218016,65,0
IN5218020,69,1
IN5218027,1560,0
IN5218028,48,1
IN5219001,972,1
IN5219002,9078,0
IN5219003,825,0
IN5219004,2918,0
IN5219006,1200,0
IN5219007,6526,1
IN5219008,4395,0
IN5219009,17440,0
IN5219010,1813,0
IN5219011,3293,0
IN5219012,13503,0
IN5220001,238,1
IN5220003,1805,0
IN5220007,96,0
IN5220008,46455,0
IN5220009,32267,0
IN5220012,972,1
IN5220014,3420,0
IN5220015,957,0
IN5220016,6800,0
IN5220021,84,1
IN5220027,1418,0
IN5220029,1998,0
IN5220031,55,0
IN5220032,332,0
IN5220035,60,0
IN5220037,1042,0
IN5221001,13282,0
IN5221002,1800,0
IN5221003,32,0
IN5221004,500,0
IN5221007,38,0
IN5222001,10442,0
IN5222002,6690,0
IN5222003,3605,0
IN5222004,4920,0
IN5223001,3147,0
IN5223002,2645,1
IN5223003,540,1
IN5223004,560,2
IN5223005,2299,0
IN5224001,2800,0
IN5224002,8200,0
IN5224004,800,1
IN5224006,880,2
IN5225001,1206,0
IN5225003,678,0
IN5225004,75,0
IN5225005,40,0
IN5225006,6218,0
IN5226001,4020,1
IN5226002,900,0
IN5226003,1600,2
IN5226004,288,0
IN5226005,2938,0
IN5226006,2148,0
IN5226007,750,1
IN5226008,10875,0
IN5226009,4835,0
IN5227003,80,1
IN5227005,2756,0
IN5227006,6000,0
IN5227007,50,0
IN5227008,101,0
IN5227010,2034,0
IN5227014,28363,0
IN5227020,975,0
IN5227022,3308,0
IN5227023,864,2
IN5228001,3772,0
IN5228003,19028,0
IN5228004,3660,0
IN5228005,7430,0
IN5228006,1125,1
IN5228007,249,0
IN5228009,888,0
IN5229001,1515,0
IN5229002,735,0
IN5229003,37,0
IN5229004,99927,1
IN5229005,5607,0
IN5229009,61493,0
IN5229011,27,1
IN5229012,90,0
IN5229014,4435,0
IN5229015,45575,0
IN5229017,35,0
IN5229020,350,0
IN5229023,97,0
IN5229024,393,0
IN5229025,113,1
IN5229027,125,0
IN5230001,65,0
IN5230003,7638,0
IN5230004,26671,0
IN5230005,190,0
IN5230008,1837,0
IN5230010,50,0
IN5230012,65,0
IN5231001,5716,0
IN5231003,1009,1
IN5231004,4425,0
IN5231005,16475,1
IN5231006,9057,0
IN5231007,4450,0
IN5232002,31250,0
IN5232004,10500,0
IN5232007,4500,0
IN5232012,36,0
IN5232017,515,0
IN5232019,4113,0
IN5232020,34477,0
IN5232026,488,1
IN5232028,40,1
IN5233001,3160,0
IN5233002,107,0
IN5233005,2182,0
IN5233006,392,0
IN5233008,2050,0
IN5233009,350,0
IN5233011,19880,0
IN5233013,960,0
IN5233016,969,0
IN5234001,150,0
IN5234002,248,0
IN5234003,455,0
IN5234006,2500,0
IN5234007,59313,0
IN5234008,1178,0
IN5234009,102,0
IN5234010,55,0
IN5234011,25,0
IN5234013,48,0
IN5234014,175,0
IN5235001,1149,1
IN5235004,486,2
IN5235005,17300,1
IN5235006,1095,0
IN5235009,1722,0
IN5235011,451,0
IN5235012,1237,1
IN5235014,80,1
IN5236001,1875,0
IN5236003,13667,0
IN5236004,873,0
IN5236005,20725,0
IN5236008,1080,0
IN5236009,1560,1
IN5236010,61,0
IN5237002,654,0
IN5237004,1182,2
IN5237005,6200,0
IN5237015,4054,0
IN5237016,63,1
IN5238001,2305,0
IN5238006,706,0
IN5238007,6209,0
IN5238008,1323,0
IN5239001,4428,0
IN5239003,2597,0
IN5239004,6750,0
IN5239005,1375,0
IN5239006,15323,0
IN5239007,2050,0
IN5239010,1250,0
IN5240001,900,0
IN5240002,2955,0
IN5240004,3865,0
IN5240005,2395,1
IN5240006,8370,0
IN5240007,40,0
IN5240008,6500,1
IN5240009,538,0
IN5240012,250,1
IN5241001,34418,0
IN5241002,4480,0
IN5241005,86813,0
IN5241007,4095,0
IN5241009,5955,0
IN5241010,654,0
IN5241014,1490,0
IN5241015,5300,0
IN5242001,4064,0
IN5242003,449,1
IN5242004,273,0
IN5242005,488,2
IN5242006,1175,1
IN5242008,813,0
IN5242009,832,0
IN5242011,449,1
IN5242014,18701,0
IN5242016,474,0
IN5242018,3525,0
IN5243002,413,0
IN5243003,663,0
IN5243005,75,2
IN5243006,500,0
IN5243007,110,0
IN5243008,470,0
IN5243010,192,2
IN5243011,345,0
IN5243012,93,0
IN5243013,1001,0
IN5243014,210,1
IN5243015,122,0
IN5243016,113,0
IN5243017,1556,0
IN5243018,928,0
IN5243019,46,0
IN5243021,1030,0
IN5243024,333,0
IN5243025,2810,0
IN5243028,417,1
IN5243030,13835,0
IN5243031,30,1
IN5243032,593,0
IN5243033,598,0
IN5243040,44,0
IN5243047,44,3
IN5243052,55,0
IN5243053,62,0
IN5243063,39,1
IN5243064,30,3
IN5244001,653,0
IN5244002,215,0
IN5244003,2625,0
IN5244005,46,2
IN5244006,703,0
IN5244008,1178,0
IN5244010,1035,1
IN5244011,60,0
IN5244013,67,0
IN5245001,712,0
IN5245002,45,0
IN5245004,79,0
IN5245005,200,0
IN5245008,30000,0
IN5245009,210,1
IN5245011,16800,0
IN5245012,26370,0
IN5245014,100,1
IN5245015,210510,0
IN5245017,1350,0
IN5245019,16893,0
IN5245020,78384,0
IN5245021,23984,0
IN5245028,40,0
IN5245029,11908,1
IN5245031,23894,0
IN5245032,5500,0
IN5245034,45,0
IN5245041,30000,0
IN5245042,267,0
IN5245043,25700,0
IN5245046,8000,0
IN5245047,4600,1
IN5245048,4900,0
IN5245050,34,0
IN5245053,265,0
IN5245054,70,0
IN5245055,150,0
IN5245067,950,0
IN5246001,2850,0
IN5246002,63,1
IN5246004,2013,0
IN5246005,99,1
IN5246006,46,1
IN5246008,300,0
IN5246009,34,1
IN5246011,86,1
IN5246012,307,1
IN5246013,240,0
IN5246014,1800,0
IN5246015,540,0
IN5246017,22197,1
IN5246020,33996,0
IN5246023,70,1
IN5246024,100,0
IN5246026,35,2
IN5246028,2050,0
IN5246029,1800,0
IN5246031,315,1
IN5246032,1099,0
IN5246033,1050,0
IN5246038,90,1
IN5247001,14000,0
IN5247002,8000,0
IN5247003,5000,1
IN5247004,11625,0
IN5247005,1315,2
IN5247007,6395,0
IN5248001,5149,0
IN5248002,55212,1
IN5248004,2800,0
IN5248006,2053,0
IN5248007,8586,1
IN5248008,1800,0
IN5248010,1078,0
IN5248012,7600,0
IN5248013,2379,1
IN5248017,400,0
IN5248019,5758,1
IN5248021,128,0
IN5248026,65,0
IN5249004,880345,0
IN5249005,49000,2
IN5249008,10578,0
IN5250001,1680,0
IN5250002,1767,0
IN5250003,4516,1
IN5250004,1940,0
IN5250005,1391,0
IN5250006,50,0
IN5250007,73,0
IN5250010,10241,0
IN5250012,202,0
IN5250014,85,0
IN5250015,32,0
IN5250016,680,0
IN5251002,293,0
IN5251003,6538,0
IN5251004,3485,0
IN5251005,2800,0
IN5251007,1296,0
IN5252001,52,0
IN5252003,900,0
IN5252006,1265,0
IN5252007,265,2
IN5252008,100,0
IN5252009,98,0
IN5252010,25,2
IN5252011,2500,0
IN5252012,70,0
IN5252013,250,0
IN5252016,11417,0
IN5252017,168,0
IN5252019,29,0
IN5252022,150,0
IN5252024,60,1
IN5253001,4695,0
IN5253002,83000,1
IN5253003,3648,0
IN5253004,14500,0
IN5253006,90,4
IN5253007,8877,0
IN5253008,6670,0
IN5253009,3825,0
IN5253014,95,0
IN5253015,870,0
IN5254003,860,0
IN5254005,15930,0
IN5254006,1180,0
IN5254007,759,0
IN5254008,765,2
IN5254009,330,0
IN5254012,605,0
IN5254013,953,0
IN5254014,299,0
IN5254019,30,1
IN5255002,1600,0
IN5255004,1725,0
IN5255006,10083,0
IN5255009,15000,0
IN5255010,8800,0
IN5255011,1000,0
IN5255012,1560,0
IN5255013,650,0
IN5255017,752,0
IN5255019,5705,0
IN5255021,8200,0
IN5255022,3078,0
IN5255023,340,0
IN5256002,986,0
IN5256003,990,0
IN5256005,1735,0
IN5256006,1200,0
IN5256008,270,1
IN5256009,130,0
IN5256011,44,1
IN5256014,140,0
IN5257001,2349,1
IN5257002,2700,0
IN5257004,550,0
IN5257006,350,0
IN5257008,10300,0
IN5257010,4405,0
IN5257011,47,0
IN5257016,51,0
IN5257018,21,0
IN5257022,66,0
IN5257023,186,0
IN5257024,94,1
IN5257026,31,0
IN5258001,4787,2
IN5258002,2400,0
IN5259002,3188,0
IN5259003,2260,0
IN5259004,3677,0
IN5260001,9903,0
IN5260002,3215,0
IN5260003,849,1
IN5261001,562,2
IN5261002,1000,2
IN5261003,417,0
IN5261004,905,0
IN5261005,1022,5
IN5261006,4195,1
IN5261007,810,0
IN5262001,2833,0
IN5262002,1658,0
IN5262003,1798,0
IN5262004,9315,0
IN5262005,1223,1
IN5262006,700,0
IN5263001,2100,0
IN5263002,4018,0
IN5263003,10000,1
IN5263004,430,1
IN5263006,1010,0
IN5263007,705,0
IN5264003,500,0
IN5264009,3724,0
IN5264013,2028,0
IN5264017,390,1
IN5264029,36000,0
IN5264033,2441,0
IN5264040,1110,1
IN5264041,150,0
IN5265004,699,0
IN5265006,6426,0
IN5265007,1633,0
IN5265008,1400,3
IN5266001,969,1
IN5266003,614,0
IN5266005,2400,0
IN5267001,830,1
IN5267002,500,0
IN5267003,2225,0
IN5267004,12699,0
IN5267005,2505,0
IN5267006,2800,0
IN5267007,980,0
IN5267008,405,0
IN5267009,1431,0
IN5267010,830,0
IN5267012,510,0
IN5268002,1301,0
IN5268003,5405,0
IN5268004,1097,0
IN5268007,1400,1
IN5268008,825,0
IN5268010,3513,0
IN5268012,50,1
IN5268013,450,0
IN5269001,7323,0
IN5269002,8660,0
IN5269003,2070,1
IN5269004,1692,0
IN5269005,1058,0
IN5269006,2200,0
IN5269007,5564,0
IN5269008,2363,0
IN5270001,1000,0
IN5270002,313,2
IN5270003,900,0
IN5270005,6800,0
IN5270007,262,0
IN5271002,25,0
IN5271008,750,0
IN5271009,49675,0
IN5271010,1896,0
IN5271011,1861,0
IN5271012,400,0
IN5271014,115000,0
IN5271016,25,1
IN5271017,2262,0
IN5271018,645,0
IN5271020,7400,0
IN5271024,384,0
IN5271025,2111,0
IN5271026,145,0
IN5271029,60,0
IN5272001,7369,0
IN5272002,17718,0
IN5273001,99,0
IN5273002,19093,0
IN5273003,1218,0
IN5273004,75,0
IN5273005,98,1
IN5273006,800,0
IN5273007,58,0
IN5273008,27,0
IN5273009,53,0
IN5274001,823,0
IN5274002,1637,0
IN5274003,2672,0
IN5274004,1625,0
IN5274005,765,0
IN5274007,2520,1
IN5274009,3875,0
IN5274010,3683,0
IN5274013,658,0
IN5275001,801,0
IN5275002,3700,0
IN5275003,1800,0
IN5276001,9340,0
IN5276002,983,0
IN5276003,56,1
IN5276006,2138,0
IN5276008,182,0
IN5276011,120,0
IN5276012,96,2
IN5276013,30,1
IN5276015,55,2
IN5276018,272,1
IN5276022,518,0
IN5276023,2675,0
IN5276024,30,0
IN5276025,27,0
IN5276026,200,0
IN5276027,530,0
IN5276036,112,2
IN5276041,35,0
IN5277001,1152,1
IN5277002,1935,0
IN5277003,2095,0
IN5277004,1015,0
IN5277005,380,0
IN5277006,2013,0
IN5277007,924,0
IN5277008,2500,0
IN5277009,6598,0
IN5277010,400,0
IN5278001,11937,0
IN5278002,1950,0
IN5279002,1940,1
IN5279006,660,0
IN5279013,70835,0
IN5279014,105,0
IN5279015,50000,0
IN5279016,95,0
IN5279017,200,0
IN5279020,35533,0
IN5279021,1420,0
IN5279023,90,0
IN5279026,360,2
IN5280003,553,1
IN5280004,5200,0
IN5280005,708,1
IN5281001,2133,0
IN5281003,34,0
IN5281029,525,0
IN5282002,182444,0
IN5282003,12890,0
IN5283002,1162,0
IN5283003,2300,0
IN5283004,4773,0
IN5283005,660,1
IN5283006,1386,0
IN5283007,735,1
IN5283008,495,1
IN5283009,470,0
IN5283010,750,0
IN5283011,473,2
IN5283013,50,0
IN5283014,135,0
IN5284002,2000,0
IN5284011,6393,0
IN5284012,67765,0
IN5284015,4075,0
IN5284018,1390,0
IN5284019,49,1
IN5284020,900,0
IN5284021,2765,0
IN5284022,260,1
IN5284027,50,0
IN5284029,75,0
IN5285002,245,0
IN5285003,12140,0
IN5285004,906,0
IN5285005,438,0
IN5285006,90,3
IN5285008,25,0
IN5285009,6100,0
IN5285011,60,1
IN5285012,85,2
IN5285013,400,0
IN5285014,30,1
IN5285019,50,1
IN5285020,416,0
IN5286002,37,2
IN5286003,723,0
IN5286004,1800,0
IN5287001,10260,0
IN5287002,20120,0
IN5287003,2122,0
IN5287004,22215,0
IN5287006,1200,2
IN5287007,4158,0
IN5287008,1838,0
IN5288001,900,0
IN5288002,8613,0
IN5288004,2150,0
IN5288005,8200,2
IN5288006,3500,0
IN5289001,35,1
IN5289002,1900,0
IN5289003,2533,1
IN5289004,150,1
IN5289005,790,0
IN5289006,735,0
IN5289008,1700,0
IN5289009,100,0
IN5289011,650,0
IN5289012,41485,0
IN5289013,25,0
IN5289014,100,0
IN5290001,10298,0
IN5290002,3289,0
IN5290003,45,1
IN5290004,325,0
IN5290005,50,0
IN5291002,1815,0
IN5291003,550,0
IN5291005,50,0
IN5291007,104,0
IN5291008,48,0
IN5291009,44,1
IN5291010,1700,1
IN5291011,5300,0
IN5291012,25,1
IN5291013,533,0
IN5291015,1001,0
IN5291019,390,1
IN5291020,25,0
IN5292002,300,0
IN5292003,1803,1
IN5292004,9892,0
IN5292006,215,0
IN5292007,1818,0
IN5292009,54,0
IN5292010,70,0
KS2000102,501,0
KS2000103,5343,0
KS2000105,484,0
KS2000107,45,0
KS2000109,125,1
KS2000110,736,0
KS2000111,1836,0
KS2000112,52,1
KS2000116,467,0
KS2000117,33,0
KS2000118,100,0
KS2000119,1,0
KS2000121,135,0
KS2000122,133,0
KS2000301,106,0
KS2000302,37,0
KS2000303,1200,0
KS2000304,3192,0
KS2000305,271,0
KS2000306,2093,0
KS2000307,377,0
KS2000311,2112,2
KS2000502,500,0
KS2000503,490,0
KS2000504,110,0
KS2000506,10694,0
KS2000507,248,0
KS2000508,158,0
KS2000510,670,0
KS2000511,3690,0
KS2000701,95,1
KS2000702,1723,0
KS2000703,66,0
KS2000704,245,0
KS2000705,84,0
KS2000706,164,0
KS2000707,869,0
KS2000708,147,0
KS2000709,230,0
KS2000901,28,0
KS2000903,2657,0
KS2000904,91,0
KS2000905,553,0
KS2000906,1989,0
KS2000907,368,3
KS2000911,14580,0
KS2000913,1000,0
KS2000914,128,0
KS2000915,176,0
KS2000916,190,0
KS2001101,1161,2
KS2001102,165,0
KS2001103,7050,0
KS2001104,7513,0
KS2001106,305,0
KS2001108,296,0
KS2001301,181,0
KS2001302,70,0
KS2001303,68,0
KS2001304,709,0
KS2001305,3246,0
KS2001306,1514,0
KS2001307,217,2
KS2001308,259,0
KS2001311,38,0
KS2001312,724,0
KS2001313,1,0
KS2001501,111,0
KS2001503,9267,0
KS2001505,1534,0
KS2001506,1565,0
KS2001507,946,0
KS2001510,1551,0
KS2001511,12810,0
KS2001512,225,0
KS2001513,1494,0
KS2001514,782,0
KS2001515,667,0
KS2001517,101,0
KS2001518,424,0
KS2001519,75,1
KS2001520,4269,0
KS2001523,666,0
KS2001524,1445,0
KS2001526,6457,0
KS2001530,2655,0
KS2001531,1455,2
KS2001532,1,0
KS2001701,455,0
KS2001702,52,0
KS2001703,821,0
KS2001704,42,0
KS2001705,330,0
KS2001706,27,1
KS2001709,1,0
KS2001901,56,0
KS2001902,475,2
KS2001903,1005,1
KS2001905,135,2
KS2001906,105,0
KS2001907,110,0
KS2001908,278,1
KS2001909,200,1
KS2001910,1,0
KS2001911,475,1
KS2002101,370,0
KS2002102,1500,0
KS2002105,73,0
KS2002106,943,0
KS2002107,1900,0
KS2002109,3852,3
KS2002110,2882,0
KS2002111,520,0
KS2002113,2743,0
KS2002114,566,0
KS2002115,150,1
KS2002116,158,0
KS2002117,480,0
KS2002120,900,0
KS2002121,1235,0
KS2002123,1,0
KS2002301,437,0
KS2002302,1292,0
KS2002501,752,0
KS2002502,770,0
KS2002503,54,0
KS2002701,4138,0
KS2002702,51,0
KS2002703,97,0
KS2002704,105,0
KS2002705,183,0
KS2002706,73,0
KS2002708,846,0
KS2002709,455,0
KS2002710,950,0
KS2002901,473,0
KS2002902,234,0
KS2002903,444,0
KS2002904,441,0
KS2002905,687,0
KS2002906,53,0
KS2002907,5032,0
KS2003101,2641,0
KS2003102,1146,0
KS2003103,312,0
KS2003104,883,0
KS2003105,412,0
KS2003106,1903,0
KS2003108,574,0
KS2003109,447,0
KS2003110,1254,0
KS2003301,77,0
KS2003302,503,0
KS2003303,173,1
KS2003304,672,0
KS2003501,226,0
KS2003502,169,0
KS2003503,514,0
KS2003504,92,0
KS2003505,2500,0
KS2003506,792,0
KS2003507,1500,0
KS2003508,2000,0
KS2003509,11929,0
KS2003510,658,0
KS2003511,500,0
KS2003512,600,0
KS2003513,11726,0
KS2003515,50,0
KS2003516,300,0
KS2003701,189,0
KS2003702,2200,0
KS2003703,430,0
KS2003704,425,0
KS2003705,20738,0
KS2003706,1580,0
KS2003707,823,0
KS2003708,372,0
KS2003710,411,1
KS2003711,257,0
KS2003713,1406,0
KS2003714,591,0
KS2003716,250,0
KS2003717,1460,0
KS2003718,2497,0
KS2003719,1915,0
KS2003720,3395,1
KS2003725,1,0
KS2003902,159,0
KS2003903,1639,0
KS2003904,80,0
KS2004101,312,3
KS2004102,2332,2
KS2004103,49,0
KS2004104,879,0
KS2004105,993,0
KS2004106,1703,0
KS2004107,80,0
KS2004108,1377,0
KS2004109,714,0
KS2004111,56,0
KS2004112,6468,0
KS2004116,46,0
KS2004117,160,2
KS2004301,437,0
KS2004302,1114,0
KS2004304,954,0
KS2004306,917,2
KS2004307,1457,0
KS2004308,1242,0
KS2004309,115,1
KS2004310,428,0
KS2004501,592,0
KS2004502,2500,0
KS2004503,95256,0
KS2004506,1400,0
KS2004507,4663,0
KS2004508,1163,0
KS2004509,3000,0
KS2004510,4882,0
KS2004511,6449,0
KS2004512,360,0
KS2004513,35000,0
KS2004515,1,0
KS2004701,98,0
KS2004702,390,2
KS2004703,1417,1
KS2004704,172,0
KS2004901,583,0
KS2004902,331,1
KS2004903,277,2
KS2004904,148,1
KS2004905,494,1
KS2004906,520,0
KS2005101,60,1
KS2005107,300,0
KS2005108,134,0
KS2005110,135,0
KS2005111,21040,0
KS2005113,200,0
KS2005114,2001,0
KS2005116,38,4
KS2005118,173,0
KS2005119,1149,0
KS2005121,125,0
KS2005122,383,0
KS2005124,340,0
KS2005301,836,0
KS2005303,140,0
KS2005304,453,0
KS2005305,409,1
KS2005306,2992,0
KS2005309,3128,0
KS2005502,950,0
KS2005509,2228,0
KS2005511,35126,0
KS2005527,1180,0
KS2005530,25,0
KS2005533,84,0
KS2005534,65,0
KS2005536,176,0
KS2005537,50,0
KS2005540,2200,0
KS2005543,1575,0
KS2005701,130,0
KS2005709,204,5
KS2005710,27104,1
KS2005711,719,0
KS2005712,796,0
KS2005901,244,1
KS2005902,168,0
KS2005904,442,0
KS2005905,400,0
KS2005906,12604,1
KS2005907,890,0
KS2005908,855,0
KS2005909,2960,0
KS2005911,85,2
KS2005912,252,0
KS2005913,2281,0
KS2005914,390,0
KS2005915,665,0
KS2005916,1933,0
KS2006102,78,0
KS2006103,216,1
KS2006105,1005,0
KS2006106,1663,0
KS2006108,19167,2
KS2006109,400,0
KS2006110,113,0
KS2006114,35784,0
KS2006301,257,0
KS2006302,321,0
KS2006303,83,1
KS2006304,117,0
KS2006305,958,0
KS2006501,115,1
KS2006503,1410,0
KS2006504,151,0
KS2006505,24,1
KS2006704,6410,0
KS2006901,951,0
KS2006902,249,0
KS2006903,1973,0
KS2006904,251,4
KS2006905,167,0
KS2007101,102,4
KS2007102,784,0
KS2007301,682,1
KS2007302,1062,0
KS2007303,180,4
KS2007304,129,0
KS2007305,1885,0
KS2007306,2289,0
KS2007307,48,3
KS2007308,200,1
KS2007309,400,1
KS2007501,78,0
KS2007502,1807,0
KS2007503,80,0
KS2007701,44,0
KS2007702,1273,0
KS2007703,506,0
KS2007705,275,0
KS2007706,50,0
KS2007707,2043,0
KS2007708,110,1
KS2007709,209,1
KS2007901,2165,0
KS2007902,3495,0
KS2007903,854,0
KS2007904,1598,0
KS2007905,18433,0
KS2007906,1829,0
KS2007907,3000,0
KS2007908,217,0
KS2007910,1,0
KS2008102,1045,3
KS2008103,1376,0
KS2008301,759,0
KS2008302,260,0
KS2008501,599,0
KS2008503,3329,0
KS2008504,155,0
KS2008505,145,0
KS2008507,149,0
KS2008508,102,0
KS2008509,141,0
KS2008510,4376,0
KS2008511,2500,0
KS2008512,356,0
KS2008513,196,0
KS2008514,1,0
KS2008701,450,0
KS2008702,858,0
KS2008703,599,0
KS2008704,2115,0
KS2008706,2343,0
KS2008708,2435,0
KS2008709,300,0
KS2008710,1086,1
KS2008712,483,0
KS2008713,1180,0
KS2008714,1086,0
KS2008715,352,0
KS2008716,343,0
KS2008717,3635,0
KS2008718,636,0
KS2008719,642,0
KS2008720,858,0
KS2008721,563,1
KS2008901,80,5
KS2008902,365,5
KS2008903,848,0
KS2008904,68,0
KS2008905,92,0
KS2008906,142,0
KS2008907,959,0
KS2009102,4645,1
KS2009103,1741,0
KS2009104,6457,0
KS2009106,23942,0
KS2009110,490000,0
KS2009115,143014,0
KS2009123,450,0
KS2009301,2166,0
KS2009302,692,2
KS2009501,462,0
KS2009502,280,0
KS2009503,3062,0
KS2009504,59,0
KS2009505,433,1
KS2009506,69,0
KS2009701,188,0
KS2009702,714,0
KS2009703,651,0
KS2009901,1044,0
KS2009902,68,0
KS2009903,383,0
KS2009904,1063,0
KS2009905,921,1
KS2009906,1635,0
KS2009908,1680,0
KS2009910,348,0
KS2009911,182,0
KS2009912,540,0
KS2009914,9479,2
KS2009916,1550,3
KS2009917,420,0
KS2009918,1,0
KS2009919,285,0
KS2010101,954,0
KS2010102,256,0
KS2010301,211,0
KS2010305,240,0
KS2010306,5702,0
KS2010307,110,0
KS2010308,2000,0
KS2010309,2500,0
KS2010310,419,0
KS2010311,12934,0
KS2010313,7302,0
KS2010315,499,0
KS2010317,38757,0
KS2010318,780,0
KS2010319,483,0
KS2010320,3000,0
KS2010321,4700,0
KS2010323,3200,0
KS2010501,1181,0
KS2010502,285,0
KS2010503,57,5
KS2010504,135,3
KS2010701,223,0
KS2010702,1200,0
KS2010703,1119,1
KS2010704,1238,2
KS2010705,207,0
KS2010706,236,0
KS2010707,1960,0
KS2010708,710,0
KS2010709,678,0
KS2010711,1,0
KS2010712,1008,0
KS2010901,2026,5
KS2010903,184,0
KS2011101,1595,0
KS2011102,159,0
KS2011103,130,0
KS2011105,24009,1
KS2011107,1310,0
KS2011108,750,0
KS2011109,200,0
KS2011110,980,0
KS2011111,356,0
KS2011112,513,0
KS2011113,479,0
KS2011114,182,0
KS2011301,176,0
KS2011302,596,0
KS2011304,1958,0
KS2011305,636,0
KS2011306,28,0
KS2011307,186,0
KS2011308,3496,0
KS2011309,13944,0
KS2011310,1316,0
KS2011312,870,0
KS2011313,699,0
KS2011314,93,0
KS2011315,565,0
KS2011501,232,1
KS2011502,86,0
KS2011503,387,1
KS2011504,558,0
KS2011505,2740,0
KS2011506,159,0
KS2011507,1902,0
KS2011508,175,0
KS2011509,932,1
KS2011510,780,0
KS2011511,1398,0
KS2011512,234,0
KS2011701,78,0
KS2011702,126,0
KS2011703,656,0
KS2011704,65,1
KS2011706,3417,0
KS2011708,717,0
KS2011710,921,0
KS2011711,398,1
KS2011712,199,0
KS2011713,1388,0
KS2011901,532,0
KS2011902,1506,0
KS2011903,1023,0
KS2012101,10311,0
KS2012103,5786,0
KS2012104,2435,0
KS2012105,4280,2
KS2012106,4994,0
KS2012107,216,0
KS2012108,1018,0
KS2012109,1,0
KS2012301,3407,5
KS2012302,345,5
KS2012303,447,0
KS2012304,873,3
KS2012305,359,0
KS2012306,51,0
KS2012307,81,4
KS2012309,2048,5
KS2012310,188,0
KS2012501,745,0
KS2012504,800,0
KS2012505,175,0
KS2012506,1092,0
KS2012507,340,0
KS2012508,8464,0
KS2012509,2450,0
KS2012511,376,0
KS2012512,2159,0
KS2012513,8847,1
KS2012516,428,0
KS2012517,1756,2
KS2012519,430,0
KS2012520,292,2
KS2012521,756,0
KS2012525,330,2
KS2012526,1113,0
KS2012701,215,0
KS2012702,2111,0
KS2012703,581,0
KS2012704,1788,0
KS2012705,139,0
KS2012706,25,0
KS2012901,1884,0
KS2012902,380,0
KS2013101,2519,0
KS2013102,2130,0
KS2013103,58,1
KS2013104,163,0
KS2013105,350,0
KS2013106,486,0
KS2013107,213,0
KS2013108,105,0
KS2013110,2800,0
KS2013111,348,0
KS2013112,448,0
KS2013301,200,0
KS2013302,55,0
KS2013303,625,0
KS2013305,314,0
KS2013307,8642,0
KS2013308,147,0
KS2013309,323,1
KS2013310,1037,0
KS2013312,433,0
KS2013314,1210,0
KS2013315,128,0
KS2013316,597,0
KS2013317,2095,0
KS2013320,670,0
KS2013321,437,0
KS2013322,1,0
KS2013501,253,0
KS2013502,101,0
KS2013503,1303,0
KS2013504,26,0
KS2013505,279,0
KS2013506,40,0
KS2013701,366,0
KS2013702,2758,1
KS2013703,50,0
KS2013705,206,0
KS2013706,46,1
KS2013901,1049,0
KS2013902,383,0
KS2013903,999,0
KS2013904,3875,0
KS2013905,351,0
KS2013906,1430,0
KS2013907,2809,0
KS2013910,900,0
KS2013911,651,0
KS2013912,440,2
KS2013913,287,0
KS2013914,1344,0
KS2013915,955,0
KS2013917,500,0
KS2013918,2240,0
KS2013919,1,0
KS2014101,804,0
KS2014102,100,0
KS2014103,81,0
KS2014104,86,1
KS2014105,1324,0
KS2014106,300,0
KS2014107,60,3
KS2014301,1948,0
KS2014302,271,0
KS2014303,635,0
KS2014304,198,0
KS2014305,306,0
KS2014306,115,0
KS2014307,1794,0
KS2014501,218,0
KS2014502,98,1
KS2014503,1900,0
KS2014505,3621,0
KS2014701,440,0
KS2014702,132,0
KS2014703,135,0
KS2014704,102,0
KS2014705,36,0
KS2014706,2254,0
KS2014707,200,0
KS2014708,52,1
KS2014709,432,0
KS2014901,170,0
KS2014902,190,0
KS2014903,125,0
KS2014904,1455,0
KS2014905,671,0
KS2014906,865,1
KS2014907,221,0
KS2014908,4860,0
KS2014909,716,0
KS2014910,850,0
KS2014912,7535,0
KS2014914,2781,0
KS2014916,203,0
KS2014917,998,4
KS2014918,120,0
KS2014922,1125,0
KS2014923,256,0
KS2015101,91,0
KS2015102,120,0
KS2015103,6573,3
KS2015104,83,1
KS2015105,68,0
KS2015107,155,5
KS2015301,1282,0
KS2015302,121,0
KS2015303,116,0
KS2015501,655,0
KS2015502,210,5
KS2015503,304,1
KS2015504,2498,0
KS2015505,1050,0
KS2015508,260,0
KS2015509,39712,1
KS2015510,150,2
KS2015511,431,3
KS2015512,81,0
KS2015513,1315,0
KS2015514,1149,0
KS2015516,450,1
KS2015517,635,0
KS2015518,200,5
KS2015519,75,0
KS2015701,139,0
KS2015702,548,0
KS2015703,288,0
KS2015704,2021,3
KS2015705,44,0
KS2015707,80,0
KS2015708,99,0
KS2015709,83,0
KS2015710,337,0
KS2015711,1293,3
KS2015901,85,0
KS2015902,2318,0
KS2015903,3556,0
KS2015904,474,0
KS2015905,199,2
KS2015906,390,0
KS2015907,231,0
KS2015908,900,0
KS2016102,50,1
KS2016103,199,0
KS2016109,345,0
KS2016112,54763,0
KS2016118,1200,0
KS2016119,460,0
KS2016120,436,0
KS2016124,977,0
KS2016126,167,0
KS2016128,1721,0
KS2016134,200,0
KS2016135,2108,0
KS2016301,1762,2
KS2016302,210,3
KS2016303,55,0
KS2016304,1380,0
KS2016305,115,0
KS2016306,40,0
KS2016307,95,0
KS2016308,380,4
KS2016501,178,0
KS2016502,154,1
KS2016503,49,0
KS2016504,39,0
KS2016505,297,0
KS2016506,144,3
KS2016507,1232,0
KS2016508,92,0
KS2016509,150,0
KS2016701,167,0
KS2016702,337,0
KS2016703,4388,1
KS2016704,1300,0
KS2016705,90,1
KS2016706,30,0
KS2016707,44,0
KS2016708,34,0
KS2016709,31,0
KS2016711,145,0
KS2016712,106,0
KS2016713,381,0
KS2016901,80,0
KS2016902,427,0
KS2016904,244,0
KS2016906,402,0
KS2016910,220,0
KS2016911,465,0
KS2016912,936,0
KS2016913,768,0
KS2016914,46481,0
KS2016917,418,0
KS2016918,298,0
KS2017101,3748,0
KS2017303,8503,0
KS2017304,8448,0
KS2017306,6045,0
KS2017308,395699,0
KS2017313,115,0
KS2017315,1460,0
KS2017316,1275,0
KS2017318,7419,0
KS2017319,783,0
KS2017322,11315,0
KS2017323,6009,0
KS2017325,5372,0
KS2017327,2170,0
KS2017328,25413,0
KS2017329,2626,0
KS2017334,2261,0
KS2017338,2580,0
KS2017339,941,0
KS2017341,569,0
KS2017342,938,0
KS2017344,1463,0
KS2017345,6060,0
KS2017347,1,0
KS2017503,337,0
KS2017504,19640,0
KS2017505,130,0
KS2017701,125963,0
KS2017704,4160,2
KS2017708,6073,0
KS2017712,1099,0
KS2017713,700,0
KS2017714,1337,0
KS2017717,2675,2
KS2017718,12000,0
KS2017901,1218,0
KS2017902,189,0
KS2018101,155,0
KS2018102,4450,0
KS2018301,83,1
KS2018302,401,0
KS2018303,1572,0
KS2018304,182,1
KS2018305,475,0
KS2018501,471,0
KS2018502,1176,0
KS2018503,936,1
KS2018701,127,0
KS2018702,1343,0
KS2018901,3764,0
KS2018902,274,0
KS2019101,1429,0
KS2019102,74,0
KS2019103,1157,0
KS2019104,325,0
KS2019105,80,0
KS2019106,280,0
KS2019107,490,0
KS2019110,298,0
KS2019111,1048,0
KS2019112,50,1
KS2019113,6587,0
KS2019114,151,0
KS2019115,1468,4
KS2019116,455,0
KS2019117,1019,0
KS2019118,1106,0
KS2019119,7664,0
KS2019302,5516,0
KS2019303,290,0
KS2019304,198,0
KS2019501,1790,0
KS2019502,94,0
KS2019503,70,0
KS2019504,1500,0
KS2019701,799,2
KS2019702,422,1
KS2019703,413,0
KS2019704,181,0
KS2019705,212,1
KS2019706,400,0
KS2019707,281,1
KS2019708,646,0
KS2019711,1400,0
KS2019712,185,0
KS2019901,245,0
KS2019902,45,0
KS2019903,744,0
KS2020101,1065,0
KS2020102,44,1
KS2020103,115,0
KS2020104,382,0
KS2020105,125,0
KS2020106,347,1
KS2020107,1093,0
KS2020108,689,0
KS2020109,109,0
KS2020110,161,0
KS2020113,673,0
KS2020301,1430,0
KS2020501,123,3
KS2020502,2246,0
KS2020504,293,0
KS2020505,30,0
KS2020506,447,2
KS2020508,349,0
KS2020510,808,0
KS2020511,218,0
KS2020512,223,0
KS2020513,2111,0
KS2020514,194,0
KS2020515,307,1
KS2020516,585,0
KS2020519,836,0
KS2020524,32,0
KS2020701,203,3
KS2020702,1335,4
KS2020703,1773,0
KS2020904,7805,0
KS2020906,152960,0
KS2105538,1,0
KS2107902,340,0
KS2117703,500,2
KY0011016,22113,1
KY0020386,6864,0
KY0020956,16398,0
KY0030239,14748,0
KY0030660,8417,1
KY0040020,1040,0
KY0040223,1782,0
KY0040228,1291,0
KY0040469,1264,0
KY0050344,3264,0
KY0050929,36766,0
KY0060022,10083,1
KY0060338,2307,1
KY0060392,4332,0
KY0070282,12022,0
KY0070353,16573,0
KY0070729,275,0
KY0073691,65,0
KY0080034,66300,0
KY0080135,29351,0
KY0080442,4173,0
KY0080910,200,0
KY0080928,49,0
KY0081013,25,0
KY0090287,1366,0
KY0090343,14139,1
KY0100011,44402,0
KY0100064,8953,0
KY0100944,13044,2
KY0110097,32600,0
KY0110345,4261,0
KY0120013,1690,0
KY0120039,6456,0
KY0120044,977,0
KY0130208,4704,2
KY0130949,100,0
KY0131012,5068,0
KY0140079,1560,0
KY0140206,1627,0
KY0140966,18437,0
KY0150242,2866,0
KY0150300,23760,0
KY0160052,14256,0
KY0160294,2628,1
KY0170146,1040,0
KY0170360,7007,0
KY0170528,6000,0
KY0180102,2275,0
KY0180185,1160,0
KY0180306,26302,0
KY0180502,208,1
KY0180509,377,1
KY0180549,273,1
KY0180914,74,0
KY0183106,105,1
KY0200009,301,0
KY0200018,1227,0
KY0200095,475,0
KY0200284,500,0
KY0210066,5934,0
KY0210067,6851,0
KY0210419,116,2
KY0210637,86,0
KY0220164,10950,0
KY0220335,6192,0
KY0220555,11397,1
KY0230556,12460,1
KY0230987,2302,0
KY0240201,41350,0
KY0240329,8762,0
KY0240521,17248,0
KY0241001,22000,0
KY0250473,29823,0
KY0250981,7366,0
KY0260266,5332,1
KY0260737,11349,0
KY0270003,9042,0
KY0280267,3039,1
KY0290049,2566,0
KY0290271,7099,1
KY0300109,11997,0
KY0300320,2934,0
KY0300336,60473,0
KY0300387,33655,0
KY0300467,3672,0
KY0310114,17848,3
KY0310706,1441,1
KY0310940,5000,0
KY0320383,3528,0
KY0330123,9501,0
KY0330205,5649,0
KY0340250,669042,0
KY0350133,9693,0
KY0350134,4583,0
KY0351008,25,0
KY0360026,15110,2
KY0360152,459,0
KY0360272,1167,2
KY0360358,26788,0
KY0360463,834,0
KY0370128,8203,0
KY0370137,1590,0
KY0370143,52153,0
KY0370346,3268,0
KY0380149,4662,1
KY0380193,3191,1
KY0390130,5860,0
KY0390444,1988,0
KY0400151,14806,0
KY0400233,4573,0
KY0410047,20048,0
KY0410107,2400,1
KY0410472,5495,0
KY0410662,3139,0
KY0420027,1301,0
KY0420084,5016,0
KY0420172,1006,0
KY0420194,4069,0
KY0420274,12379,0
KY0420405,1844,0
KY0420423,1810,0
KY0420475,965,0
KY0420534,371,0
KY0430244,8438,0
KY0430616,20033,0
KY0440167,15497,0
KY0440168,2396,0
KY0450132,9649,0
KY0450169,12193,0
KY0450365,3201,0
KY0450376,5181,1
KY0450410,6798,0
KY0450478,1673,0
KY0450479,1815,2
KY0460182,3225,0
KY0460248,3249,0
KY0470175,76326,0
KY0470393,30230,0
KY0470440,6703,1
KY0470990,23600,0
KY0480028,855,1
KY0480092,2843,0
KY0480125,3059,1
KY0480178,4574,0
KY0480262,1078,1
KY0480265,356,0
KY0480277,1954,0
KY0480341,1443,0
KY0480461,740,0
KY0480498,520,0
KY0480565,4428,1
KY0480572,1485,0
KY0480603,1396,0
KY0480650,1889,0
KY0483727,463,0
KY0490096,7263,0
KY0490179,16736,1
KY0500166,17431,0
KY0500305,2109,0
KY0500476,2744,0
KY0510188,31705,0
KY0510189,17447,0
KY0510510,54,0
KY0520122,2554,0
KY0520192,17716,0
KY0520520,2100,0
KY0530077,1633,0
KY0530083,300,0
KY0540108,1708,0
KY0540138,3725,0
KY0540269,1485,0
KY0540328,2611,0
KY0540406,8440,0
KY0540465,1871,0
KY0540656,2157,2
KY0540936,28102,0
KY0540958,2631,0
KY0540977,4702,1
KY0550209,13629,0
KY0550784,1331,1
KY0560258,806997,0
KY0570010,5762,1
KY0570214,6831,0
KY0570249,8826,1
KY0570315,35266,0
KY0580340,24354,0
KY0590220,259949,0
KY0600062,7056,0
KY0600129,300,0
KY0600198,1883,0
KY0610016,16420,0
KY0610110,8313,1
KY0620200,4629,0
KY0620237,9062,0
KY0630238,16899,0
KY0630255,8855,1
KY0630451,14878,0
KY0630477,14892,0
KY0630797,16062,0
KY0640257,8236,0
KY0650024,8428,0
KY0660204,9614,0
KY0670213,2609,3
KY0670279,3212,0
KY0670462,2673,0
KY0670466,3861,2
KY0680153,2908,0
KY0680438,6921,0
KY0690089,1488,0
KY0690203,5420,1
KY0690278,5423,0
KY0690417,9284,0
KY0700162,3980,0
KY0700243,2729,1
KY0700380,1241,0
KY0700401,989,4
KY0700532,9571,0
KY0710001,787,0
KY0710012,1931,1
KY0710247,3119,3
KY0710318,1649,0
KY0710378,8613,0
KY0710707,5198,0
KY0710951,9060,0
KY0720113,3843,0
KY0720227,1143,0
KY0720552,1200,0
KY0720933,6744,2
KY0730522,94,0
KY0730533,65004,0
KY0740276,34439,0
KY0750055,966,2
KY0750207,1512,0
KY0750252,2138,0
KY0750529,1461,0
KY0750907,2435,0
KY0753505,25,0
KY0760030,9972,0
KY0760224,25120,0
KY0760370,35640,1
KY0760407,14707,0
KY0760672,5940,0
KY0770525,8925,0
KY0770566,3029,2
KY0780241,7642,0
KY0780268,16311,0
KY0790029,7981,0
KY0790056,4381,0
KY0790173,1606,0
KY0790216,7182,0
KY0790319,16276,0
KY0800273,9003,1
KY0810046,4514,0
KY0810275,11263,0
KY0810366,6534,0
KY0810460,2994,0
KY0820041,2880,0
KY0820369,33313,1
KY0820481,1411,0
KY0820641,2260,0
KY0830148,5401,1
KY0831010,25,0
KY0840048,1426,0
KY0840180,8310,0
KY0840321,9775,0
KY0840587,6855,0
KY0850115,8515,0
KY0860141,1485,0
KY0860150,9608,1
KY0860426,2404,1
KY0870147,5539,1
KY0870212,5335,0
KY0870246,2471,0
KY0870290,2082,0
KY0870298,16391,1
KY0870367,2545,2
KY0880452,2367,0
KY0880594,7502,1
KY0890071,5601,0
KY0890106,888,1
KY0890170,5649,2
KY0890302,16845,1
KY0890304,7075,0
KY0900017,31185,0
KY0900031,5771,1
KY0900312,1357,2
KY0900323,13365,0
KY0910065,2059,0
KY0910314,4089,0
KY0910675,4262,0
KY0920025,3901,0
KY0920070,1485,2
KY0920136,927,2
KY0920181,3119,0
KY0920332,16511,0
KY0930333,38409,0
KY0930481,10067,0
KY0950036,5346,1
KY0960051,980,0
KY0960112,5515,0
KY0960126,3861,0
KY0960348,1485,0
KY0960499,3713,0
KY0970184,26730,0
KY0970484,2642,0
KY0971007,875,0
KY0980120,1723,0
KY0980350,9638,0
KY0980575,44057,3
KY0990074,2153,0
KY0990281,25,0
KY0990357,7128,0
KY0990418,6611,0
KY1000043,5114,0
KY1000050,2284,0
KY1000124,12492,0
KY1000311,21895,0
KY1000362,5940,0
KY1000363,23264,0
KY1000403,29700,0
KY1000973,1455,0
KY1010297,775,0
KY1020288,2165,0
KY1020299,4951,0
KY1020889,1613,0
KY1020891,12623,0
KY1030292,9052,0
KY1030375,18765,1
KY1030480,6500,0
KY1040210,7402,0
KY1040377,9409,1
KY1050157,44608,0
KY1060324,14660,0
KY1060394,23760,0
KY1060436,7892,0
KY1060457,6994,0
KY1070144,31602,0
KY1070398,8946,0
KY1080425,22286,0
KY1090060,24874,0
KY1100121,2780,0
KY1100171,2421,1
KY1100428,950,0
KY1100944,9801,0
KY1101005,36,0
KY1110019,14284,0
KY1110054,6165,0
KY1120289,3861,0
KY1120431,4146,0
KY1130293,5170,3
KY1130422,3490,4
KY1130433,6117,5
KY1130434,1496,4
KY1140038,53601,0
KY1140487,91118,0
KY1150415,13205,0
KY1160291,21000,0
KY1170073,1287,1
KY1170104,1253,0
KY1170361,4538,5
KY1170388,1743,1
KY1170400,659,0
KY1170995,5940,0
KY1180085,16065,0
KY1180093,9498,2
KY1180468,9825,2
KY1180471,5554,0
KY1183728,321,0
KY1190061,6600,0
KY1200283,2174,0
KY1200310,2644,0
KY1200411,4218,0
KY1200439,17822,1
LA1001001,4176,2
LA1001002,17733,0
LA1001003,891,1
LA1001004,1842,2
LA1001005,780,1
LA1001006,1065,1
LA1001007,10908,0
LA1001022,4254,0
LA1001023,4020,0
LA1001024,9480,0
LA1001025,5337,2
LA1001026,2835,2
LA1003001,1266,2
LA1003002,1005,0
LA1003003,1767,0
LA1003005,3195,1
LA1003006,6114,2
LA1003007,2730,1
LA1003008,1434,0
LA1003009,8106,0
LA1003010,3582,0
LA1003011,3030,1
LA1005001,1353,0
LA1005005,450,0
LA1005030,16806,0
LA1005035,9732,1
LA1005045,2229,0
LA1005046,96,2
LA1005085,54,1
LA1005112,120,1
LA1005114,192,1
LA1005118,80,2
LA1005119,140,0
LA1005147,138,0
LA1005148,132,1
LA1005152,60,3
LA1005171,87,0
LA1005175,69,1
LA1005206,69,0
LA1005208,111,0
LA1005210,69,0
LA1007001,21366,0
LA1009002,3900,1
LA1009003,3732,0
LA1009004,5169,0
LA1009005,3120,2
LA1009006,2205,0
LA1009007,5676,1
LA1009008,3246,1
LA1009010,1878,0
LA1009011,7593,0
LA1009012,1725,0
LA1009013,4233,0
LA1009014,2142,3
LA1009015,1053,1
LA1009016,3726,0
LA1009017,2619,0
LA1009020,795,0
LA1011001,14400,1
LA1011004,1575,1
LA1011007,1107,1
LA1011008,24000,0
LA1011009,672,0
LA1011012,6613,0
LA1011013,993,0
LA1013001,948,0
LA1013002,1860,5
LA1013003,4146,2
LA1013004,360,1
LA1013005,342,2
LA1013006,435,0
LA1013007,717,1
LA1013008,979,1
LA1013009,315,3
LA1013010,114,1
LA1013011,225,2
LA1013012,645,2
LA1013013,2283,3
LA1013014,450,4
LA1013015,318,0
LA1013017,348,2
LA1013019,1125,0
LA1013020,390,2
LA1013022,495,0
LA1013023,183,4
LA1015002,8037,0
LA1015004,79506,0
LA1015009,195,0
LA1015011,5355,2
LA1015016,2346,2
LA1015018,10890,1
LA1015021,159,3
LA1015022,13000,0
LA1015023,294,3
LA1015024,177,4
LA1015026,3210,0
LA1015029,1755,2
LA1015030,45,3
LA1015036,96,2
LA1015039,885,0
LA1015040,5520,0
LA1015041,1236,1
LA1015044,2850,0
LA1015048,1771,0
LA1015050,2304,1
LA1015051,396,0
LA1017002,90,1
LA1017005,330,0
LA1017006,16326,2
LA1017009,36,0
LA1017012,1980,0
LA1017014,5205,3
LA1017015,309,0
LA1017016,729,0
LA1017017,495,0
LA1017018,111,1
LA1017019,2025,1
LA1017023,999,1
LA1017026,2148,2
LA1017027,4926,2
LA1017028,312,3
LA1017029,111,0
LA1017031,192378,5
LA1017037,4050,1
LA1017042,549,0
LA1017051,162,1
LA1017052,5817,0
LA1017058,657,1
LA1017062,609,2
LA1017063,156,0
LA1017066,60,1
LA1017072,147,0
LA1017073,123,0
LA1017075,510,0
LA1017076,108,2
LA1017080,75,4
LA1017081,120,0
LA1017082,123,0
LA1017084,291,0
LA1017086,81,1
LA1017087,96,1
LA1017089,645,0
LA1017090,96,0
LA1017091,309,1
LA1017092,639,1
LA1017093,513,0
LA1017094,423,0
LA1019001,294,1
LA1019008,5370,0
LA1019018,465,0
LA1019024,306,0
LA1019026,3636,0
LA1019028,400,0
LA1019029,79500,0
LA1019039,567,0
LA1019042,3150,0
LA1019044,24489,0
LA1019048,4101,0
LA1019051,20837,0
LA1019052,618,0
LA1019053,5340,3
LA1019054,4858,1
LA1019059,150,1
LA1019076,318,0
LA1019079,102,0
LA1019080,669,1
LA1019083,936,0
LA1019084,5088,0
LA1019085,444,1
LA1019091,651,0
LA1019096,378,1
LA1019098,144,0
LA1019101,162,0
LA1019102,51,0
LA1019105,1119,0
LA1019109,159,0
LA1019112,240,0
LA1019114,4791,0
LA1019115,222,0
LA1019116,14502,0
LA1019118,6834,0
LA1019119,6915,1
LA1019122,141,1
LA1019123,1368,2
LA1019124,69,0
LA1019126,2130,0
LA1019127,66,0
LA1019128,942,0
LA1019129,570,0
LA1019131,288,1
LA1021001,906,1
LA1021002,945,0
LA1021003,1965,0
LA1021004,2829,0
LA1021005,1461,3
LA1021006,3048,0
LA1021007,1230,4
LA1021008,1314,0
LA1021009,783,2
LA1021010,1002,0
LA1021011,750,5
LA1023001,1798,2
LA1023002,926,0
LA1023003,576,4
LA1023005,1509,0
LA1023011,3507,1
LA1023012,871,4
LA1023013,1620,1
LA1025002,2256,1
LA1025004,1530,2
LA1025006,2811,0
LA1025007,1140,2
LA1025008,3141,0
LA1025009,930,2
LA1025011,900,1
LA1027001,486,0
LA1027002,3600,2
LA1027003,4524,2
LA1027005,891,2
LA1027006,3843,0
LA1027007,729,0
LA1027008,1660,0
LA1027009,2859,1
LA1027010,336,0
LA1027011,1329,0
LA1027013,465,0
LA1027014,375,0
LA1029002,723,5
LA1029003,6921,0
LA1029005,3816,5
LA1029006,2067,2
LA1029007,5250,0
LA1029009,684,5
LA1029011,6354,1
LA1031005,1455,4
LA1031007,4446,3
LA1031008,2448,3
LA1031009,7512,4
LA1031011,7608,0
LA1031012,1161,0
LA1031014,933,2
LA1031029,963,5
LA1031030,7173,3
LA1033003,13855,1
LA1033005,596844,0
LA1033030,31569,0
LA1033132,300,0
LA1033133,534,0
LA1035002,5850,3
LA1035004,1104,2
LA1035006,45,3
LA1035007,1071,2
LA1037002,1700,0
LA1037004,14829,0
LA1037005,1600,0
LA1037006,2736,0
LA1037007,279,0
LA1037008,1920,0
LA1037009,726,0
LA1037010,744,3
LA1037012,345,0
LA1037014,2805,1
LA1039001,2559,1
LA1039003,5640,1
LA1039004,2598,2
LA1039005,4559,2
LA1039006,3471,1
LA1039007,2952,1
LA1039009,2259,2
LA1039010,6590,1
LA1039013,5289,0
LA1039015,849,0
LA1039016,4578,0
LA1039017,711,0
LA1039018,900,3
LA1041002,915,0
LA1041003,7989,1
LA1041006,7518,2
LA1041007,1221,2
LA1041009,3078,0
LA1041010,1602,0
LA1041012,3429,3
LA1043001,1344,1
LA1043002,2552,2
LA1043003,1155,2
LA1043004,363,5
LA1043005,1167,1
LA1043007,1353,0
LA1043008,5289,0
LA1043013,2250,3
LA1043014,3324,2
LA1043015,567,2
LA1043016,732,2
LA1043017,3900,0
LA1043018,1914,5
LA1045002,8775,1
LA1045004,6189,0
LA1045009,59928,0
LA1045037,45,1
LA1045040,39,2
LA1045041,42,0
LA1045042,42,3
LA1047001,954,2
LA1047002,6489,2
LA1047003,3300,1
LA1047005,14043,0
LA1047006,664,2
LA1047007,6657,0
LA1047008,600,1
LA1047009,2550,2
LA1047024,1524,0
LA1047026,1086,0
LA1047028,160,0
LA1047030,2940,0
LA1049001,435,1
LA1049004,1557,3
LA1049006,369,3
LA1049007,318,1
LA1049008,479,0
LA1049010,6231,3
LA1049011,675,0
LA1049012,429,2
LA1049013,1710,0
LA1049014,648,0
LA1049016,180,1
LA1049017,111,1
LA1049019,1980,1
LA1049022,729,5
LA1049023,417,0
LA1049026,828,0
LA1049028,444,1
LA1049030,501,4
LA1049036,78,0
LA1051001,275163,0
LA1051003,17026,0
LA1051004,140264,1
LA1051005,8534,1
LA1053001,1512,0
LA1053003,9837,1
LA1053005,2706,0
LA1053006,4311,0
LA1053007,226,1
LA1053012,5709,0
LA1053013,4194,0
LA1053014,9780,0
LA1055003,5151,0
LA1055005,11301,1
LA1055011,2190,0
LA1055013,171,0
LA1055014,186,1
LA1055015,188,2
LA1055017,169389,0
LA1055026,9696,1
LA1055035,10614,1
LA1055040,117,0
LA1055043,189,0
LA1055046,10200,0
LA1055048,112,0
LA1055067,30,4
LA1055070,186,1
LA1055074,141,1
LA1055082,330,0
LA1055088,315,0
LA1055094,282,0
LA1055101,825,2
LA1055116,252,0
LA1055121,168,0
LA1055123,144,2
LA1055128,279,0
LA1055131,196,2
LA1055132,220,2
LA1055137,468,0
LA1055138,483,1
LA1055140,393,0
LA1055144,315,0
LA1055147,192,0
LA1055148,207,0
LA1055149,219,1
LA1055155,396,0
LA1055156,15132,0
LA1055162,1278,0
LA1055164,462,1
LA1055166,165,0
LA1055169,549,0
LA1055171,4122,0
LA1055172,3051,0
LA1055173,210,0
LA1055174,54,0
LA1055175,132,0
LA1055179,426,0
LA1055180,72,0
LA1055181,339,0
LA1055186,1455,0
LA1055191,16833,0
LA1055192,4032,0
LA1055193,10242,0
LA1055194,4182,0
LA1055195,7623,0
LA1055196,3300,0
LA1055198,576,0
LA1055199,1644,0
LA1055200,372,0
LA1055201,1476,0
LA1055202,300,0
LA1057001,81609,0
LA1057003,14862,0
LA1059001,1806,0
LA1059002,3240,1
LA1059003,3614,1
LA1059004,2565,0
LA1059005,2460,1
LA1059006,540,1
LA1059009,1425,0
LA1059010,792,5
LA1059011,784,0
LA1059012,627,0
LA1059013,495,0
LA1059017,990,0
LA1061002,1950,2
LA1061003,1218,4
LA1061004,795,1
LA1061005,6000,1
LA1061006,4949,3
LA1061007,3333,0
LA1061008,1530,5
LA1061009,570,1
LA1061010,2730,0
LA1061013,900,0
LA1061014,900,0
LA1061015,1635,0
LA1061017,22468,0
LA1061018,1083,1
LA1061020,4080,0
LA1061021,198,0
LA1061024,3300,2
LA1061027,1476,0
LA1061029,915,1
LA1061031,510,0
LA1063003,4544,0
LA1063004,25725,0
LA1063005,4839,1
LA1063013,8946,0
LA1063017,15813,1
LA1063018,300,1
LA1063019,2313,1
LA1063022,7305,0
LA1063024,1914,0
LA1063028,2676,1
LA1063029,96,0
LA1063030,999,1
LA1063035,63,2
LA1063036,969,0
LA1063039,78147,0
LA1063058,123,0
LA1063076,160,0
LA1063087,80,0
LA1063098,324,0
LA1063103,591,0
LA1063104,1548,0
LA1063106,165,1
LA1063109,1356,0
LA1063114,327,0
LA1063115,246,0
LA1063118,114,0
LA1063119,472,0
LA1063123,225,0
LA1065001,369,0
LA1065003,8601,3
LA1065004,3531,1
LA1065005,1041,0
LA1067002,1656,0
LA1067003,18105,1
LA1067004,426,3
LA1067005,609,3
LA1067007,120,0
LA1067009,1098,0
LA1067010,780,1
LA1067011,1266,2
LA1067012,3498,1
LA1067014,369,0
LA1067016,1662,3
LA1067017,696,5
LA1067018,1275,1
LA1067020,345,0
LA1067022,42,0
LA1069001,1515,3
LA1069002,642,2
LA1069003,801,1
LA1069004,540,0
LA1069005,1017,1
LA1069006,8415,0
LA1069007,27693,0
LA1069008,612,2
LA1069009,705,2
LA1069011,429,0
LA1069012,564,3
LA1069013,654,2
LA1069014,1032,5
LA1071001,52785,2
LA1071009,334903,1
LA1073003,2160,3
LA1073004,9696,0
LA1073011,1293,1
LA1073014,1551,0
LA1073020,9210,0
LA1073025,84,1
LA1073028,336,2
LA1073031,57000,2
LA1073040,2598,4
LA1073046,7335,2
LA1073047,10725,1
LA1073054,5715,0
LA1073055,14649,0
LA1073056,16005,1
LA1073058,2082,1
LA1073060,6219,2
LA1073061,438,1
LA1073063,57,1
LA1073090,552,2
LA1073097,789,0
LA1073099,1563,1
LA1073100,11280,0
LA1073110,30,1
LA1073117,42,0
LA1073120,13287,0
LA1073121,11742,0
LA1075001,19644,0
LA1075004,1248,0
LA1075005,882,2
LA1075006,10308,5
LA1077009,1380,2
LA1077013,2400,0
LA1077022,1234,0
LA1077025,1005,0
LA1077026,9024,1
LA1077037,1320,1
LA1077043,10629,1
LA1077045,1290,0
LA1077047,2401,0
LA1077048,111,0
LA1079001,66798,0
LA1079003,1095,1
LA1079004,12078,0
LA1079005,1531,1
LA1079006,3135,1
LA1079009,3600,0
LA1079010,4566,0
LA1079011,2472,0
LA1079012,1089,0
LA1079013,357,0
LA1079014,1527,0
LA1079015,587,0
LA1079016,20358,2
LA1079017,19983,0
LA1079019,3540,1
LA1079020,5658,0
LA1079023,4992,0
LA1079025,1044,0
LA1079027,4818,0
LA1079028,1330,0
LA1079030,900,3
LA1079037,1410,0
LA1081001,3300,2
LA1081002,453,2
LA1081003,375,0
LA1081004,756,0
LA1081005,498,0
LA1081006,1350,0
LA1081008,1371,3
LA1081009,744,2
LA1081010,570,2
LA1081011,576,1
LA1081012,2346,5
LA1083002,4071,0
LA1083003,3120,0
LA1083005,927,0
LA1083006,4842,2
LA1083007,2514,0
LA1083008,3510,5
LA1083012,4200,0
LA1083015,30,0
LA1083016,150,2
LA1083017,45,5
LA1083018,1350,0
LA1085007,561,2
LA1085009,348,0
LA1085011,700,2
LA1085016,4428,2
LA1085017,549,3
LA1085018,189,2
LA1085021,990,4
LA1085032,2520,3
LA1085036,6924,0
LA1085041,54,1
LA1085043,1761,5
LA1085044,1260,5
LA1085046,2634,5
LA1085053,2805,5
LA1085055,5943,4
LA1085058,789,5
LA1085059,6738,4
LA1085061,51,0
LA1087001,44783,0
LA1089001,52879,0
LA1091004,1340,2
LA1091006,290,0
LA1091007,8772,0
LA1093002,2860,2
LA1093003,4781,1
LA1093004,7200,0
LA1093005,7513,1
LA1095002,3702,0
LA1095003,10484,0
LA1095006,528,0
LA1095007,31965,0
LA1097001,1650,3
LA1097003,2130,0
LA1097004,3717,1
LA1097005,9552,0
LA1097006,8226,0
LA1097007,1314,1
LA1097008,192,2
LA1097009,1572,0
LA1097010,20388,2
LA1097011,2178,5
LA1097012,6465,0
LA1097013,3828,0
LA1097014,6090,0
LA1097015,4356,0
LA1097016,1713,1
LA1097018,2478,0
LA1097022,15393,0
LA1097024,7326,1
LA1097025,2730,2
LA1097026,240,0
LA1097031,108,1
LA1097032,1656,1
LA1097033,4761,0
LA1097034,270,0
LA1097035,516,1
LA1097036,351,0
LA1097037,1860,0
LA1097039,519,0
LA1099001,3957,0
LA1099002,10137,2
LA1099003,10098,0
LA1099004,3000,3
LA1099005,12420,1
LA1099006,5535,1
LA1099007,7263,3
LA1099008,12801,1
LA1099009,4446,1
LA1099010,2262,0
LA1099024,90,2
LA1099025,111,2
LA1099028,3249,0
LA1099029,150,2
LA1101003,8325,3
LA1101004,190,1
LA1101005,12703,1
LA1101006,8456,3
LA1101009,2823,2
LA1101010,7828,1
LA1101011,9709,3
LA1101012,1240,1
LA1101013,400,1
LA1101014,5024,1
LA1101015,5379,0
LA1103002,3693,0
LA1103004,84,1
LA1103005,10791,0
LA1103006,4650,0
LA1103011,16185,1
LA1103013,10155,0
LA1103014,1992,1
LA1103018,150,0
LA1103020,7665,0
LA1103022,871,0
LA1103023,13000,0
LA1103032,127,0
LA1103033,5200,0
LA1103038,726,0
LA1103039,480,2
LA1103041,35547,1
LA1103043,1245,0
LA1103046,6867,0
LA1103053,8037,0
LA1103054,1635,1
LA1103055,6351,0
LA1103056,2920,0
LA1103062,45,0
LA1103064,2724,0
LA1103066,405,1
LA1103069,75,3
LA1103071,234,0
LA1103072,234,0
LA1103073,2088,0
LA1103074,1563,0
LA1103075,1590,0
LA1103077,579,1
LA1103078,600,0
LA1103079,17536,0
LA1103081,100,1
LA1103088,342,1
LA1103093,2500,0
LA1103105,220,1
LA1103106,4701,0
LA1103108,612,0
LA1103110,300,0
LA1103113,165,0
LA1103118,8031,0
LA1103122,273,0
LA1103123,500,0
LA1103124,11298,0
LA1103125,180,0
LA1103128,88,0
LA1103129,306,1
LA1103130,2250,0
LA1103131,60,1
LA1103132,420,0
LA1103134,240,0
LA1103137,270,0
LA1103139,840,3
LA1103141,630,0
LA1103142,579,0
LA1103143,100,1
LA1103144,200,0
LA1103145,499,0
LA1103147,87,0
LA1103148,1356,0
LA1103149,18372,0
LA1103150,80,0
LA1103152,420,1
LA1103153,200,1
LA1103154,72,0
LA1103156,60,0
LA1103157,3333,0
LA1103159,25,1
LA1103160,60,0
LA1103164,825,0
LA1103165,78,0
LA1103171,4146,0
LA1103173,609,0
LA1103174,25,1
LA1103176,51,3
LA1103178,100,0
LA1103179,255,1
LA1103180,933,0
LA1103181,1653,0
LA1103182,92,1
LA1103184,171,0
LA1103185,1152,0
LA1103189,2847,0
LA1103190,267,0
LA1103193,174,0
LA1103194,60,0
LA1103195,894,0
LA1103196,42,0
LA1103197,324,0
LA1103198,822,0
LA1103199,222,0
LA1103200,171,0
LA1103201,480,0
LA1105001,4300,1
LA1105005,296,1
LA1105008,75873,1
LA1105009,21135,0
LA1105010,4281,1
LA1105012,3052,1
LA1105014,2205,1
LA1105019,6657,0
LA1105022,1521,0
LA1105026,748,1
LA1105027,764,0
LA1105028,1134,2
LA1105036,120,0
LA1105042,540,1
LA1105067,175,1
LA1105077,4112,0
LA1105078,1302,1
LA1105088,60,0
LA1105090,150,1
LA1105102,174,1
LA1107001,1275,0
LA1107003,1100,5
LA1107004,1332,2
LA1107005,786,1
LA1107009,3843,3
LA1109001,11658,0
LA1109002,116460,0
LA1111001,1863,5
LA1111002,249,0
LA1111004,216,4
LA1111005,5352,5
LA1111008,2406,0
LA1111009,708,0
LA1111010,1635,5
LA1111011,1533,5
LA1111012,2292,2
LA1111013,1650,1
LA1111014,753,5
LA1111015,1626,4
LA1111016,1620,5
LA1111017,1095,5
LA1111018,249,1
LA1111020,1302,5
LA1111021,1404,5
LA1111023,3261,2
LA1111024,3186,4
LA1111025,369,5
LA1113001,14217,0
LA1113004,2457,1
LA1113005,2985,0
LA1113006,2016,4
LA1113009,4340,1
LA1113019,3450,0
LA1113029,1230,1
LA1113031,6810,0
LA1113032,8769,0
LA1113034,24132,3
LA1115001,1506,0
LA1115016,2730,0
LA1115019,10545,0
LA1115022,3300,1
LA1115026,750,0
LA1115028,2427,0
LA1115032,1116,0
LA1115047,69,0
LA1115064,9420,0
LA1115065,10902,0
LA1115071,5295,0
LA1115087,2155,0
LA1115090,600,1
LA1115117,6363,0
LA1115118,4083,1
LA1115121,4365,0
LA1117001,14000,2
LA1117002,4150,1
LA1117003,3450,0
LA1117006,4230,0
LA1117008,400,2
LA1117009,4200,0
LA1117019,161,0
LA1117021,1107,2
LA1117022,96,0
LA1117023,25,3
LA1117024,120,0
LA1117025,840,0
LA1117026,81,0
LA1117127,25,1
LA1119001,882,0
LA1119002,1719,2
LA1119003,558,3
LA1119004,1380,0
LA1119005,1236,3
LA1119006,297,0
LA1119007,1455,0
LA1119008,969,3
LA1119009,1239,0
LA1119011,1410,2
LA1119012,675,0
LA1119013,504,0
LA1119015,270,1
LA1119016,1026,0
LA1119017,726,1
LA1119018,1001,1
LA1119021,16281,0
LA1119022,285,3
LA1119023,1683,1
LA1119025,1500,1
LA1119026,2196,0
LA1119027,2373,1
LA1119028,7800,1
LA1119030,327,0
LA1119031,456,1
LA1119034,1551,0
LA1119035,360,1
LA1121008,4329,0
LA1121014,6759,1
LA1121018,13437,0
LA1121026,555,0
LA1121027,5571,0
LA1123001,594,2
LA1123002,1830,2
LA1123003,1560,1
LA1123004,1929,1
LA1123005,3507,1
LA1123006,2955,0
LA1123007,2190,1
LA1125005,6362,0
LA1125006,2304,0
LA1125010,12045,1
LA1127001,900,0
LA1127002,591,4
LA1127005,714,1
LA1127008,474,2
LA1127010,639,5
LA1127011,1965,5
LA1127012,7194,4
LA1127015,660,0
LA1127017,1932,2
LA1127019,381,1
LA1127022,783,5
LA1127023,840,5
LA2015021,231,1
LA2105049,635,0
MA1004000,7945,0
MA1005000,28692,0
MA1008000,39263,1
MA1013000,400,0
MA1015000,10587,0
MA1015006,50,0
MA1024000,3253,0
MA1024001,107,0
MA1024002,600,0
MA1024009,25,0
MA1024015,30,0
MA1029000,1471,0
MA1033000,442,0
MA1043001,137,0
MA1043002,60,0
MA1053030,36,0
MA1053033,30,0
MA1058000,1407,0
MA1058001,400,0
MA1058002,180,0
MA1059000,750,1
MA1061000,55560,0
MA1063003,180,0
MA1066000,100,0
MA1066001,125,0
MA1069001,320,0
MA1069002,110,0
MA1070000,6330,0
MA1074000,1300,0
MA1074001,3800,0
MA1074005,350,0
MA1074007,120,0
MA1085000,16358,0
MA1087000,16211,0
MA1090000,1000,0
MA1091000,561,0
MA1106000,341,0
MA1106002,750,0
MA1108009,25,0
MA1111000,101,0
MA1111001,305,0
MA1111002,61,0
MA1111003,152,0
MA1111025,78,0
MA1111039,30,0
MA1112000,70,0
MA1113000,4380,0
MA1113003,1391,0
MA1113017,500,0
MA1114000,17768,0
MA1117002,4819,0
MA1120001,100,0
MA1120002,59,0
MA1120015,25,0
MA1120023,100,0
MA1121004,1000,0
MA1121011,160,0
MA1124000,80,0
MA1124001,1089,0
MA1124002,300,0
MA1124003,300,0
MA1127000,3164,0
MA1132000,1000,0
MA1132002,150,0
MA1132008,66,0
MA1132009,74,0
MA1137000,37838,0
MA1143000,2180,0
MA1148000,2342,0
MA1148008,25,0
MA1150000,5686,0
MA1150003,43,0
MA1152000,9800,0
MA1159000,15853,1
MA1190000,55,0
MA1191000,4222,0
MA1192000,8080,0
MA1192003,450,0
MA1193000,138,0
MA1193003,93,0
MA1203000,150,0
MA1203002,80,0
MA1209000,13000,0
MA1214000,29571,0
MA1214001,120,0
MA1217000,800,0
MA1217001,659,0
MA1223000,6526,0
MA1225038,25,0
MA1227000,4789,2
MA1227001,1435,0
MA1227002,1429,0
MA1227003,3258,0
MA1227015,48,0
MA1236000,43927,0
MA1249008,38,0
MA1255000,275,0
MA1256000,1228,0
MA1260001,100,0
MA1267000,987,0
MA1267001,425,0
MA1268000,1806,0
MA1268011,30,0
MA1275000,14800,0
MA1275001,6200,0
MA1276000,4853,0
MA1279000,7669,0
MA1281000,169170,0
MA1283003,2800,0
MA1283015,225,0
MA1283017,50,0
MA1283019,25,0
MA1289000,3190,0
MA1289001,500,0
MA1289002,88,0
MA1306001,80,0
MA1306006,25,0
MA1309000,10066,0
MA1309001,65,0
MA1311000,2289,0
MA1311001,927,0
MA1311002,158,0
MA1325000,28835,0
MA1326000,535,0
MA1329000,41094,0
MA1329009,500,0
MA1337010,900,0
MA1339000,8533,0
MA1340000,1575,0
MA1341000,7326,0
MA1341003,200,0
MA1341004,50,0
MA1341030,25,0
MA1349000,565,0
MA2002000,21285,0
MA2002010,95,0
MA2011000,3680,0
MA2011004,11394,0
MA2017000,12255,0
MA2017001,2278,0
MA2019000,8479,0
MA2019001,6500,0
MA2021000,2610,0
MA2021001,114,0
MA2025000,16556,0
MA2028007,48,0
MA2028012,150,0
MA2028015,40,0
MA2028017,272,0
MA2028018,80,0
MA2028020,1330,0
MA2028022,132,0
MA2032000,9463,0
MA2034019,788,0
MA2034027,60,0
MA2034028,42,0
MA2034030,148,0
MA2034031,135,0
MA2037001,360,0
MA2037002,350,0
MA2037006,36,0
MA2037007,400,0
MA2037009,68,0
MA2037013,500,0
MA2037014,80,0
MA2037036,463,0
MA2037038,100,0
MA2039000,3343,0
MA2045000,1008,0
MA2045001,123,0
MA2045004,228,0
MA2045005,120,0
MA2054005,26,0
MA2054040,76,0
MA2054050,75,0
MA2064000,15428,0
MA2077000,4400,0
MA2080000,5515,0
MA2081000,337,0
MA2084000,1526,0
MA2097000,41946,0
MA2101000,33706,0
MA2103000,21381,1
MA2110000,10925,0
MA2110001,3262,0
MA2110004,30,0
MA2110006,64,0
MA2115000,5456,0
MA2115001,1853,0
MA2115009,50,0
MA2115012,52,0
MA2125000,1422,0
MA2125013,40,0
MA2125014,150,0
MA2125016,104,0
MA2125021,150,0
MA2125025,60,2
MA2125026,40,0
MA2134000,18016,0
MA2136000,15139,0
MA2138000,6017,0
MA2139000,12680,0
MA2139006,100,0
MA2139007,50,0
MA2139008,80,1
MA2139010,100,0
MA2139011,55,0
MA2140010,40,0
MA2140011,40,0
MA2140013,40,0
MA2141000,20032,0
MA2147000,6000,0
MA2147008,120,0
MA2151000,3200,0
MA2151001,3696,0
MA2151002,1500,0
MA2151009,140,0
MA2153000,41683,0
MA2158000,9307,0
MA2162000,7219,0
MA2170000,41799,0
MA2174000,10616,0
MA2175000,12713,0
MA2177000,14176,0
MA2179000,470,0
MA2179001,31,0
MA2185000,30379,0
MA2186000,11368,0
MA2186001,400,1
MA2187000,9055,0
MA2208000,7602,0
MA2208001,2200,0
MA2212000,3863,0
MA2215000,13551,0
MA2216000,7899,0
MA2216006,8127,0
MA2226000,7384,0
MA2226007,60,2
MA2226008,40,0
MA2226009,33,0
MA2226011,50,0
MA2228000,4300,0
MA2232000,9217,0
MA2257000,6025,2
MA2257003,70,0
MA2270000,4165,0
MA2270001,3500,0
MA2270009,125,0
MA2271000,38325,0
MA2277000,10638,0
MA2278000,19562,0
MA2280000,7037,0
MA2280002,45,0
MA2282000,6715,1
MA2286000,220,0
MA2286012,92,0
MA2286017,54,0
MA2286018,175,0
MA2286024,300,0
MA2286026,132,0
MA2286031,134,0
MA2286033,132,1
MA2287000,4746,0
MA2287020,350,0
MA2287025,52,0
MA2290001,476,0
MA2290014,2773,0
MA2294000,6159,0
MA2299000,6832,0
MA2303000,4420,0
MA2303004,110,0
MA2303005,54,0
MA2304000,11612,0
MA2316000,17776,0
MA2321000,6919,0
MA2323000,3217,0
MA2323002,50,0
MA2328000,21567,1
MA2332000,3889,0
MA2332001,131,0
MA2332005,120,0
MA2343000,5706,0
MA2348000,206518,0
MA3007000,17366,0
MA3009000,36569,1
MA3010000,46308,0
MA3014000,18832,0
MA3023000,14955,0
MA3023001,177,0
MA3023002,11789,0
MA3026000,27442,0
MA3030000,47461,0
MA3030001,90330,0
MA3031000,42119,2
MA3035000,675647,0
MA3038001,133,0
MA3038020,150,2
MA3038028,132,0
MA3046000,63191,0
MA3048000,25864,0
MA3049000,118214,0
MA3051021,50,0
MA3051022,32,0
MA3051023,54,0
MA3051025,25,0
MA3056000,28750,0
MA3056001,2800,0
MA3056002,7660,0
MA3057000,40787,0
MA3067000,18788,1
MA3071000,28087,1
MA3073000,41630,0
MA3078001,40,0
MA3078002,131,0
MA3078005,57,0
MA3078006,1929,0
MA3078008,126,0
MA3079000,25808,0
MA3079001,9620,0
MA3092000,3675,0
MA3093000,49075,0
MA3100000,72362,0
MA3105000,8766,0
MA3107000,37440,0
MA3116000,6508,0
MA3119000,7674,0
MA3128000,61277,0
MA3144000,13138,0
MA3149000,89143,0
MA3155000,34074,0
MA3157000,5593,0
MA3157001,3067,0
MA3160000,120418,0
MA3163000,101253,0
MA3164000,8525,0
MA3164001,4820,0
MA3165000,66263,0
MA3166000,5201,0
MA3168000,20441,0
MA3176000,61700,1
MA3178000,29938,0
MA3180000,6988,0
MA3181000,53059,0
MA3184000,7291,0
MA3189000,28630,0
MA3196000,3334,0
MA3198000,37006,0
MA3199000,31664,0
MA3205001,2228,0
MA3206000,20335,0
MA3207000,88931,0
MA3210000,30915,0
MA3213000,16379,0
MA3229000,54481,0
MA3243000,106000,0
MA3246000,26262,0
MA3248000,62186,0
MA3252000,10000,0
MA3254000,6161,0
MA3258000,44480,0
MA3258001,900,0
MA3259000,9334,0
MA3262000,27844,0
MA3269002,30,0
MA3269028,25,0
MA3269032,110,0
MA3274000,81045,0
MA3284000,23244,0
MA3288000,18416,1
MA3291000,15300,0
MA3295000,31342,0
MA3295001,2500,2
MA3298000,5435,0
MA3301000,4416,0
MA3301002,150,0
MA3301008,60,0
MA3301020,120,0
MA3301035,96,0
MA3305000,27090,0
MA3308000,65218,0
MA3314000,35985,0
MA3315000,14096,0
MA3317000,29550,0
MA3317001,3000,0
MA3320000,3942,0
MA3324000,4704,0
MA3330000,18848,0
MA3330019,60,0
MA3333000,11391,0
MA3342000,21654,1
MA3344000,22970,0
MA3346000,19316,0
MA3347000,40876,0
MA4001000,33387,1
MA4003000,8430,0
MA4003002,67,0
MA4003004,85,0
MA4016000,46461,0
MA4018000,4777,0
MA4020000,5400,0
MA4020002,50000,0
MA4020003,4938,0
MA4020004,35000,0
MA4036000,22500,0
MA4036001,7700,0
MA4036002,4668,0
MA4036011,136,0
MA4036015,600,0
MA4040000,39143,0
MA4040002,25,0
MA4041000,35000,0
MA4042000,28633,0
MA4042001,2802,0
MA4044000,105788,0
MA4050000,22766,0
MA4052001,750,1
MA4052025,348,1
MA4052026,414,0
MA4052044,102,0
MA4052054,120,0
MA4052061,100,0
MA4052070,176,0
MA4052072,300,1
MA4052074,89,0
MA4055000,30000,0
MA4062000,841,0
MA4065000,7555,0
MA4072000,24696,0
MA4075000,65000,0
MA4076000,5280,0
MA4076002,1300,0
MA4076004,105643,0
MA4082000,16387,0
MA4083000,14526,0
MA4086095,6199,0
MA4088000,25058,0
MA4089000,8027,0
MA4094000,15155,0
MA4095000,94000,0
MA4096000,97551,0
MA4096001,6000,1
MA4099000,18721,0
MA4102035,1600,0
MA4109000,425,0
MA4118000,7575,0
MA4122000,14984,0
MA4123000,9612,0
MA4126000,39144,0
MA4131000,45339,0
MA4131005,384,0
MA4133000,11405,0
MA4145000,14715,1
MA4146004,66,0
MA4146006,350,0
MA4167000,21797,0
MA4169000,6119,0
MA4171000,34000,0
MA4172033,222,0
MA4172035,112,0
MA4172039,36922,0
MA4173000,7685,0
MA4173001,29600,0
MA4182000,15350,0
MA4182015,90,0
MA4182018,168,1
MA4197000,27703,0
MA4197001,3000,0
MA4201000,101079,0
MA4211000,31410,0
MA4211001,434,0
MA4218000,19161,0
MA4219000,11495,0
MA4220000,29909,0
MA4221000,24000,0
MA4224000,17460,0
MA4231000,18175,0
MA4238000,8805,0
MA4239000,47100,0
MA4239010,210,0
MA4239045,2267,0
MA4239049,25,1
MA4239051,90,0
MA4239055,9478,0
MA4239060,2380,0
MA4240008,40,0
MA4242000,22250,0
MA4244000,35114,0
MA4244001,46519,0
MA4245000,10964,0
MA4245002,3902,0
MA4247055,64,0
MA4247061,300,0
MA4261000,23000,0
MA4261024,56250,0
MA4264000,19297,0
MA4265000,13801,0
MA4266000,16846,0
MA4273000,18303,0
MA4285000,29281,0
MA4285007,50,0
MA4292000,17375,0
MA4293000,62165,0
MA4296000,6082,0
MA4296017,36,0
MA4296018,80,0
MA4300040,80,0
MA4307000,24070,0
MA4310000,20102,0
MA4310003,5392,0
MA4318040,165,0
MA4318056,120,0
MA4318091,200,0
MA4318094,750,0
MA4318107,48,0
MA4322000,7709,0
MA4334078,35,1
MA4334088,150,0
MA4334090,328,0
MA4334092,180,0
MA4336000,57871,0
MA4336007,2300,0
MA4338000,14947,0
MA4350000,12190,0
MA4350001,937,2
MA4350003,60,1
MA4351000,38900,0
MA6000000,2580000,0
MD0010001,130,1
MD0010003,2614,0
MD0010005,5703,0
MD0010008,27039,0
MD0010009,4955,0
MD0010011,11000,0
MD0010016,5500,0
MD0010018,5000,2
MD0010019,68,0
MD0010023,300,1
MD0010031,78,0
MD0010033,2200,1
MD0010038,47,0
MD0010045,865,0
MD0010049,105,0
MD0010212,100,1
MD0010215,30,1
MD0020001,35000,0
MD0020004,26033,0
MD0020008,62986,0
MD0020009,1348,0
MD0020011,500,0
MD0020012,62234,0
MD0020013,275,0
MD0020017,290606,0
MD0020019,2400,0
MD0020027,5447,0
MD0020029,3991,0
MD0020030,235,0
MD0020035,1200,0
MD0020042,8700,0
MD0020044,2241,0
MD0020059,52,1
MD0020063,23,0
MD0020211,900,1
MD0020213,750,0
MD0020214,810,0
MD0020217,450,0
MD0020218,150,1
MD0020221,350,1
MD0020223,540,0
MD0020231,1315,0
MD0030011,416,0
MD0030017,31,0
MD0030018,414,0
MD0030023,40,1
MD0030202,125,0
MD0030204,96,0
MD0030208,468,1
MD0030212,873,0
MD0040002,381,0
MD0040003,5000,0
MD0040004,9500,0
MD0040006,124,0
MD0040007,338,0
MD0040008,203,0
MD0040009,2000,0
MD0040010,251,0
MD0040011,4371,0
MD0040013,350,0
MD0040014,1425,0
MD0040015,361,0
MD0040016,200,0
MD0040017,82,0
MD0040018,1190,0
MD0040020,100,0
MD0040024,350,0
MD0040026,1108,0
MD0040027,3811,0
MD0040030,3000,1
MD0040034,68,0
MD0040035,158,0
MD0040052,434,0
MD0040053,290,0
MD0040202,224,1
MD0040205,60,0
MD0040206,80,0
MD0040209,65,1
MD0040210,65,1
MD0050001,4500,0
MD0050002,2450,0
MD0050003,1878,0
MD0050004,150,0
MD0050005,750,1
MD0050006,1600,0
MD0050007,35,0
MD0050008,156,0
MD0050201,300,0
MD0050204,395,1
MD0050205,300,0
MD0050206,45,1
MD0050207,40,1
MD0050208,50,1
MD0050209,100,1
MD0050210,70,0
MD0050216,40,1
MD0050217,27,1
MD0050218,35,0
MD0060002,24867,0
MD0060003,6600,0
MD0060006,4954,0
MD0060007,9890,0
MD0060008,1732,0
MD0060009,150,0
MD0060010,1500,1
MD0060012,6750,0
MD0060013,997,0
MD0060015,35256,0
MD0060017,2436,1
MD0060019,163,0
MD0060202,450,1
MD0060203,150,0
MD0060206,220,1
MD0060208,76,0
MD0060210,300,1
MD0060211,104,0
MD0060213,79,0
MD0060214,150,0
MD0060215,70,0
MD0060216,38,0
MD0060217,180,0
MD0060218,50,0
MD0070003,400,0
MD0070004,477,0
MD0070006,673,0
MD0070008,500,0
MD0070011,15625,1
MD0070015,3500,0
MD0070016,8600,4
MD0070017,2000,0
MD0070018,4413,3
MD0070019,953,0
MD0070020,725,0
MD0070021,2200,1
MD0070025,437,0
MD0070029,3791,1
MD0070032,100,0
MD0070034,2154,0
MD0070036,60,1
MD0070202,148,1
MD0070203,27,1
MD0070204,250,2
MD0070206,290,1
MD0070207,276,1
MD0070209,400,0
MD0070211,159,0
MD0070213,325,0
MD0070214,250,1
MD0070217,212,0
MD0070223,180,0
MD0070226,55,1
MD0070230,64,1
MD0070233,396,1
MD0070235,950,1
MD0070236,60,0
MD0070238,87,1
MD0070239,134,0
MD0070240,82,0
MD0070241,50,0
MD0070244,285,0
MD0070245,76,0
MD0070246,60,0
MD0070247,460,0
MD0070248,50,1
MD0070249,70,0
MD0070250,293,1
MD0070251,32,1
MD0070252,320,1
MD0080002,79,0
MD0080003,65,0
MD0080004,127,0
MD0080005,311,0
MD0080006,75,1
MD0080008,551,0
MD0080009,744,0
MD0080010,150,1
MD0080012,125,0
MD0080013,139,0
MD0080015,55,1
MD0080017,132,0
MD0080018,60,0
MD0080019,88,1
MD0080020,4100,0
MD0080024,372,0
MD0080025,11535,0
MD0080026,50,1
MD0080027,45,0
MD0080028,184,0
MD0080030,175,0
MD0080031,110,0
MD0080032,170,0
MD0080033,6260,0
MD0080034,180,0
MD0080035,50,0
MD0080036,140,0
MD0080037,150,0
MD0080038,1800,0
MD0080040,200,0
MD0080041,61,0
MD0080043,91,0
MD0080046,945,0
MD0080048,150,0
MD0080049,84296,0
MD0080051,50,0
MD0080055,45,0
MD0080057,229,0
MD0080058,3321,0
MD0080062,376,0
MD0080064,280,0
MD0080069,60,1
MD0080083,614,0
MD0080084,340,0
MD0080205,320,0
MD0080207,100,0
MD0080208,70,0
MD0090001,390,0
MD0090002,15000,0
MD0090004,400,0
MD0090005,2150,1
MD0090007,535,0
MD0090008,460,0
MD0090009,300,1
MD0090219,300,0
MD0090220,118,0
MD0090221,200,1
MD0090222,275,1
MD0090224,80,0
MD0100001,36,1
MD0100005,7312,0
MD0100010,2921,0
MD0100011,7900,1
MD0100013,2610,0
MD0100015,54000,0
MD0100018,4288,0
MD0100019,1900,0
MD0100020,1516,0
MD0100023,6200,0
MD0100025,8440,0
MD0100026,256,0
MD0100027,846,0
MD0100029,1509,0
MD0100030,74911,0
MD0100031,888,0
MD0100032,178,0
MD0100033,953,0
MD0100036,97,0
MD0100037,338,0
MD0100038,140,0
MD0100040,1036,0
MD0100041,1553,0
MD0100045,237,0
MD0100047,295,0
MD0100203,150,0
MD0100207,75,1
MD0100210,80,0
MD0100212,70,0
MD0100214,105,1
MD0110001,300,0
MD0110002,350,0
MD0110003,230,0
MD0110004,622,2
MD0110005,885,0
MD0110007,3000,0
MD0110008,1850,0
MD0110012,150,0
MD0110013,370,0
MD0110021,272,0
MD0110025,63,0
MD0110204,60,1
MD0110225,32,1
MD0110227,45,1
MD0110230,63,1
MD0120001,18006,0
MD0120002,15000,0
MD0120003,13200,0
MD0120007,250,0
MD0120009,250,0
MD0120011,2271,0
MD0120012,14000,1
MD0120014,219,0
MD0120016,104567,0
MD0120021,37,1
MD0120204,28,1
MD0120207,35,1
MD0120208,55,0
MD0120210,96,1
MD0120213,60,1
MD0120214,150,0
MD0120215,500,0
MD0130002,286158,0
MD0130005,170,1
MD0130006,113,0
MD0130007,315,1
MD0140001,481,0
MD0140002,5400,1
MD0140003,725,0
MD0140004,560,1
MD0140005,300,0
MD0140006,1750,0
MD0140007,955,0
MD0140009,296,0
MD0140010,625,0
MD0140011,38,0
MD0140012,260,0
MD0150002,6005,0
MD0150003,52000,0
MD0150005,1900000,0
MD0150101,256,0
MD0150102,1248,0
MD0150103,97,0
MD0160002,25000,1
MD0160003,330,1
MD0160004,300,0
MD0160207,780,0
MD0170001,3322,1
MD0170003,705,0
MD0170007,1030,0
MD0170009,913,0
MD0170010,85,1
MD0170011,600,0
MD0170013,75,1
MD0170017,600,0
MD0170018,60,0
MD0170019,9155,0
MD0170020,600,0
MD0170021,31,1
MD0170022,25,1
MD0170024,497,0
MD0170207,160,1
MD0180001,1012,0
MD0180002,2728,0
MD0180006,5000,0
MD0180007,43030,0
MD0180008,169,0
MD0180009,150,0
MD0180012,620,0
MD0180013,2200,1
MD0180015,272,0
MD0180017,699,0
MD0180018,1262,0
MD0180020,234,0
MD0180022,22000,0
MD0180023,3016,0
MD0180034,672,0
MD0180036,511,0
MD0180037,560,0
MD0180038,715,0
MD0180041,128,0
MD0180042,65,0
MD0180044,65,0
MD0180045,1161,0
MD0180046,514,0
MD0180047,239,0
MD0180048,188,0
MD0180051,139,0
MD0180052,239,0
MD0180054,577,0
MD0180056,65,0
MD0180057,193,0
MD0180059,269,0
MD0180206,100,2
MD0180207,300,0
MD0180210,120,0
MD0180212,175,1
MD0180213,892,1
MD0180217,270,1
MD0190001,2976,0
MD0190002,3300,0
MD0190004,75,1
MD0190006,34,1
MD0190007,100,1
MD0190009,100,1
MD0190011,100,1
MD0190012,750,0
MD0190013,3500,1
MD0190205,250,0
MD0200002,60,2
MD0200003,17357,0
MD0200004,675,0
MD0200005,726,0
MD0200006,2650,1
MD0200007,1200,0
MD0200202,44,1
MD0200206,48,2
MD0210001,1141,0
MD0210002,4250,0
MD0210004,175,1
MD0210005,455,1
MD0210006,120,0
MD0210008,1300,0
MD0210010,92200,0
MD0210012,1921,0
MD0210015,688,0
MD0210017,1360,0
MD0210018,2500,0
MD0210019,220,0
MD0210020,45,0
MD0210021,2400,0
MD0210202,87,1
MD0210204,86,2
MD0210205,65,0
MD0210209,200,1
MD0210213,250,1
MD0210215,1575,0
MD0220001,4500,0
MD0220002,1022,0
MD0220004,30343,0
MD0220005,625,1
MD0220007,1021,0
MD0220008,5907,0
MD0220009,1500,0
MD0220010,395,0
MD0220012,68,1
MD0220201,86,1
MD0220204,60,0
MD0220206,91,1
MD0220209,150,0
MD0220212,95,1
MD0220213,38,2
MD0220216,220,1
MD0220217,165,1
MD0220218,85,1
MD0220219,30,1
MD0220220,300,0
MD0220221,180,0
MD0220222,60,0
MD0220223,86,1
MD0220224,250,1
MD0220225,40,1
MD0220231,40,0
MD0230001,4500,0
MD0230002,325,0
MD0230003,30000,1
MD0230005,11890,0
MD0230006,4100,1
MD0230007,2409,0
MD0230008,120,1
MD0230011,5945,0
MD0230015,150,0
MD0230019,500,0
MD0230020,500,0
MD0230023,40,1
MD0230203,62,0
MD0230206,384,1
MD0230210,25,0
MD0230217,40,1
MD0230220,48,1
MD0230224,150,0
MD0300002,1600000,2
MD0300004,162,1
MD0300005,575,1
MD0300006,414,0
MD0300007,2058,0
MD1020035,85,1
MD1021462,60,0
MD1021498,26,1
MD1040022,461,1
MD1071359,36,0
MD1080029,40,0
MD1081005,240,0
MD1111096,5502,0
MD1170001,481,1
MD1180005,615,0
MD1231051,50,1
ME0000225,72,0
ME0001006,105,0
ME0001009,185,2
ME0001194,33,0
ME0001363,183,0
ME0001972,25,0
ME0001978,145,0
ME0002093,53,1
ME0002245,45,0
ME0002346,130,0
ME0002429,100,0
ME0002439,95,0
ME0002456,90,0
ME0002527,73,1
ME0002577,75,0
ME0002580,105,0
ME0002782,108,0
ME0002809,172,0
ME0002893,65,0
ME0003017,350,0
ME0003060,100,0
ME0003240,560,0
ME0003342,75,0
ME0003374,243,0
ME0003375,135,0
ME0003377,33,0
ME0003535,140,0
ME0003639,40,0
ME0003660,63,0
ME0003907,130,0
ME0003990,35,0
ME0004228,46,0
ME0004250,85,0
ME0004295,75,1
ME0004591,67,0
ME0004628,89,0
ME0005192,53,0
ME0005637,65,0
ME0005645,70,0
ME0005693,193,0
ME0005825,55,0
ME0005826,40,0
ME0005844,140,2
ME0005847,68,0
ME0006203,80,1
ME0006513,50,0
ME0006648,75,0
ME0006735,233,0
ME0006954,95,0
ME0007001,65,0
ME0007009,150,0
ME0007086,763,0
ME0007154,90,0
ME0007233,43,1
ME0007237,55,0
ME0007242,158,0
ME0007336,43,0
ME0007363,395,2
ME0007372,50,0
ME0007374,44,0
ME0007378,75,0
ME0007543,155,0
ME0007731,50,0
ME0007736,270,0
ME0007940,73,0
ME0007963,115,0
ME0007968,55,0
ME0007990,133,0
ME0008164,95,0
ME0008251,63,3
ME0008690,90,0
ME0008716,85,2
ME0008855,95,0
ME0008921,48,1
ME0009003,53,0
ME0009171,105,0
ME0009244,170,0
ME0009644,411,0
ME0014643,70,0
ME0015106,68,1
ME0019577,40,0
ME0020883,70,0
ME0090010,168,0
ME0090020,783,0
ME0090030,50,0
ME0090050,265,0
ME0090060,713,0
ME0090070,17245,0
ME0090080,13750,0
ME0090100,1688,0
ME0090110,27298,0
ME0090120,4443,0
ME0090130,9205,0
ME0090140,5698,0
ME0090145,45,0
ME0090150,2845,1
ME0090160,1813,0
ME0090170,42508,0
ME0090180,1075,0
ME0090200,8448,0
ME0090205,60,0
ME0090210,738,0
ME0090220,8860,0
ME0090230,3660,0
ME0090240,663,0
ME0090250,253,0
ME0090260,18863,0
ME0090270,425,0
ME0090280,1700,0
ME0090290,2775,1
ME0090300,21315,0
ME0090310,243,2
ME0090320,3943,0
ME0090330,983,0
ME0090342,468,0
ME0090350,1013,0
ME0090360,305,0
ME0090373,73,0
ME0090378,60,0
ME0090380,758,0
ME0090410,2143,0
ME0090420,373,0
ME0090425,60,0
ME0090427,43,0
ME0090440,2338,0
ME0090450,90,0
ME0090460,1415,0
ME0090470,2400,0
ME0090480,585,0
ME0090500,205,0
ME0090510,2125,0
ME0090520,3910,2
ME0090530,225,0
ME0090540,4050,0
ME0090550,2025,1
ME0090560,1578,0
ME0090570,443,0
ME0090580,2700,0
ME0090600,2085,0
ME0090610,9000,0
ME0090615,60,2
ME0090620,2468,1
ME0090630,1335,0
ME0090640,1535,1
ME0090650,2300,0
ME0090660,4628,0
ME0090670,863,0
ME0090680,1043,0
ME0090690,83,0
ME0090700,4735,0
ME0090710,1025,0
ME0090719,535,0
ME0090720,475,2
ME0090730,1125,2
ME0090740,975,1
ME0090745,50,4
ME0090750,22060,0
ME0090760,35663,0
ME0090770,1115,0
ME0090780,950,0
ME0090790,14478,0
ME0090800,718,0
ME0090811,3500,0
ME0090815,65,1
ME0090830,23720,0
ME0090840,875,0
ME0090850,625,0
ME0090860,3020,0
ME0090870,6643,0
ME0090880,2995,0
ME0090890,308,3
ME0090900,1775,0
ME0090910,1390,0
ME0090915,180,3
ME0090920,2738,0
ME0090930,5568,0
ME0090940,1500,2
ME0090949,33,1
ME0090960,2010,0
ME0090970,2425,0
ME0090980,405,0
ME0090990,5400,0
ME0091000,1720,1
ME0091020,588,0
ME0091030,298,2
ME0091031,30,0
ME0091032,33,0
ME0091040,143,0
ME0091050,313,0
ME0091055,97,0
ME0091080,245,0
ME0091090,120,0
ME0091100,1900,0
ME0091110,1055,0
ME0091120,2125,0
ME0091130,740,0
ME0091140,1623,0
ME0091150,2133,0
ME0091160,500,0
ME0091165,550,0
ME0091180,2000,0
ME0091190,2873,0
ME0091200,7648,0
ME0091210,5793,0
ME0091220,1100,0
ME0091230,2940,0
ME0091240,338,0
ME0091260,650,0
ME0091280,3228,1
ME0091285,50,0
ME0091290,330,0
ME0091300,135068,0
ME0091302,480,0
ME0091310,6128,0
ME0091320,303,0
ME0091330,1378,0
ME0091360,220,0
ME0091370,1390,0
ME0091373,60,0
ME0091380,4050,0
ME0091390,100,0
ME0091400,98,0
ME0091410,14328,0
ME0091416,45,0
ME0091420,865,0
ME0091440,2763,0
ME0091450,6105,0
ME0091460,475,0
ME0091470,3722,0
ME0091480,960,0
ME0091490,2480,0
ME0091500,45,0
ME0091510,683,1
ME0091520,475,0
ME0091530,500,0
ME0091537,238,0
ME0091540,2190,0
ME0091550,1053,3
ME0091560,1065,0
ME0091565,815,0
ME0091570,688,0
ME0091580,1550,0
ME0091590,45,0
ME0091600,540,1
ME0091620,2800,0
ME0091630,700,0
ME0091640,763,0
ME0091650,2750,0
ME0091660,1970,0
ME0091665,253,0
ME0091670,8000,0
ME0091680,13675,0
ME0091690,1730,2
ME0091750,60,0
ME0091780,60,0
ME0091830,25,4
ME0091840,30,0
ME0091850,60,0
ME0091860,60,0
ME0091870,160,0
ME0091890,60,0
ME0092040,85,0
ME0092060,38,0
ME0092100,54,0
ME0092110,60,1
ME0092120,44,0
ME0092150,63,0
ME0092155,63,0
ME0092160,62,0
ME0092165,40,0
ME0092175,73,0
ME0092190,50,0
ME0092250,470,0
ME0092255,53,0
ME0092260,156,0
ME0092265,120,1
ME0092270,150,0
ME0092285,278,0
ME0092287,40,0
ME0092288,70,0
ME0092291,55,0
ME0092292,25,0
ME0092293,40,0
ME0092296,45,0
ME0092298,60,0
ME0092299,45,0
ME0092301,50,0
ME0092303,43,0
ME0092305,80,0
ME0092307,50,3
ME0092308,50,1
ME0092318,35,0
ME0092323,325,0
ME0092325,70,0
ME0092327,50,0
ME0092335,378,0
ME0092338,80,0
ME0092339,50,0
ME0092341,73,0
ME0092359,136,0
ME0092361,88,0
ME0092363,40,0
ME0092364,50,1
ME0092365,35,0
ME0092366,36,0
ME0092367,55,0
ME0092371,43,0
ME0092372,60,0
ME0092373,90,0
ME0092382,42,0
ME0092388,75,0
ME0092428,145,0
ME0092433,90,0
ME0092475,40,0
ME0092499,33,0
ME0092552,55,0
ME0092583,35,0
ME0092654,57,0
ME0092708,42,0
ME0092709,32,0
ME0092710,30,0
ME0092711,30,2
ME0092722,110,0
ME0092727,45,0
ME0092741,300,0
ME0092747,363,0
ME0092791,64,0
ME0092806,28,0
ME0092853,38,2
ME0092875,48,0
ME0092893,50,0
ME0092915,33,0
ME0093806,35,0
ME0094466,38,0
ME0094501,25,0
ME0094503,32,0
ME0094534,123,0
ME0094694,30,0
ME0094847,83,0
ME0095010,65,0
ME0095020,38,0
ME0095090,143,0
ME0095190,50,1
ME0095240,146,0
ME0095330,41,0
ME0095340,50,1
ME0095510,63,2
ME0095525,100,0
ME0095530,103,0
ME0095550,90,0
ME0095560,75,0
ME0095570,88,5
ME0095575,50,1
ME0095585,298,0
ME0095595,58,0
ME0095600,70,0
ME0095610,95,0
ME0095615,168,0
ME0095630,88,0
ME0095635,83,0
ME0095640,125,1
ME0095650,80,0
ME0095655,45,2
ME0095656,100,0
ME0095658,138,0
ME0095659,105,0
ME0095660,75,0
ME0095663,105,0
ME0095679,25,1
ME0095685,53,0
ME0095699,90,3
ME0095701,65,0
ME0095717,75,0
ME0095719,30,0
ME0098233,123,0
ME0098560,63,0
ME0103660,50,0
ME0105637,75,0
ME0107242,155,0
ME0107379,103,0
ME0108164,95,0
ME0192711,30,0
ME0192791,40,0
ME0292291,25,0
ME0292711,25,0
ME0392711,43,0
MI0000011,128,0
MI0000012,7584,1
MI0000013,50,0
MI0000020,2010,0
MI0000030,605,2
MI0000040,23663,0
MI0000045,115,0
MI0000048,192,0
MI0000050,148,0
MI0000070,402,0
MI0000072,219,0
MI0000082,86,0
MI0000088,411,0
MI0000090,168,0
MI0000100,9144,2
MI0000110,4110,0
MI0000120,5930,0
MI0000125,101,0
MI0000127,19725,0
MI0000130,28210,0
MI0000140,9182,0
MI0000150,2674,0
MI0000160,10128,0
MI0000170,5839,0
MI0000180,198,0
MI0000200,350,0
MI0000210,3000,0
MI0000215,750,0
MI0000220,123851,0
MI0000221,1338,0
MI0000236,58,1
MI0000240,1794,1
MI0000242,61,1
MI0000245,5959,0
MI0000250,526,0
MI0000260,956,0
MI0000280,945,0
MI0000285,66,0
MI0000290,2370,0
MI0000300,2087,0
MI0000320,885,0
MI0000321,3907,0
MI0000322,280,0
MI0000324,147,0
MI0000325,74000,0
MI0000340,3129,0
MI0000347,372,1
MI0000350,1060,0
MI0000355,650,0
MI0000370,616,1
MI0000380,2000,0
MI0000390,11999,0
MI0000400,2971,0
MI0000410,2182,3
MI0000418,50,1
MI0000420,910,0
MI0000426,260,0
MI0000430,450,0
MI0000440,921,0
MI0000450,43975,1
MI0000470,32255,1
MI0000485,8465,0
MI0000487,40,0
MI0000490,831,0
MI0000501,25,0
MI0000503,36,1
MI0000505,210,0
MI0000508,25,0
MI0000510,318,0
MI0000513,25,0
MI0000514,76,0
MI0000517,829,0
MI0000518,1211,0
MI0000520,1170,0
MI0000540,9400,0
MI0000550,440,0
MI0000560,5769,0
MI0000570,1086,0
MI0000575,39,0
MI0000580,3964,1
MI0000590,1282,0
MI0000600,9103,2
MI0000605,6768,0
MI0000610,511,0
MI0000620,210,0
MI0000630,14970,0
MI0000635,9900,0
MI0000650,1910,1
MI0000660,1619,0
MI0000680,380,0
MI0000690,10451,0
MI0000700,300,0
MI0000705,622,0
MI0000710,10403,1
MI0000715,898,0
MI0000716,150,0
MI0000720,1555,0
MI0000722,2080,0
MI0000725,1227,0
MI0000730,20472,1
MI0000731,54,0
MI0000733,110,0
MI0000740,21222,0
MI0000743,2788,0
MI0000750,3276,0
MI0000775,3579,0
MI0000790,41691,0
MI0000794,96,1
MI0000795,114,2
MI0000796,50,2
MI0000798,3024,0
MI0000799,54,0
MI0000800,3735,0
MI0000803,39,1
MI0000810,370,0
MI0000813,450,0
MI0000815,950,0
MI0000820,1339,0
MI0000838,512,0
MI0000840,10104,0
MI0000850,2096,0
MI0000860,10210,0
MI0000877,435,0
MI0000880,767,0
MI0000890,611,0
MI0000894,105,0
MI0000910,2421,0
MI0000920,1313,0
MI0000930,1316,0
MI0000940,33194,0
MI0000951,115,0
MI0000960,4871,0
MI0000970,529,1
MI0000980,8676,0
MI0001000,828,0
MI0001002,2000,1
MI0001005,42,0
MI0001008,2900,0
MI0001010,21000,0
MI0001015,40,0
MI0001018,65,0
MI0001019,40,1
MI0001020,581,1
MI0001023,37464,0
MI0001030,10355,0
MI0001037,160,0
MI0001039,4573,0
MI0001040,726,0
MI0001046,50,0
MI0001050,512,0
MI0001052,400,0
MI0001067,120,0
MI0001100,99627,0
MI0001110,1775,0
MI0001125,200,0
MI0001130,5029,0
MI0001160,5705,0
MI0001170,3322,0
MI0001180,527,0
MI0001190,777,0
MI0001195,2005,0
MI0001210,997,0
MI0001220,2428,0
MI0001230,700,1
MI0001250,1815,0
MI0001252,325,0
MI0001253,45,0
MI0001256,200,0
MI0001258,124,0
MI0001260,3520,1
MI0001290,8257,0
MI0001300,952,0
MI0001310,1579,0
MI0001325,95,0
MI0001327,30,1
MI0001330,3124,0
MI0001335,1700,0
MI0001340,9074,0
MI0001350,800,0
MI0001352,75,0
MI0001353,80,2
MI0001355,300,1
MI0001360,5500,0
MI0001370,5474,0
MI0001371,50,0
MI0001380,2394,0
MI0001390,41650,0
MI0001397,813,0
MI0001400,2825,0
MI0001416,50,0
MI0001420,3118,0
MI0001440,11825,0
MI0001450,9866,0
MI0001460,324,0
MI0001465,767,0
MI0001470,2336,1
MI0001480,100513,0
MI0001490,2515,0
MI0001493,2400,0
MI0001500,13822,0
MI0001520,1243,0
MI0001530,1555,0
MI0001535,1425,0
MI0001540,1190,0
MI0001543,900,0
MI0001545,48,0
MI0001552,75,0
MI0001565,700,0
MI0001570,787,0
MI0001572,60,0
MI0001573,19811,0
MI0001580,1050,0
MI0001600,2075,0
MI0001610,4519,0
MI0001620,210,0
MI0001630,200,1
MI0001631,128,0
MI0001640,2028,0
MI0001643,34,0
MI0001646,25,0
MI0001648,56,0
MI0001649,40,0
MI0001650,3200,0
MI0001652,80,0
MI0001653,35,0
MI0001655,180,0
MI0001657,62,0
MI0001658,147,1
MI0001661,1805,0
MI0001663,120,0
MI0001664,1847,0
MI0001666,32,0
MI0001669,30,0
MI0001690,2447,0
MI0001692,50,1
MI0001694,80,0
MI0001700,1922,0
MI0001715,50,0
MI0001716,700,0
MI0001718,125,1
MI0001720,5000,0
MI0001730,109976,0
MI0001740,57774,1
MI0001750,1838,0
MI0001760,830,0
MI0001765,65,0
MI0001768,72,0
MI0001770,943,1
MI0001773,1824,0
MI0001774,30,0
MI0001790,21856,0
MI0001795,325,1
MI0001800,633218,0
MI0001810,4500,0
MI0001820,168,0
MI0001825,144,0
MI0001840,1391,0
MI0001845,500,0
MI0001860,6350,0
MI0001865,50,0
MI0001870,1034,0
MI0001880,5400,0
MI0001900,3446,0
MI0001905,81,0
MI0001910,50,0
MI0001915,68,0
MI0001920,300,0
MI0001925,26,0
MI0001930,138,0
MI0001932,84,1
MI0001935,3720,0
MI0001950,32442,0
MI0001960,11637,0
MI0001970,2215,0
MI0001980,1200,0
MI0001990,33000,0
MI0001995,1,0
MI0002000,100,0
MI0002010,2663,0
MI0002020,5340,0
MI0002025,363,0
MI0002030,610,0
MI0002050,9305,0
MI0002055,288,0
MI0002070,1256,0
MI0002077,1260,1
MI0002079,274,0
MI0002080,372,0
MI0002090,1642,0
MI0002100,808,0
MI0002110,349,0
MI0002115,255,0
MI0002120,966,0
MI0002124,50,0
MI0002125,2550,3
MI0002130,400,0
MI0002145,50,1
MI0002170,12941,0
MI0002180,3478,0
MI0002190,1742,0
MI0002195,52,0
MI0002200,391,0
MI0002212,717,0
MI0002215,56,0
MI0002230,11597,0
MI0002240,56984,0
MI0002250,871,0
MI0002260,2438,0
MI0002270,11746,0
MI0002273,40,2
MI0002274,48,0
MI0002277,900,0
MI0002280,22105,0
MI0002285,3268,0
MI0002287,54,0
MI0002290,940,0
MI0002291,25,0
MI0002292,250,1
MI0002300,10541,2
MI0002310,81252,1
MI0002340,8311,0
MI0002347,1705,0
MI0002350,385,0
MI0002356,950,0
MI0002360,836,0
MI0002370,2479,0
MI0002385,5250,0
MI0002390,1136,0
MI0002400,2951,0
MI0002403,65,0
MI0002410,3626,0
MI0002420,4944,0
MI0002425,1389,0
MI0002430,1286,0
MI0002440,383,1
MI0002450,483,0
MI0002460,14297,0
MI0002465,1226,0
MI0002470,9227,1
MI0002480,483,0
MI0002490,4516,0
MI0002500,21609,0
MI0002507,9355,0
MI0002510,376,0
MI0002520,388,0
MI0002530,2377,0
MI0002540,270,0
MI0002550,27625,0
MI0002565,12899,0
MI0002568,53,0
MI0002590,40,0
MI0002600,3629,0
MI0002615,73726,0
MI0002617,8473,0
MI0002620,41086,0
MI0002625,200,0
MI0002630,4997,0
MI0002640,4632,0
MI0002650,2933,1
MI0002655,100,0
MI0002656,142,0
MI0002657,1233,0
MI0002659,77,0
MI0002680,800,0
MI0002685,177,0
MI0002730,272,0
MI0002740,8276,0
MI0002745,21000,0
MI0002750,10412,0
MI0002760,15051,1
MI0002770,8701,0
MI0002780,411,0
MI0002785,219,1
MI0002790,306901,0
MI0002805,60,0
MI0002809,288,0
MI0002820,15948,0
MI0002823,894,0
MI0002830,1986,0
MI0002837,68,0
MI0002839,360,0
MI0002840,1884,0
MI0002845,64,1
MI0002846,265,1
MI0002847,330,0
MI0002850,8816,0
MI0002860,266,0
MI0002870,10788,0
MI0002880,5421,0
MI0002890,9757,0
MI0002900,11555,1
MI0002910,2929,0
MI0002920,16135,0
MI0002925,1492,0
MI0002926,1,0
MI0002940,230,0
MI0002943,72,2
MI0002944,126,1
MI0002945,133,0
MI0002960,9652,0
MI0002970,28433,1
MI0002980,4500,0
MI0002982,1030,0
MI0003000,1604,0
MI0003001,288,0
MI0003005,65,0
MI0003010,1194,0
MI0003015,303,0
MI0003018,839,0
MI0003020,14236,1
MI0003030,1100,0
MI0003040,24314,0
MI0003050,493,0
MI0003060,2126,0
MI0003070,2688,0
MI0003073,67,0
MI0003075,3022,0
MI0003080,225,0
MI0003090,7350,0
MI0003100,16400,0
MI0003110,1632,0
MI0003115,250,0
MI0003117,30,1
MI0003118,41,0
MI0003120,36,2
MI0003130,954,1
MI0003131,50,2
MI0003132,465,0
MI0003134,32,1
MI0003137,1148,0
MI0003138,40,0
MI0003139,40,0
MI0003140,8977,0
MI0003145,84,0
MI0003160,697,0
MI0003165,87,0
MI0003170,8163,1
MI0003175,354,0
MI0003190,49687,0
MI0003195,26100,0
MI0003200,8557,1
MI0003215,34,0
MI0003220,1668,2
MI0003223,3097,0
MI0003225,84,0
MI0003228,48,0
MI0003229,60,0
MI0003230,8386,0
MI0003235,50,0
MI0003237,50,0
MI0003238,48,0
MI0003240,1800,0
MI0003250,9914,0
MI0003270,946,0
MI0003280,2307,0
MI0003290,7708,0
MI0003310,6200,0
MI0003312,3837,0
MI0003315,175,0
MI0003319,1,0
MI0003320,16944,0
MI0003323,437,0
MI0003330,1214,0
MI0003340,3579,1
MI0003342,11790,0
MI0003350,290,0
MI0003360,25076,0
MI0003362,90,1
MI0003365,750,0
MI0003370,11708,0
MI0003390,6510,0
MI0003400,7500,0
MI0003410,3019,0
MI0003420,5387,0
MI0003430,474,1
MI0003435,327,0
MI0003440,6470,0
MI0003450,2148,0
MI0003452,54,0
MI0003460,3098,0
MI0003470,33165,0
MI0003474,3330,0
MI0003475,2023,0
MI0003490,2258,0
MI0003505,50,0
MI0003510,3000,0
MI0003520,192992,0
MI0003525,5000,1
MI0003545,147,0
MI0003550,464,0
MI0003560,2020,0
MI0003563,1,0
MI0003565,3170,1
MI0003570,1480,0
MI0003595,2740,0
MI0003598,100,0
MI0003615,120,1
MI0003620,36072,0
MI0003628,5170,0
MI0003630,5300,0
MI0003640,5480,0
MI0003650,1657,0
MI0003660,440,0
MI0003666,240,0
MI0003667,4695,0
MI0003670,2300,1
MI0003685,330,1
MI0003690,640,0
MI0003691,24,0
MI0003692,231,0
MI0003693,24,0
MI0003694,24,0
MI0003695,3584,0
MI0003696,24,0
MI0003697,840,0
MI0003700,836,0
MI0003720,1203,1
MI0003726,26780,0
MI0003728,25,0
MI0003730,2018,1
MI0003737,74,0
MI0003740,2973,0
MI0003741,4177,0
MI0003742,125,0
MI0003744,210,0
MI0003749,3200,0
MI0003750,1007,0
MI0003751,38,1
MI0003752,82,0
MI0003753,93,0
MI0003755,64,0
MI0003757,52,0
MI0003760,166000,0
MI0003770,5500,0
MI0003780,9023,2
MI0003794,2878,0
MI0003800,4075,0
MI0003810,1947,0
MI0003820,1045,1
MI0003829,75,0
MI0003830,1900,0
MI0003831,82,1
MI0003836,3000,0
MI0003837,1893,0
MI0003838,35,0
MI0003840,1872,0
MI0003850,1025,0
MI0003856,3854,0
MI0003857,39,1
MI0003868,30,0
MI0003870,38144,0
MI0003880,990,0
MI0003890,4150,0
MI0003910,909,0
MI0003920,1310,0
MI0003925,212,0
MI0003927,1102,0
MI0003929,4152,0
MI0003930,96942,0
MI0003940,1506,0
MI0003942,65,2
MI0003943,1778,0
MI0003946,31,0
MI0003947,273,0
MI0003950,4150,0
MI0003955,1958,0
MI0003960,8184,0
MI0003966,40,1
MI0003967,789,0
MI0003968,9390,0
MI0003970,583,0
MI0003980,897,0
MI0003990,90000,0
MI0004000,29694,0
MI0004006,3480,0
MI0004010,3900,0
MI0004020,2150,0
MI0004030,6200,0
MI0004040,3197,0
MI0004042,75,0
MI0004045,60,0
MI0004050,1287,1
MI0004053,28,0
MI0004060,643,0
MI0004063,250,0
MI0004069,80,0
MI0004070,1198,0
MI0004080,430,0
MI0004090,4652,0
MI0004095,90,0
MI0004098,17046,0
MI0004100,800,0
MI0004110,1875,0
MI0004120,20629,1
MI0004140,2700,1
MI0004150,7088,0
MI0004152,175,1
MI0004155,785,0
MI0004160,9959,0
MI0004170,8252,0
MI0004173,25,0
MI0004177,2550,1
MI0004180,950,0
MI0004190,640,0
MI0004215,261,0
MI0004220,12851,0
MI0004230,1084,0
MI0004240,920,0
MI0004250,8583,0
MI0004260,25600,0
MI0004276,695,0
MI0004280,1474,0
MI0004310,397,0
MI0004312,565,0
MI0004320,182,0
MI0004340,12793,1
MI0004353,779,0
MI0004360,3309,0
MI0004370,42547,0
MI0004375,11000,2
MI0004377,1348,0
MI0004380,7363,0
MI0004390,6366,0
MI0004397,206,0
MI0004400,1072,0
MI0004403,724,0
MI0004404,450,0
MI0004410,197,0
MI0004419,60,0
MI0004428,66,1
MI0004440,5217,0
MI0004450,49467,0
MI0004455,33816,0
MI0004470,2479,0
MI0004475,1484,0
MI0004480,1657,1
MI0004490,2220,0
MI0004510,16314,2
MI0004520,3086,0
MI0004530,21688,1
MI0004550,604,0
MI0004560,2783,0
MI0004561,465,0
MI0004570,37213,0
MI0004577,5133,0
MI0004580,9917,0
MI0004590,7135,0
MI0004595,225,0
MI0004596,100,0
MI0004600,95,1
MI0004605,444,0
MI0004610,340,0
MI0004620,1628,0
MI0004640,375,0
MI0004647,648,0
MI0004650,4568,0
MI0004655,961,0
MI0004670,12720,1
MI0004680,1900,0
MI0004685,2845,0
MI0004690,5600,1
MI0004700,610,0
MI0004710,2571,0
MI0004720,2000,0
MI0004730,1108,0
MI0004740,14215,0
MI0004750,2270,1
MI0004753,50,0
MI0004760,3916,0
MI0004770,1021,0
MI0004775,305,0
MI0004778,100,0
MI0004780,3786,0
MI0004800,5535,0
MI0004810,526,0
MI0004820,240,0
MI0004830,6119,0
MI0004845,32103,0
MI0004847,1,0
MI0004850,23994,0
MI0004860,3314,0
MI0004870,56780,0
MI0004873,30,0
MI0004874,36,0
MI0004876,60,0
MI0004877,1923,0
MI0004878,4943,0
MI0004880,29654,0
MI0004890,488,0
MI0004935,125,0
MI0004960,246,0
MI0004989,544,0
MI0004990,1758,0
MI0005005,279,0
MI0005010,880,0
MI0005020,907,0
MI0005030,2607,0
MI0005031,2194,0
MI0005033,290,2
MI0005034,1610,1
MI0005035,33000,0
MI0005037,92,1
MI0005039,120,1
MI0005040,6997,0
MI0005050,864,1
MI0005060,4120,0
MI0005065,1133,0
MI0005100,1612,0
MI0005110,241,0
MI0005120,16353,1
MI0005130,3540,0
MI0005136,80,2
MI0005138,10407,0
MI0005150,30,0
MI0005160,489,2
MI0005180,193,0
MI0005204,768,0
MI0005205,378,0
MI0005209,40,0
MI0005210,3362,0
MI0005220,632,0
MI0005229,270,1
MI0005232,1,1
MI0005233,1790,0
MI0005234,1350,1
MI0005235,390,0
MI0005240,450,0
MI0005260,857,0
MI0005267,339,0
MI0005268,455,0
MI0005270,439,0
MI0005280,2065,0
MI0005290,1115,0
MI0005300,8979,0
MI0005305,70,0
MI0005310,476,0
MI0005315,360,0
MI0005320,1208,0
MI0005322,2353,0
MI0005330,1204,0
MI0005335,1479,0
MI0005345,57,1
MI0005349,40,0
MI0005351,25,0
MI0005353,55,0
MI0005355,38,0
MI0005360,24500,0
MI0005370,42271,0
MI0005380,3998,0
MI0005390,2872,0
MI0005395,40,1
MI0005397,105,0
MI0005400,9132,0
MI0005420,27524,0
MI0005425,173,0
MI0005427,135,0
MI0005430,178,0
MI0005440,63776,0
MI0005445,50,2
MI0005450,21412,0
MI0005460,1004,0
MI0005475,1058,0
MI0005480,28983,0
MI0005490,10654,0
MI0005500,623,0
MI0005520,46292,0
MI0005527,125,0
MI0005530,3883,0
MI0005540,535,0
MI0005543,234,0
MI0005549,80,0
MI0005550,2617,0
MI0005563,459,0
MI0005566,38,0
MI0005570,38,0
MI0005573,671,0
MI0005575,845,0
MI0005577,132,1
MI0005580,1544,0
MI0005585,260,0
MI0005590,1200,0
MI0005600,551,1
MI0005606,54,0
MI0005607,46,0
MI0005610,1219,0
MI0005620,1078,0
MI0005640,49504,1
MI0005650,2425,0
MI0005655,100,0
MI0005660,700,0
MI0005670,6200,0
MI0005673,31,1
MI0005675,266,3
MI0005680,300,0
MI0005690,7224,1
MI0005692,37,0
MI0005710,12486,0
MI0005712,137,0
MI0005720,7130,0
MI0005723,5100,0
MI0005730,7160,0
MI0005740,350,0
MI0005750,3240,0
MI0005760,290,0
MI0005770,2827,0
MI0005775,76,0
MI0005780,3750,0
MI0005785,23989,0
MI0005800,4172,0
MI0005810,1075,0
MI0005815,180,1
MI0005816,70,2
MI0005819,75,3
MI0005820,47299,0
MI0005821,32,0
MI0005823,30,1
MI0005824,25,0
MI0005830,57236,0
MI0005840,1869,0
MI0005841,80,0
MI0005844,250,0
MI0005849,156,0
MI0005850,44058,0
MI0005860,40840,0
MI0005880,1,0
MI0005900,9158,0
MI0005901,375,0
MI0005903,525,0
MI0005905,148,2
MI0005907,360,0
MI0005911,157,0
MI0005914,150,0
MI0005920,2679,0
MI0005925,674,0
MI0005930,1343,0
MI0005950,14689,0
MI0005970,1405,0
MI0005977,8500,0
MI0005980,1536,0
MI0005990,1721,0
MI0005991,100,0
MI0005995,1250,2
MI0006000,1964,0
MI0006010,72000,0
MI0006025,240,0
MI0006026,407,0
MI0006030,1515,1
MI0006040,649,0
MI0006042,90,1
MI0006070,256,0
MI0006071,250,0
MI0006072,40,0
MI0006073,5815,0
MI0006074,100,0
MI0006075,275,0
MI0006077,420,0
MI0006079,1,0
MI0006081,75,0
MI0006090,580,0
MI0006101,9133,1
MI0006110,11055,0
MI0006115,32,0
MI0006116,48,0
MI0006117,32,0
MI0006120,745,0
MI0006130,1587,0
MI0006160,71739,0
MI0006170,30047,0
MI0006200,4140,0
MI0006210,2153,0
MI0006230,2512,0
MI0006232,87,0
MI0006235,9393,0
MI0006240,3833,1
MI0006243,50,0
MI0006250,800,0
MI0006260,2054,0
MI0006270,5464,1
MI0006280,59715,0
MI0006282,3270,0
MI0006284,5847,0
MI0006290,2987,1
MI0006300,7896,0
MI0006310,7930,0
MI0006320,6976,0
MI0006325,56,1
MI0006350,1509,0
MI0006360,1417,0
MI0006375,460,0
MI0006377,40,0
MI0006380,862,0
MI0006385,127000,0
MI0006420,1202,0
MI0006423,367,0
MI0006428,95,0
MI0006435,156,0
MI0006440,11920,0
MI0006443,50,0
MI0006446,150,0
MI0006448,100,0
MI0006450,25355,0
MI0006460,9576,0
MI0006465,98,0
MI0006470,680,0
MI0006480,190,0
MI0006484,29,0
MI0006485,84,0
MI0006490,6830,1
MI0006500,874,0
MI0006502,2023,0
MI0006505,5800,0
MI0006508,60,1
MI0006530,2155,0
MI0006531,263,0
MI0006532,65,0
MI0006537,90,0
MI0006540,1834,0
MI0006545,63409,1
MI0006552,2033,0
MI0006560,8521,0
MI0006562,722,0
MI0006568,40,0
MI0006569,55,0
MI0006571,180,1
MI0006574,57,0
MI0006575,375,0
MI0006580,11931,0
MI0006590,438,2
MI0006592,50,0
MI0006594,1188,0
MI0006600,1622,0
MI0006610,7905,0
MI0006624,216,0
MI0006625,510,0
MI0006627,160,1
MI0006630,350,0
MI0006631,74,0
MI0006640,14532,0
MI0006647,90,0
MI0006650,18544,0
MI0006680,200,0
MI0006682,492,0
MI0006690,85854,0
MI0006693,50,0
MI0006696,602,0
MI0006710,858,0
MI0006720,1630,0
MI0006725,12927,0
MI0006730,508,0
MI0006760,5059,0
MI0006763,45,0
MI0006765,50,0
MI0006770,27359,0
MI0006773,25,0
MI0006780,2697,0
MI0006790,780,0
MI0006792,150,1
MI0006800,2906,0
MI0006803,72,0
MI0006820,607,0
MI0006830,1808,0
MI0006850,538,0
MI0006875,5260,0
MI0006880,399,0
MI0006885,50,1
MI0006900,134056,0
MI0006901,22,0
MI0006905,15828,0
MI0006910,73441,1
MI0006920,575,0
MI0006930,2735,0
MI0006935,36,0
MI0006940,4435,0
MI0006950,17713,0
MI0006970,1503,0
MI0006971,125,0
MI0006975,49479,0
MI0007010,2139,0
MI0007012,61,0
MI0007015,218,1
MI0007035,330,1
MI0007040,85420,0
MI0007050,925,0
MI0007057,414,0
MI0007060,1408,0
MI0007061,224,0
MI0007062,20,0
MI0007063,303,0
MI0007064,26,0
MI0007065,6619,0
MI0007067,45,0
MI0007070,1640,0
MI0007085,32,0
MI0007099,193,1
MI0007100,2902,1
MI0007101,281,0
MI0007103,1365,0
MI0007104,30,0
MI0007105,90,0
MI0007120,3917,0
MI0007125,5444,0
MI0007126,30,0
MI0007130,90,0
MI0007134,504,0
MI0007135,13928,0
MI0007160,375,0
MI0007180,12941,0
MI0007182,16,0
MI0007185,95,1
MI0007186,15,0
MI0007210,25883,0
MI0007217,1146,0
MI0007220,72125,0
MI0007230,1900,0
MI0007231,660,0
MI0007233,27,0
MI0007235,90,0
MI0007240,74,0
MI0007260,53988,0
MI0007270,8328,0
MI0007280,1534,0
MI0007285,90,0
MI0040001,48,0
MI0040002,100,0
MI0040004,158,0
MI0040005,188,0
MI0040006,282,1
MI0040007,115,0
MI0040008,190,0
MI0040011,415,0
MI0040013,138,0
MI0040014,100,0
MI0040015,88,0
MI0040016,188,0
MI0040020,115,0
MI0040021,255,1
MI0040023,125,0
MI0040024,62,1
MI0040025,147,0
MI0040026,165,0
MI0040027,100,1
MI0040028,235,0
MI0040029,152,0
MI0040030,100,1
MI0040034,115,0
MI0040039,53,0
MI0040041,155,1
MI0040042,125,0
MI0040044,148,0
MI0040045,65,2
MI0040046,100,0
MI0040047,538,0
MI0040051,79,0
MI0040057,235,1
MI0040060,160,0
MI0040061,293,3
MI0040062,122,1
MI0040065,218,0
MI0040067,248,0
MI0040068,80,1
MI0040069,50,0
MI0040070,60,1
MI0040071,72,1
MI0040074,87,0
MI0040075,52,0
MI0040076,64,1
MI0040079,245,0
MI0040080,850,0
MI0040081,190,2
MI0040082,168,0
MI0040084,708,1
MI0040086,82,0
MI0040090,182,0
MI0040091,88,1
MI0040092,114,1
MI0040093,70,0
MI0040094,265,0
MI0040098,92,0
MI0040100,95,1
MI0040103,230,0
MI0040104,108,1
MI0040105,90,0
MI0040106,270,0
MI0040108,28,0
MI0040110,85,0
MI0040116,620,0
MI0040119,387,0
MI0040122,168,0
MI0040123,90,0
MI0040124,718,0
MI0040125,100,0
MI0040126,165,0
MI0040128,208,0
MI0040129,50,0
MI0040131,54,0
MI0040138,105,1
MI0040140,75,1
MI0040144,80,1
MI0040145,236,1
MI0040151,90,0
MI0040152,105,1
MI0040154,100,1
MI0040155,313,1
MI0040156,296,1
MI0040158,220,0
MI0040162,122,3
MI0040164,400,0
MI0040166,55,0
MI0040167,250,0
MI0040168,43,0
MI0040169,118,0
MI0040171,1200,0
MI0040172,650,0
MI0040174,40,0
MI0040175,98,0
MI0040176,360,0
MI0040177,150,0
MI0040180,48,0
MI0040181,73,1
MI0040183,70,1
MI0040184,368,0
MI0040187,170,1
MI0040190,158,1
MI0040191,90,1
MI0040193,95,0
MI0040194,458,0
MI0040197,630,1
MI0040199,647,0
MI0040200,48,1
MI0040202,25,1
MI0040203,950,0
MI0040206,272,1
MI0040208,125,0
MI0040209,68,0
MI0040210,50,0
MI0040212,13,1
MI0040216,50,0
MI0040217,93,0
MI0040218,212,0
MI0040219,220,0
MI0040220,115,0
MI0040222,102,0
MI0040223,670,3
MI0040225,388,0
MI0040226,75,1
MI0040227,10,0
MI0040230,117,0
MI0040231,372,0
MI0040233,394,0
MI0040240,145,1
MI0040241,58,1
MI0040242,915,0
MI0040246,178,0
MI0040247,150,0
MI0040248,198,0
MI0040250,190,1
MI0040253,202,1
MI0040255,380,0
MI0040256,142,0
MI0040259,580,0
MI0040264,185,1
MI0040266,55,0
MI0040273,135,0
MI0040276,715,0
MI0040277,72,0
MI0040279,365,0
MI0040284,270,0
MI0040288,392,0
MI0040292,168,1
MI0040293,52,0
MI0040294,300,0
MI0040299,266,1
MI0040302,110,1
MI0040305,68,1
MI0040306,125,1
MI0040307,30,0
MI0040308,283,0
MI0040310,63,0
MI0040311,210,1
MI0040313,53,0
MI0040314,1150,0
MI0040316,88,0
MI0040318,57,0
MI0040319,350,0
MI0040322,68,1
MI0040323,79,1
MI0040325,148,0
MI0040326,125,1
MI0040327,990,0
MI0040330,268,0
MI0040332,174,0
MI0040333,75,0
MI0040335,185,0
MI0040337,873,0
MI0040339,125,0
MI0040340,72,0
MI0040342,125,0
MI0040343,75,0
MI0040344,90,1
MI0040345,125,1
MI0040351,65,0
MI0040352,142,0
MI0040355,1125,0
MI0040356,1650,0
MI0040357,260,0
MI0040359,162,0
MI0040361,320,0
MI0040363,755,0
MI0040368,185,0
MI0040369,140,0
MI0040370,160,1
MI0040375,1728,0
MI0040376,1548,0
MI0040377,1245,0
MI0040379,405,1
MI0040384,435,0
MI0040386,673,0
MI0040387,2268,0
MI0040388,260,0
MI0040391,1260,0
MI0040397,1060,0
MI0040399,1058,0
MI0040404,650,0
MI0040405,100,0
MI0040406,158,0
MI0040410,30,0
MI0040414,185,0
MI0040416,50,0
MI0040417,413,0
MI0040418,78,2
MI0040419,130,0
MI0040425,155,2
MI0040426,268,1
MI0040431,70,0
MI0040432,68,0
MI0040435,40,0
MI0040438,280,0
MI0040441,58,2
MI0040443,285,0
MI0040446,80,0
MI0040447,215,0
MI0040448,140,0
MI0040449,263,1
MI0040450,490,0
MI0040451,380,0
MI0040452,190,0
MI0040453,238,1
MI0040454,94,1
MI0040455,185,0
MI0040456,70,0
MI0040457,87,0
MI0040458,41,0
MI0040464,950,0
MI0040466,120,0
MI0040469,80,0
MI0040470,340,0
MI0040471,398,0
MI0040472,100,0
MI0040474,80,1
MI0040476,102,1
MI0040477,108,0
MI0040480,348,0
MI0040481,208,0
MI0040482,175,0
MI0040484,145,0
MI0040488,148,0
MI0040490,94,0
MI0040491,105,0
MI0040494,98,2
MI0040495,41,0
MI0040496,50,0
MI0040497,112,0
MI0040498,55,0
MI0040500,125,0
MI0040501,99,0
MI0040503,725,0
MI0040504,60,0
MI0040515,180,0
MI0040516,250,0
MI0040519,260,0
MI0040520,50,0
MI0040525,50,0
MI0040554,112,1
MI0040563,188,0
MI0040566,585,0
MI0040571,45,0
MI0040574,75,0
MI0040575,1278,0
MI0040576,125,0
MI0040577,75,0
MI0040580,100,0
MI0040585,710,5
MI0040586,390,2
MI0040587,248,0
MI0040591,174,1
MI0040592,75,1
MI0040594,1620,0
MI0040598,55,0
MI0040599,344,2
MI0040600,1125,1
MI0040601,490,0
MI0040603,122,0
MI0040606,122,0
MI0040607,155,0
MI0040609,125,0
MI0040612,1060,0
MI0040614,1850,1
MI0040615,400,1
MI0040616,235,0
MI0040617,350,0
MI0040619,480,0
MI0040620,75,0
MI0040637,95,0
MI0040639,528,0
MI0040640,65,0
MI0040643,258,0
MI0040644,308,0
MI0040647,255,0
MI0040649,823,1
MI0040650,75,0
MI0040653,200,1
MI0040654,1543,0
MI0040655,170,0
MI0040656,190,0
MI0040657,1890,0
MI0040658,1088,0
MI0040660,700,0
MI0040662,360,1
MI0040663,720,0
MI0040664,125,0
MI0040665,435,1
MI0040668,75,0
MI0040669,1400,0
MI0040670,230,0
MI0040671,1030,0
MI0040672,425,0
MI0040673,180,1
MI0040675,345,0
MI0040678,860,0
MI0040679,1863,0
MI0040680,100,0
MI0040681,250,0
MI0040682,318,0
MI0060085,100,0
MI0060238,71,0
MI0060425,328,0
MI0060640,90,1
MI0060675,78,0
MI0060695,58,0
MI0060792,85,1
MI0060937,50,0
MI0061700,76,0
MI0062653,60,1
MI0062658,86,0
MI0062841,39,0
MI0062942,43,0
MI0062955,150,2
MI0063476,39,0
MI0063477,177,0
MI0063635,61,0
MI0063865,39,0
MI0064067,25,0
MI0064070,45,0
MI0064213,154,0
MI0064934,102,0
MI0066355,60,2
MI0066695,40,2
MI0066700,25,0
MI0067020,100,1
MI0067101,190,1
MI0070017,165,0
MN1010001,2165,0
MN1010002,95,1
MN1010011,633,0
MN1010013,166,1
MN1010016,394,0
MN1010019,25,0
MN1020001,17798,0
MN1020002,804,0
MN1020005,500,0
MN1020006,70220,0
MN1020007,1300,0
MN1020010,2000,0
MN1020011,406,0
MN1020013,5075,0
MN1020014,235,0
MN1020015,1300,0
MN1020016,22278,0
MN1020017,64000,0
MN1020023,17859,0
MN1020024,650,0
MN1020025,280,0
MN1020028,5200,0
MN1020029,7200,0
MN1020030,225,0
MN1020031,27476,0
MN1020032,2738,4
MN1020033,880,0
MN1020034,21455,0
MN1020035,17705,0
MN1020036,3962,0
MN1020037,69,0
MN1020038,67,0
MN1020040,60,0
MN1020041,89,0
MN1020042,500,0
MN1020043,123,0
MN1020044,623,0
MN1030001,570,0
MN1030003,200,0
MN1030004,234,0
MN1030005,10038,0
MN1030006,60,4
MN1030010,80,0
MN1030014,1400,0
MN1030016,714,0
MN1030022,40,0
MN1030025,204,0
MN1040001,125,0
MN1040002,15147,0
MN1040007,80,0
MN1040009,60,0
MN1040014,826,0
MN1040017,259,0
MN1040024,40,0
MN1040026,60,0
MN1040027,70,1
MN1040030,80,0
MN1040031,150,0
MN1040032,60,0
MN1040033,35,0
MN1040034,50,0
MN1040035,60,0
MN1040036,50,0
MN1040038,60,0
MN1040039,70,0
MN1050001,2711,0
MN1050002,2187,0
MN1050003,400,0
MN1050004,13835,0
MN1050005,91,0
MN1050009,120,0
MN1050010,97,0
MN1050011,80,0
MN1060002,216,0
MN1060003,395,0
MN1060004,35,0
MN1060005,543,0
MN1060006,25,0
MN1060007,96,0
MN1060008,2021,0
MN1060009,110,0
MN1060010,125,0
MN1070001,535,3
MN1070002,3268,0
MN1070005,583,0
MN1070006,2554,0
MN1070007,1017,0
MN1070009,42803,0
MN1070012,94,2
MN1070013,1756,0
MN1070015,247,0
MN1070016,164,0
MN1070017,846,0
MN1070018,289,0
MN1070019,323,0
MN1070022,60,0
MN1070024,140,1
MN1070025,38,0
MN1070026,325,0
MN1080001,402,0
MN1080002,393,0
MN1080003,14052,0
MN1080005,3599,0
MN1080008,2070,0
MN1080009,86,0
MN1080010,33,0
MN1090001,621,0
MN1090003,1146,0
MN1090005,12864,0
MN1090007,250,0
MN1090008,168,0
MN1090009,1782,0
MN1090010,975,0
MN1090011,1003,0
MN1090013,399,0
MN1090020,25,0
MN1100001,24951,0
MN1100002,30000,0
MN1100004,1700,0
MN1100005,530,0
MN1100006,1900,0
MN1100007,422,0
MN1100009,10546,0
MN1100010,13277,0
MN1100012,4550,0
MN1100015,520,1
MN1100017,6700,0
MN1100019,3850,0
MN1110002,267,0
MN1110006,691,0
MN1110008,306,0
MN1110011,369,0
MN1110013,990,0
MN1110019,939,0
MN1110030,523,0
MN1110033,64,0
MN1110034,65,0
MN1110035,50,0
MN1111112,75,0
MN1111113,100,0
MN1111117,81,0
MN1120001,1372,0
MN1120002,388,0
MN1120003,418,0
MN1120004,5337,0
MN1120006,175,0
MN1130001,305,0
MN1130003,3745,0
MN1130005,400,0
MN1130006,50,0
MN1130007,4938,0
MN1130008,90,0
MN1130010,150,0
MN1130011,6863,0
MN1130013,3339,0
MN1130014,1165,0
MN1130016,1593,0
MN1130017,1067,0
MN1130018,3990,0
MN1130019,200,0
MN1130020,100,0
MN1130021,85,5
MN1130023,388,0
MN1130024,240,0
MN1140001,2784,0
MN1140002,95,1
MN1140003,4918,0
MN1140005,1386,0
MN1140006,2267,0
MN1140007,208,0
MN1140008,44583,0
MN1140010,629,1
MN1140011,500,0
MN1140012,178,0
MN1140014,76,0
MN1140016,125,0
MN1140020,200,0
MN1150001,1288,0
MN1150003,458,0
MN1150005,276,0
MN1160001,1344,0
MN1160006,60,0
MN1170002,369,0
MN1170003,2018,0
MN1170004,215,0
MN1170005,785,0
MN1170006,4646,0
MN1170008,128,0
MN1170009,5840,0
MN1170010,58,0
MN1170011,55,0
MN1180002,14670,0
MN1180003,35,0
MN1180005,50,0
MN1180008,2377,0
MN1180011,175,0
MN1180012,530,0
MN1180016,36,0
MN1180017,578,0
MN1180019,1200,0
MN1180025,132,1
MN1180026,67,0
MN1180027,9341,0
MN1180028,84,0
MN1180030,180,0
MN1180034,50,0
MN1180035,25,0
MN1180036,45,2
MN1180038,30,0
MN1180040,25,0
MN1180041,40,0
MN1180042,30,0
MN1180045,100,0
MN1180050,100,0
MN1190001,50300,0
MN1190002,61747,0
MN1190007,68223,0
MN1190008,23534,0
MN1190009,3152,0
MN1190010,691,0
MN1190011,120,0
MN1190012,23222,0
MN1190013,180,0
MN1190014,34189,4
MN1190015,67300,0
MN1190016,400,0
MN1190019,26500,1
MN1190020,20664,0
MN1190021,40,0
MN1190022,200,0
MN1190025,355,1
MN1190027,1185,4
MN1190028,451,0
MN1190031,53,1
MN1200001,773,0
MN1200002,2939,0
MN1200004,1363,0
MN1200005,6850,0
MN1200006,1197,0
MN1200007,773,0
MN1210001,15000,0
MN1210002,150,0
MN1210009,501,0
MN1210010,492,0
MN1210013,603,0
MN1210017,264,0
MN1210020,1780,0
MN1210021,350,0
MN1210023,107,0
MN1210024,37,4
MN1210027,40,0
MN1220001,3174,0
MN1220002,359,0
MN1220003,171,0
MN1220004,663,0
MN1220005,199,0
MN1220007,191,0
MN1220008,491,0
MN1220009,71,0
MN1220010,2343,0
MN1220011,1391,0
MN1220012,78,2
MN1220013,683,0
MN1230001,316,0
MN1230002,3005,0
MN1230003,407,0
MN1230004,140,0
MN1230005,1042,0
MN1230006,727,0
MN1230007,715,0
MN1230008,256,0
MN1230009,227,0
MN1230010,1322,0
MN1230011,1860,0
MN1230012,2580,0
MN1230013,444,0
MN1230014,265,0
MN1240001,18492,0
MN1240004,661,1
MN1240005,695,0
MN1240006,137,0
MN1240007,384,0
MN1240008,259,0
MN1240009,538,1
MN1240010,566,4
MN1240011,321,1
MN1240012,254,4
MN1240013,294,0
MN1240014,53,0
MN1240015,48,0
MN1240016,134,2
MN1240019,202,0
MN1250001,4237,0
MN1250003,100,0
MN1250005,1200,0
MN1250006,169,0
MN1250007,1817,0
MN1250012,3324,0
MN1250013,16459,0
MN1250017,170,0
MN1250018,1113,0
MN1250020,3172,0
MN1250021,220,1
MN1250022,143,0
MN1260001,472,0
MN1260002,374,0
MN1260003,1285,0
MN1260005,386,0
MN1260006,703,0
MN1260007,50,1
MN1260008,167,0
MN1270001,91300,0
MN1270004,33782,0
MN1270005,89995,0
MN1270006,23919,0
MN1270008,22937,0
MN1270010,63726,0
MN1270011,53494,0
MN1270012,2483,0
MN1270013,1442,0
MN1270014,23000,0
MN1270015,490,0
MN1270016,19462,0
MN1270018,1729,0
MN1270019,637,0
MN1270020,82000,0
MN1270021,2174,0
MN1270023,4205,0
MN1270024,425300,0
MN1270025,500,0
MN1270031,54474,0
MN1270034,547,0
MN1270036,5888,0
MN1270038,9447,0
MN1270040,20963,0
MN1270041,3062,0
MN1270042,2650,0
MN1270044,76546,0
MN1270045,36899,0
MN1270046,14646,0
MN1270047,14430,0
MN1270048,9500,0
MN1270049,2374,0
MN1270050,50010,0
MN1270051,3890,0
MN1270053,1743,0
MN1270054,4592,0
MN1270061,700,0
MN1270062,80,0
MN1270066,116,0
MN1270073,4985,0
MN1270074,313,0
MN1270075,2964,0
MN1270076,33,0
MN1270080,1300,0
MN1280002,2824,0
MN1280003,276,0
MN1280004,555,0
MN1280005,997,0
MN1280007,5257,0
MN1280010,1291,0
MN1290001,426,0
MN1290003,4298,0
MN1290008,160,0
MN1290010,390,0
MN1290011,40,1
MN1290012,140,0
MN1290013,25,0
MN1300001,1789,0
MN1300002,9862,0
MN1300003,460,0
MN1300005,7386,0
MN1300006,249,0
MN1310001,397,0
MN1310003,821,0
MN1310004,332,0
MN1310006,1997,0
MN1310007,942,0
MN1310010,100,0
MN1310011,11346,0
MN1310013,100,0
MN1310017,80,0
MN1310021,1068,0
MN1310023,699,0
MN1310024,971,0
MN1310028,644,0
MN1310029,75,0
MN1310030,162,0
MN1310035,1000,0
MN1310038,653,0
MN1310040,70,0
MN1320001,112,1
MN1320002,691,0
MN1320003,3323,0
MN1320004,1694,0
MN1320005,188,0
MN1320006,60,0
MN1330001,3786,0
MN1330004,398,0
MN1330005,70,0
MN1340001,1133,0
MN1340002,161,0
MN1340003,560,0
MN1340004,236,5
MN1340005,1319,0
MN1340006,492,0
MN1340007,511,0
MN1340008,799,0
MN1340009,70,0
MN1340010,1225,0
MN1340015,36,0
MN1340016,21045,0
MN1340019,90,0
MN1340020,60,0
MN1340021,1335,0
MN1350001,850,0
MN1350002,713,0
MN1350003,181,0
MN1350004,168,0
MN1350005,361,0
MN1350006,2752,0
MN1360001,192,0
MN1360002,5637,0
MN1360004,542,0
MN1360005,156,0
MN1360006,565,0
MN1370001,168,0
MN1370002,141,0
MN1370003,1466,0
MN1370004,1511,0
MN1370005,135,0
MN1370006,60,0
MN1380001,130,0
MN1380003,1826,0
MN1380005,3698,0
MN1390001,947,0
MN1390002,55,0
MN1400001,719,0
MN1400003,656,4
MN1400005,670,0
MN1400006,34,0
MN1400007,134,0
MN1400008,2544,0
MN1400010,4170,0
MN1400012,3379,0
MN1400013,8247,0
MN1400015,1868,0
MN1400019,63,0
MN1410001,650,0
MN1410002,559,0
MN1410003,676,0
MN1410004,1122,0
MN1410005,32,0
MN1410006,74,0
MN1410007,13644,0
MN1420001,639,0
MN1420002,1212,0
MN1420003,39,0
MN1420004,370,0
MN1420005,448,0
MN1420006,13890,0
MN1420007,1380,0
MN1420008,338,0
MN1420009,135,0
MN1420010,2154,0
MN1420011,135,0
MN1420012,89,0
MN1430001,113,0
MN1430002,722,0
MN1430003,5676,0
MN1430004,14900,0
MN1430005,60,0
MN1430006,1904,0
MN1430007,319,0
MN1430008,850,0
MN1430009,482,3
MN1430010,2226,0
MN1440001,72,0
MN1440002,1217,0
MN1440004,404,0
MN1450001,377,0
MN1450002,533,0
MN1450003,179,0
MN1450005,3295,0
MN1450006,299,0
MN1450007,338,0
MN1450008,242,0
MN1450009,568,0
MN1450010,63,1
MN1450011,85,0
MN1450012,1551,0
MN1450013,84,0
MN1460001,369,0
MN1460002,167,0
MN1460003,10328,0
MN1460004,297,3
MN1460006,211,0
MN1460007,1058,0
MN1460009,734,0
MN1460010,1115,0
MN1460011,653,0
MN1470002,350,0
MN1470003,1503,0
MN1470007,635,0
MN1470008,6786,0
MN1470010,958,0
MN1470011,513,0
MN1470012,1042,0
MN1480001,820,0
MN1480002,3043,0
MN1480003,831,0
MN1480004,80,0
MN1480008,5421,0
MN1480011,400,0
MN1480014,340,0
MN1480016,83,0
MN1480017,242,0
MN1490001,309,0
MN1490002,9069,0
MN1490003,680,0
MN1490004,1531,0
MN1490005,608,0
MN1490006,1266,0
MN1490007,333,0
MN1490008,482,0
MN1490009,279,1
MN1500001,672,0
MN1500002,26174,0
MN1500003,59,0
MN1500006,338,0
MN1500007,149,0
MN1500008,1154,0
MN1500009,959,0
MN1500011,521,2
MN1500012,482,0
MN1500013,135,0
MN1500014,400,0
MN1500015,61,0
MN1500016,157,0
MN1500017,682,0
MN1500021,40,0
MN1500022,180,0
MN1500023,50,0
MN1510001,111,0
MN1510002,270,0
MN1510003,226,0
MN1510005,1318,0
MN1510006,56,0
MN1510007,162,0
MN1510008,247,0
MN1510009,1964,0
MN1510010,61,0
MN1520001,635,0
MN1520002,504,3
MN1520004,1117,0
MN1520005,14448,0
MN1520006,12198,0
MN1520007,54,0
MN1530001,1211,0
MN1530002,235,1
MN1530003,506,0
MN1530004,68,0
MN1530005,462,2
MN1530006,209,0
MN1530007,237,0
MN1530008,376,0
MN1530009,342,0
MN1530010,344,0
MN1530011,14052,0
MN1530012,75,0
MN1540001,1725,0
MN1540002,99,0
MN1540003,548,0
MN1540004,285,0
MN1540006,113,0
MN1540007,174,0
MN1540008,707,0
MN1540010,226,1
MN1540011,26,0
MN1550001,6809,0
MN1550002,56,0
MN1550003,270,0
MN1550004,792,0
MN1550005,73,0
MN1550006,2043,0
MN1550008,505,0
MN1550009,65,0
MN1550010,123624,0
MN1550016,50,0
MN1550020,300,0
MN1550021,125,0
MN1550026,6850,0
MN1550027,158,0
MN1550029,170,0
MN1550031,40,0
MN1550035,90,0
MN1550036,2040,0
MN1560001,918,0
MN1560004,31,0
MN1560007,329,0
MN1560008,209,0
MN1560014,14194,0
MN1560016,851,0
MN1560017,1287,0
MN1560018,1023,0
MN1560019,2577,0
MN1560023,3421,0
MN1560026,380,0
MN1560028,168,3
MN1560029,358,0
MN1560030,25,5
MN1560032,694,0
MN1560035,40,0
MN1570001,100,0
MN1570002,257,0
MN1570003,8701,1
MN1570004,60,0
MN1570005,50,0
MN1570006,90,0
MN1580001,364,0
MN1580002,315,0
MN1580004,25,0
MN1580005,1964,0
MN1580006,90,0
MN1580008,3458,0
MN1580010,1425,0
MN1580012,1587,0
MN1580014,240,0
MN1580016,55,0
MN1580017,133,4
MN1580019,400,0
MN1580020,410,0
MN1580021,406,0
MN1580023,150,0
MN1590001,1281,0
MN1590003,63,0
MN1590004,623,0
MN1590005,4273,0
MN1590007,220,0
MN1590008,86,0
MN1590009,108,0
MN1590010,187,0
MN1590011,54,0
MN1590012,90,0
MN1600001,223,1
MN1600002,7272,0
MN1600004,9206,0
MN1600005,384,0
MN1600008,789,0
MN1600009,401,0
MN1600010,1385,0
MN1600011,584,0
MN1600012,76,0
MN1600013,181,0
MN1600014,85,0
MN1610001,318,0
MN1610003,2705,0
MN1610007,333,0
MN1610008,1440,0
MN1610009,60,0
MN1610010,25,0
MN1620001,10000,0
MN1620005,10200,0
MN1620008,13250,0
MN1620009,22902,0
MN1620011,13134,0
MN1620013,35343,0
MN1620016,315,0
MN1620017,458,0
MN1620018,266,0
MN1620019,125,0
MN1620020,26000,0
MN1620021,550,0
MN1620024,25634,0
MN1620025,11699,0
MN1620026,392529,1
MN1620030,13025,0
MN1620038,60,0
MN1620040,459,0
MN1630001,411,0
MN1630002,276,0
MN1630003,1328,0
MN1640001,300,0
MN1640002,157,0
MN1640003,828,0
MN1640004,210,0
MN1640005,252,0
MN1640006,896,0
MN1640008,5254,0
MN1640010,95,0
MN1640011,339,0
MN1640012,319,0
MN1640013,735,0
MN1640014,825,0
MN1640015,84,0
MN1640018,80,0
MN1650001,1024,0
MN1650003,703,0
MN1650004,446,0
MN1650005,1295,0
MN1650006,496,0
MN1650009,1127,0
MN1650010,400,0
MN1650011,2353,0
MN1650012,1301,0
MN1650013,485,0
MN1660002,23718,0
MN1660004,90,0
MN1660005,2103,0
MN1660006,3913,0
MN1660007,987,0
MN1660008,60,0
MN1660009,299,0
MN1660010,20790,0
MN1660011,190,0
MN1660013,2485,0
MN1660015,1490,0
MN1660017,49,0
MN1660022,110,4
MN1660023,32,0
MN1670001,297,0
MN1670002,198,0
MN1670003,685,0
MN1670004,4946,0
MN1670005,214,0
MN1670006,180,0
MN1670007,2919,0
MN1670008,56,0
MN1680001,434,0
MN1680002,680,0
MN1680003,2729,0
MN1680004,150,5
MN1680006,1857,0
MN1680008,450,0
MN1680009,90,0
MN1680011,350,0
MN1680012,100,1
MN1680013,40,0
MN1680014,80,0
MN1680015,110,0
MN1680017,40,0
MN1690001,1559,0
MN1690002,1764,0
MN1690003,1379,0
MN1690004,975,0
MN1690006,1000,0
MN1690007,4940,0
MN1690008,70,0
MN1690009,574,0
MN1690011,86859,0
MN1690014,3258,2
MN1690018,3770,2
MN1690020,1829,0
MN1690022,16028,0
MN1690028,2020,0
MN1690029,87,0
MN1690030,44,0
MN1690031,154,0
MN1690033,110,0
MN1690034,135,1
MN1690035,2880,0
MN1690038,249,0
MN1690042,3099,0
MN1690043,7215,0
MN1690045,446,0
MN1690046,8361,0
MN1690048,501,0
MN1690049,1085,0
MN1690051,426,0
MN1690057,173,0
MN1690058,565,0
MN1690063,42,0
MN1700001,7456,0
MN1700003,6700,0
MN1700005,110,0
MN1700007,25282,0
MN1700008,30285,2
MN1700009,47000,0
MN1700010,197,0
MN1700011,220,0
MN1700012,579,0
MN1700015,130,0
MN1700016,27,1
MN1700021,180,0
MN1700024,100,0
MN1700025,50,0
MN1700026,320,0
MN1700027,100,0
MN1700029,5003,0
MN1710002,13056,0
MN1710004,19532,0
MN1710005,200,0
MN1710006,6772,0
MN1710008,5034,0
MN1710009,802,0
MN1710013,180,0
MN1710014,160,0
MN1710015,80,0
MN1720001,2230,0
MN1720002,2269,0
MN1720004,790,0
MN1720005,599,0
MN1720006,886,0
MN1720007,456,0
MN1720008,1330,1
MN1720009,100,4
MN1730001,2805,0
MN1730002,1667,0
MN1730004,745,0
MN1730005,646,0
MN1730006,4201,0
MN1730009,2500,0
MN1730012,367,0
MN1730013,685,0
MN1730014,770,0
MN1730015,911,0
MN1730016,3886,0
MN1730017,320,0
MN1730018,2575,0
MN1730022,1485,0
MN1730026,765,0
MN1730027,71321,0
MN1730028,40,0
MN1730030,750,0
MN1730033,7100,0
MN1730034,1600,0
MN1730035,343,1
MN1730036,20300,0
MN1730037,4657,0
MN1730038,68,0
MN1730039,8354,0
MN1730043,104,0
MN1730051,36,0
MN1730052,70,0
MN1730053,48,0
MN1730059,144,1
MN1730060,35,0
MN1730061,25,0
MN1730063,1425,0
MN1740001,1987,0
MN1740003,636,0
MN1740004,50,0
MN1740005,1200,0
MN1740006,426,0
MN1740007,26430,0
MN1740008,51,4
MN1750001,92,0
MN1750002,400,0
MN1750003,216,0
MN1750004,845,0
MN1750005,5351,0
MN1760001,1376,0
MN1760004,110,0
MN1760005,86,0
MN1760006,806,0
MN1760007,306,0
MN1760008,3437,0
MN1770001,557,0
MN1770002,836,0
MN1770003,662,0
MN1770004,545,0
MN1770005,330,0
MN1770007,3744,0
MN1770011,3089,0
MN1770015,256,0
MN1780001,566,0
MN1780002,75,0
MN1780003,68,2
MN1780004,1465,0
MN1790001,1115,0
MN1790002,110,0
MN1790003,469,0
MN1790004,5042,0
MN1790009,842,0
MN1790010,171,0
MN1790012,3340,0
MN1790013,2521,0
MN1790015,181,0
MN1790016,95,0
MN1800001,1347,0
MN1800002,742,0
MN1800003,506,0
MN1800004,4332,0
MN1810001,2275,0
MN1810002,1201,0
MN1810003,216,2
MN1810004,9241,0
MN1820001,2700,0
MN1820002,781,0
MN1820003,864,0
MN1820004,42760,0
MN1820005,11800,0
MN1820006,330,0
MN1820007,12047,0
MN1820008,300,0
MN1820009,10978,0
MN1820010,2400,0
MN1820013,8818,0
MN1820014,4000,0
MN1820016,30144,0
MN1820018,5427,0
MN1820019,35,0
MN1820020,4776,0
MN1820021,25,0
MN1820022,525,0
MN1820024,19462,0
MN1820025,82643,0
MN1820026,50,0
MN1820028,156,0
MN1820029,3500,0
MN1820030,65,0
MN1820033,28,0
MN1820034,140,0
MN1820035,95,0
MN1820036,80,0
MN1820038,70,0
MN1830001,586,0
MN1830002,87,0
MN1830003,225,0
MN1830004,2319,1
MN1830005,129,0
MN1830006,4611,0
MN1830008,109,0
MN1830009,90,1
MN1840002,3340,0
MN1840003,159,0
MN1840004,63,0
MN1840006,503,0
MN1840007,124,0
MN1850001,60,0
MN1850003,146,0
MN1850005,86,0
MN1850006,1512,0
MN1850008,664,0
MN1850009,3825,0
MN1850011,293,0
MN1850012,4158,0
MN1850013,27782,0
MN1850017,464,0
MN1850018,493,0
MN1850020,697,0
MN1860002,3430,0
MN1860003,70,0
MN1860005,16711,0
MN1860006,2792,0
MN1860007,6564,0
MN1860010,2180,0
MN1860011,2215,0
MN1860012,15087,0
MN1860013,1000,2
MN1860015,250,0
MN1860016,3899,0
MN1860017,300,0
MN1860018,4863,0
MN1860019,2100,0
MN1860021,183,0
MN1860024,30922,0
MN1860025,2129,0
MN1860026,19000,0
MN1870001,1769,0
MN1870002,841,0
MN1870003,269,0
MN1870004,2843,0
MN1870005,275,0
MN1870006,180,0
MN1870007,97,0
MN1870008,423,0
MN1870011,61,1
MO0400900,25,0
MO1010001,1635,0
MO1010006,2100,1
MO1010009,494,0
MO1010010,207,0
MO1010013,236,0
MO1010014,190,2
MO1010024,1300,0
MO1010046,220,0
MO1010049,225,0
MO1010061,23598,0
MO1010068,3292,1
MO1010070,200,0
MO1010076,123,1
MO1010080,61084,0
MO1010084,187,0
MO1010098,878,2
MO1010099,333,0
MO1010113,3076,0
MO1010117,630,1
MO1010118,4219,0
MO1010122,290,0
MO1010123,324,0
MO1010131,11963,0
MO1010150,272,0
MO1010161,382,0
MO1010167,245,0
MO1010173,210,0
MO1010174,690,2
MO1010177,11373,0
MO1010179,166,0
MO1010182,192,0
MO1010184,2500,3
MO1010191,400,0
MO1010193,349,0
MO1010204,670,0
MO1010205,433,2
MO1010225,965,0
MO1010233,400,0
MO1010234,250,0
MO1010237,615,0
MO1010249,169,0
MO1010254,205,2
MO1010261,11084,0
MO1010265,638,0
MO1010277,214,1
MO1010292,482,1
MO1010299,1821,0
MO1010301,1590,1
MO1010306,380,2
MO1010307,27000,0
MO1010318,1360,0
MO1010319,170,0
MO1010320,16000,0
MO1010324,850,0
MO1010342,1813,1
MO1010346,569,0
MO1010349,10019,0
MO1010358,397,0
MO1010363,4800,0
MO1010371,2683,0
MO1010378,550,1
MO1010388,330,0
MO1010399,120000,0
MO1010405,121,0
MO1010406,567,0
MO1010415,553295,0
MO1010416,11500,0
MO1010425,1100,3
MO1010426,290,0
MO1010427,345,0
MO1010432,2863,0
MO1010445,1083,0
MO1010453,2945,0
MO1010454,2546,0
MO1010459,99400,0
MO1010460,601,0
MO1010464,4729,0
MO1010466,30800,0
MO1010481,802,0
MO1010489,155,0
MO1010508,10775,3
MO1010510,1096,4
MO1010511,211,0
MO1010532,254,0
MO1010541,384,0
MO1010546,93,3
MO1010548,1159,0
MO1010567,283,0
MO1010580,4500,0
MO1010583,375,0
MO1010589,8289,0
MO1010599,5202,0
MO1010605,837,0
MO1010607,752,0
MO1010609,405,0
MO1010625,16645,0
MO1010627,135,0
MO1010632,315,1
MO1010633,6226,0
MO1010646,4691,0
MO1010648,2354,0
MO1010649,8262,0
MO1010653,575,0
MO1010673,420,1
MO1010675,21517,0
MO1010676,17066,0
MO1010682,1400,1
MO1010685,5797,0
MO1010688,372,0
MO1010696,1318,0
MO1010698,175,0
MO1010714,89171,0
MO1010724,5249,0
MO1010739,235,0
MO1010742,375,0
MO1010744,230,0
MO1010748,10885,0
MO1010755,1220,0
MO1010757,142,2
MO1010762,928,0
MO1010773,3500,0
MO1010786,1494,0
MO1010795,390,0
MO1010802,386,0
MO1010808,505,0
MO1010833,18500,0
MO1010839,900,1
MO1010842,2077,0
MO1010846,812,0
MO1010850,115,0
MO1010851,1850,0
MO1010865,2900,0
MO1010871,750,0
MO1010880,1600,0
MO1010921,1000,0
MO1010940,82,0
MO1010980,995,0
MO1011067,120,0
MO1011181,250,0
MO1011182,2000,1
MO1011643,260,1
MO1020869,4075,0
MO1021071,258,1
MO1021080,2448,0
MO1021082,1948,0
MO1021098,1335,0
MO1021117,2993,0
MO1021160,500,1
MO1021175,1140,0
MO1021221,900,0
MO1021304,1140,0
MO1021318,1452,0
MO1021595,25,0
MO1024004,6042,0
MO1024005,3580,0
MO1024006,1178,0
MO1024007,600,0
MO1024009,700,0
MO1024030,268,0
MO1024031,752,2
MO1024032,432,0
MO1024033,2348,1
MO1024034,2690,0
MO1024035,1613,0
MO1024064,2115,0
MO1024078,335,0
MO1024079,695,0
MO1024110,3068,0
MO1024111,4143,0
MO1024112,2575,0
MO1024113,723,0
MO1024114,4650,0
MO1024115,3225,0
MO1024116,1840,0
MO1024117,2875,0
MO1024118,6063,0
MO1024119,198,0
MO1024142,3485,0
MO1024143,3447,0
MO1024144,1032,0
MO1024145,1191,0
MO1024146,4912,0
MO1024147,245,0
MO1024149,2243,0
MO1024150,2465,0
MO1024153,1080,0
MO1024154,840,2
MO1024155,3722,0
MO1024156,4968,2
MO1024186,2165,0
MO1024191,7635,0
MO1024223,1375,0
MO1024241,823,0
MO1024242,3740,1
MO1024247,2700,0
MO1024275,24500,0
MO1024276,16440,0
MO1024278,5705,0
MO1024279,9700,0
MO1024281,8772,0
MO1024282,2530,0
MO1024309,3730,0
MO1024310,12490,0
MO1024311,4700,0
MO1024324,8250,0
MO1024326,7180,0
MO1024428,6428,0
MO1024476,741,1
MO1024477,615,1
MO1024478,9552,0
MO1024479,7074,0
MO1024480,2095,0
MO1024481,1750,0
MO1024482,1200,0
MO1024483,1860,0
MO1024510,2490,0
MO1024511,9360,0
MO1024512,1970,0
MO1024646,1497,0
MO1031250,220,0
MO1031517,102,0
MO1031536,120,0
MO1031542,28,0
MO1031547,327,0
MO1036130,400,0
MO1036167,130,0
MO1036172,1138,0
MO1036387,335,0
MO1041186,115,0
MO1041187,155,0
MO1041228,100,0
MO1041289,805,0
MO1041483,35,0
MO1041486,45,0
MO1041487,100,1
MO1041587,45,0
MO1041618,300,0
MO1041650,60,0
MO1041651,250,0
MO1041653,100,0
MO1041654,222,0
MO1046371,135,0
MO1046372,320,0
MO1046373,320,0
MO1048046,350,0
MO1048081,1500,0
MO1048442,795,0
MO1061484,30,0
MO1070639,25,0
MO1071079,25,0
MO1071603,25,0
MO1079501,10106,0
MO2010029,235,2
MO2010035,376,0
MO2010082,200,0
MO2010091,305,1
MO2010093,4195,0
MO2010097,238,0
MO2010105,4111,0
MO2010108,265,0
MO2010109,858,0
MO2010112,408,0
MO2010125,248,0
MO2010134,3200,0
MO2010140,3514,0
MO2010162,10187,0
MO2010163,202,0
MO2010165,800,0
MO2010169,442,1
MO2010201,203,0
MO2010224,335,0
MO2010238,1014,0
MO2010247,52,0
MO2010268,450,1
MO2010271,2800,0
MO2010288,349,0
MO2010300,166,0
MO2010305,125,0
MO2010308,1103,1
MO2010312,195,0
MO2010328,212,0
MO2010329,578,1
MO2010338,480,0
MO2010344,17108,1
MO2010362,560,0
MO2010389,98,0
MO2010390,184,2
MO2010393,1563,0
MO2010414,1961,0
MO2010420,500,3
MO2010429,17566,1
MO2010436,660,0
MO2010437,345,0
MO2010438,511,1
MO2010440,875,1
MO2010450,728,0
MO2010451,1366,0
MO2010452,240,0
MO2010463,580,0
MO2010472,278,0
MO2010479,3244,3
MO2010487,5489,0
MO2010488,554,0
MO2010491,200,0
MO2010497,2200,0
MO2010502,12934,0
MO2010506,559,0
MO2010512,415,0
MO2010513,1822,3
MO2010514,207,0
MO2010515,318,3
MO2010519,13000,0
MO2010520,140,0
MO2010523,1759,1
MO2010533,13783,0
MO2010538,2500,5
MO2010559,158,0
MO2010566,1089,0
MO2010569,975,1
MO2010574,109,0
MO2010578,617,0
MO2010587,376,0
MO2010623,3595,0
MO2010624,1161,0
MO2010635,694,0
MO2010664,1283,0
MO2010722,1620,0
MO2010736,1771,0
MO2010737,552,0
MO2010745,1835,1
MO2010753,254,0
MO2010780,1309,0
MO2010790,130,0
MO2010796,5600,0
MO2010804,1735,0
MO2010812,3140,0
MO2010840,420,0
MO2010857,223,0
MO2010875,209,0
MO2010881,762,0
MO2010882,300,0
MO2020421,25,0
MO2021537,25,0
MO2021598,25,0
MO2024000,7500,0
MO2024014,4016,0
MO2024105,3063,0
MO2024125,1078,0
MO2024128,5200,0
MO2024138,7140,0
MO2024237,3900,0
MO2024259,2100,1
MO2024261,1165,0
MO2024313,3947,0
MO2024335,1700,0
MO2024346,1420,2
MO2024350,1350,0
MO2024352,1320,0
MO2024353,2215,1
MO2024354,2087,0
MO2024355,1507,0
MO2024363,12865,0
MO2024377,4900,0
MO2024382,3200,0
MO2024402,6700,0
MO2024471,7590,0
MO2024495,2550,0
MO2024499,7662,2
MO2024500,6482,0
MO2024504,11250,0
MO2024555,480,0
MO2024556,883,0
MO2024557,3000,1
MO2024559,3482,0
MO2024565,3360,0
MO2024572,3300,0
MO2024594,4412,0
MO2036165,585,0
MO2041558,285,0
MO2041594,25,0
MO2046330,250,0
MO3010033,4999,0
MO3010039,1001,0
MO3010047,207,0
MO3010054,1300,0
MO3010075,181,0
MO3010089,7964,0
MO3010115,337,0
MO3010124,4423,1
MO3010130,3960,0
MO3010146,95,0
MO3010149,278,0
MO3010152,4027,0
MO3010155,396,1
MO3010166,353,0
MO3010180,1150,0
MO3010181,126254,0
MO3010196,933,0
MO3010219,1221,0
MO3010240,4895,2
MO3010257,125,0
MO3010291,450,0
MO3010296,12600,0
MO3010332,595,1
MO3010340,1732,0
MO3010384,198,0
MO3010386,158,0
MO3010396,700,1
MO3010400,88,0
MO3010407,368,0
MO3010409,30075,0
MO3010424,128,0
MO3010441,2007,0
MO3010448,1120,0
MO3010469,1100,0
MO3010470,1500,0
MO3010471,244,0
MO3010517,210,0
MO3010535,208,0
MO3010563,669,0
MO3010614,450,0
MO3010642,768,0
MO3010660,280,0
MO3010684,1863,1
MO3010700,20800,0
MO3010706,800,0
MO3010709,435,0
MO3010712,3935,0
MO3010720,5192,0
MO3010728,21725,0
MO3010746,563,0
MO3010767,1094,0
MO3010771,945,0
MO3010783,172,0
MO3010791,2861,0
MO3010819,2539,0
MO3010822,591,0
MO3010831,1506,0
MO3010835,2402,0
MO3010841,5460,0
MO3010887,324,0
MO3010904,130,0
MO3011121,150,0
MO3011346,1740,0
MO3011367,2611,0
MO3021138,474,0
MO3021236,300,0
MO3021326,300,0
MO3021332,1000,0
MO3021377,7912,0
MO3024052,6455,0
MO3024055,24700,0
MO3024058,15035,0
MO3024059,4963,0
MO3024084,9840,0
MO3024085,13080,0
MO3024090,1300,0
MO3024091,1600,0
MO3024159,16548,0
MO3024160,13107,0
MO3024162,2000,0
MO3024163,7568,0
MO3024164,260,0
MO3024169,562,0
MO3024170,2451,0
MO3024395,200,2
MO3024396,1400,0
MO3024413,990,0
MO3024437,1221,0
MO3024438,705,0
MO3024439,2800,0
MO3024440,357,0
MO3024441,468,0
MO3024465,800,1
MO3024466,523,0
MO3024467,1768,0
MO3024490,4000,1
MO3024491,8038,0
MO3024492,1113,0
MO3030474,72,0
MO3030981,100,0
MO3031089,200,0
MO3031118,160,0
MO3031133,140,0
MO3031167,50,1
MO3031183,215,0
MO3031201,2065,0
MO3031207,50,0
MO3031208,75,0
MO3031220,435,0
MO3031232,100,0
MO3031242,65,0
MO3031244,83,0
MO3031257,250,0
MO3031265,175,0
MO3031267,175,0
MO3031279,79,0
MO3031280,75,0
MO3031290,160,0
MO3031293,414,1
MO3031299,50,0
MO3031301,105,0
MO3031302,260,0
MO3031317,25,1
MO3031321,26,0
MO3031322,273,0
MO3031338,126,0
MO3031349,75,0
MO3031358,1298,2
MO3031364,120,0
MO3031365,300,0
MO3031366,173,0
MO3031381,36,0
MO3036043,125,0
MO3036050,800,0
MO3036065,144,0
MO3036066,35,0
MO3036078,134,0
MO3036099,40,0
MO3036105,155,0
MO3036113,450,0
MO3036121,400,0
MO3036122,165,0
MO3036123,200,1
MO3036127,245,0
MO3036131,1008,0
MO3036133,119,0
MO3036151,182,0
MO3036153,450,0
MO3036155,82,0
MO3036166,240,1
MO3036175,78,0
MO3036179,216,0
MO3036216,72,0
MO3036234,70,0
MO3036251,190,0
MO3036260,150,0
MO3036354,150,0
MO3036361,55,0
MO3036362,48,0
MO3036366,25,0
MO3040761,40,0
MO3041171,50,1
MO3041238,70,0
MO3041351,153,0
MO3048033,195,0
MO3048097,100,0
MO3048122,48,0
MO3048123,100,1
MO3048124,100,0
MO3048125,30,0
MO3048141,75,0
MO3048155,154,0
MO3048243,30,0
MO3048254,35,2
MO3048277,84,0
MO3048289,60,0
MO3069001,40000,0
MO3069010,150,0
MO3069013,200,0
MO3069014,31,0
MO3069089,54,1
MO3071205,535,0
MO3071339,250,0
MO3076376,980,0
MO3079500,34000,0
MO3079510,172,0
MO3079511,36,0
MO3079537,150,0
MO3190757,110,1
MO3190771,36,0
MO3193392,28,0
MO3238042,230,0
MO3238097,275,0
MO3238263,110,0
MO3242162,78,0
MO3242220,1052,1
MO3242566,46,0
MO3243371,25,0
MO3248217,50,3
MO3252255,725,0
MO3252288,505,0
MO3262156,60,0
MO3281045,280,0
MO3282326,545,0
MO3302314,65,0
MO3302411,60,0
MO3302557,1735,0
MO4010002,1400,1
MO4010003,130,0
MO4010011,341,0
MO4010012,1000,0
MO4010017,300,0
MO4010018,175,1
MO4010022,490,0
MO4010023,607,1
MO4010052,428,0
MO4010062,885,0
MO4010066,1898,0
MO4010067,733,3
MO4010072,679,0
MO4010073,1475,0
MO4010078,1980,0
MO4010079,639,0
MO4010087,3537,0
MO4010120,2146,0
MO4010132,1562,0
MO4010136,39941,1
MO4010137,533,0
MO4010143,5518,0
MO4010151,190,0
MO4010154,3054,0
MO4010160,5900,0
MO4010170,1124,1
MO4010211,480,0
MO4010216,8200,0
MO4010221,2000,0
MO4010226,107,0
MO4010235,2964,0
MO4010243,790,0
MO4010246,500,0
MO4010253,700,0
MO4010255,399,2
MO4010270,18217,1
MO4010278,342,0
MO4010279,8587,0
MO4010290,4429,0
MO4010293,250,0
MO4010304,780,0
MO4010322,240,0
MO4010354,2789,0
MO4010370,635,0
MO4010372,229,0
MO4010379,526,0
MO4010382,2134,0
MO4010402,1460,5
MO4010404,15000,0
MO4010417,10200,0
MO4010422,142,0
MO4010434,212,0
MO4010456,1200,1
MO4010467,2781,0
MO4010468,902,2
MO4010483,862,0
MO4010490,3706,1
MO4010496,664,0
MO4010501,253,0
MO4010504,503,0
MO4010509,628,0
MO4010527,112,0
MO4010531,1135,0
MO4010543,749,0
MO4010551,2791,0
MO4010557,471,0
MO4010570,3250,0
MO4010604,1294,1
MO4010626,450,1
MO4010636,8555,0
MO4010640,1987,1
MO4010643,746,0
MO4010656,17043,1
MO4010658,3200,0
MO4010668,890,0
MO4010670,375,0
MO4010674,341,0
MO4010689,278,1
MO4010701,750,0
MO4010710,4999,1
MO4010718,350,0
MO4010721,4736,0
MO4010726,4653,0
MO4010729,197,0
MO4010732,1767,1
MO4010743,16291,0
MO4010758,1975,1
MO4010777,502,5
MO4010788,2200,0
MO4010811,819,0
MO4010814,168,0
MO4010821,639,0
MO4010830,310,0
MO4010853,12864,1
MO4010861,342,0
MO4010862,2250,0
MO4010867,1315,0
MO4010876,319,1
MO4010883,407,0
MO4010924,586,0
MO4010945,699,0
MO4010959,520,0
MO4010993,485,1
MO4011123,231,1
MO4011158,228,0
MO4011179,300,4
MO4011441,5034,0
MO4011491,343,0
MO4020601,839,0
MO4021083,785,0
MO4021151,600,0
MO4021164,1500,0
MO4021178,3000,1
MO4021260,200,0
MO4021310,950,0
MO4021311,1400,0
MO4021370,475,0
MO4021376,1170,0
MO4021384,300,0
MO4021447,175,0
MO4021451,507,0
MO4021532,485,0
MO4021566,3150,0
MO4021592,500,0
MO4021610,500,0
MO4024070,12000,0
MO4024071,1625,0
MO4024072,2600,0
MO4024096,8545,0
MO4024097,2913,0
MO4024100,1743,0
MO4024108,600,0
MO4024109,50,0
MO4024196,1122,0
MO4024206,4307,1
MO4024207,2900,1
MO4024209,1972,0
MO4024264,850,0
MO4024266,180,0
MO4024267,1742,0
MO4024368,1705,0
MO4024415,450,0
MO4024416,600,0
MO4024418,638,0
MO4024419,1800,0
MO4024432,900,0
MO4024433,120,1
MO4024448,6042,0
MO4024455,2023,0
MO4024456,750,0
MO4024516,400,0
MO4024521,2265,0
MO4024522,940,0
MO4024523,2780,1
MO4024538,140,0
MO4024539,850,0
MO4024543,3718,0
MO4024544,1287,0
MO4024581,3000,0
MO4024582,309,1
MO4024583,423,0
MO4024584,1530,0
MO4024585,650,0
MO4024586,840,0
MO4024606,3335,0
MO4024607,1400,0
MO4024608,800,0
MO4024609,2398,0
MO4024637,497,0
MO4030223,34,0
MO4030275,54,0
MO4030289,28,0
MO4031196,170,0
MO4031203,366,0
MO4031206,441,0
MO4031320,126,0
MO4031334,52,0
MO4031414,961,0
MO4031453,50,0
MO4031534,33,0
MO4031611,60,0
MO4031614,45,1
MO4031631,450,0
MO4036026,143,0
MO4036038,700,0
MO4036040,45,0
MO4036059,3200,0
MO4036064,378,0
MO4036069,290,1
MO4036095,150,0
MO4036132,800,1
MO4036144,150,0
MO4036146,650,0
MO4036173,48,0
MO4036194,700,0
MO4036202,158,0
MO4036224,227,0
MO4036226,750,0
MO4036256,203,0
MO4036306,133,0
MO4036307,75,0
MO4036308,110,0
MO4036309,75,0
MO4036311,214,0
MO4036318,276,0
MO4036383,25,0
MO4041308,210,0
MO4041636,72,0
MO4043109,40,0
MO4048083,350,0
MO4048167,55,0
MO4048181,75,0
MO4048241,100,0
MO4061392,80,0
MO4061410,3500,0
MO4061660,110,4
MO4066378,90,0
MO4069016,60,0
MO4069038,150,0
MO4069040,140,0
MO4069041,3500,1
MO4069053,95,0
MO4069065,75,0
MO4069075,110,0
MO4071423,25,2
MO4071640,25,0
MO4071647,92,0
MO4079503,135,0
MO4202639,61,0
MO4211659,30,0
MO4242474,120,0
MO4256181,475,2
MO5010004,555,0
MO5010016,1961,0
MO5010020,1050,1
MO5010025,45,1
MO5010027,120,0
MO5010031,207,0
MO5010032,1472,0
MO5010038,8529,0
MO5010040,3000,0
MO5010071,1035,0
MO5010085,11000,0
MO5010096,12640,0
MO5010104,163,0
MO5010114,3462,0
MO5010119,528,0
MO5010138,8142,0
MO5010141,1982,0
MO5010142,14600,0
MO5010144,3290,0
MO5010158,484,0
MO5010175,2139,0
MO5010185,788,0
MO5010192,1495,1
MO5010197,215,2
MO5010202,218,0
MO5010217,926,0
MO5010218,300,0
MO5010227,1469,0
MO5010241,3593,0
MO5010259,352,0
MO5010262,800,0
MO5010264,475,0
MO5010267,380,0
MO5010283,800,0
MO5010285,2730,0
MO5010297,742,1
MO5010298,500,0
MO5010313,680,0
MO5010315,1250,0
MO5010321,2034,0
MO5010331,1400,0
MO5010339,151,0
MO5010341,185,0
MO5010351,655,0
MO5010361,621,0
MO5010374,4426,0
MO5010387,1048,0
MO5010408,932,0
MO5010413,73728,0
MO5010423,178,0
MO5010446,4500,0
MO5010449,373,0
MO5010458,15442,0
MO5010465,759,0
MO5010475,890,0
MO5010480,640,0
MO5010493,1193,0
MO5010499,2092,0
MO5010503,7425,0
MO5010525,699,0
MO5010530,340,0
MO5010537,9789,0
MO5010545,400,0
MO5010550,4789,0
MO5010553,4575,0
MO5010560,12157,0
MO5010562,8198,0
MO5010575,411,1
MO5010576,24532,0
MO5010577,1832,0
MO5010585,665,0
MO5010606,2719,0
MO5010612,947,0
MO5010619,22000,0
MO5010641,1200,0
MO5010645,791,1
MO5010650,614,0
MO5010665,432,0
MO5010667,1100,0
MO5010678,163,0
MO5010679,1287,0
MO5010681,16100,0
MO5010697,841,0
MO5010699,5602,1
MO5010723,1539,1
MO5010725,250,0
MO5010730,890,0
MO5010733,2390,0
MO5010734,1943,0
MO5010738,543,0
MO5010749,100,0
MO5010751,976,1
MO5010752,1946,0
MO5010754,210898,0
MO5010760,158,0
MO5010763,1892,0
MO5010765,225,0
MO5010768,2600,0
MO5010807,409,0
MO5010828,283,1
MO5010829,762,1
MO5010837,448,0
MO5010843,418,1
MO5010844,13404,0
MO5010855,371,0
MO5010856,698,0
MO5010860,8400,0
MO5010884,125,0
MO5010903,124,0
MO5010941,165,1
MO5010967,50,0
MO5010968,207,0
MO5010999,484,0
MO5011066,303,0
MO5011068,122,0
MO5021113,1500,0
MO5021116,2700,0
MO5021168,600,0
MO5021252,1900,0
MO5021292,1450,0
MO5021421,1535,0
MO5021438,1650,0
MO5024023,9523,0
MO5024120,1650,1
MO5024133,325,0
MO5024134,1417,0
MO5024228,9168,0
MO5024230,1500,0
MO5024231,485,0
MO5024250,225,0
MO5024286,5500,0
MO5024287,3383,0
MO5024317,8550,0
MO5024318,510,0
MO5024319,6075,0
MO5024359,2481,0
MO5024423,450,0
MO5024444,243,0
MO5024590,2052,0
MO5024591,1478,0
MO5024599,2000,0
MO5024600,6250,0
MO5024601,8680,0
MO5024602,6000,0
MO5024617,1800,0
MO5024618,9615,1
MO5024622,550,0
MO5024650,483,0
MO5029099,75,0
MO5030015,118,0
MO5030088,200,0
MO5030178,80,0
MO5030183,42,0
MO5030209,60,1
MO5030380,83,0
MO5030442,50,0
MO5030473,65,2
MO5030690,411,0
MO5030770,150,0
MO5030781,75,0
MO5030870,70,0
MO5030915,710,0
MO5030930,90,0
MO5031070,223,0
MO5031084,30,0
MO5031086,2100,0
MO5031088,240,0
MO5031093,150,0
MO5031097,75,0
MO5031102,218,0
MO5031103,35,1
MO5031115,75,0
MO5031126,50,0
MO5031128,93,0
MO5031136,113,0
MO5031141,60,0
MO5031142,40,0
MO5031145,40,1
MO5031148,1275,0
MO5031149,50,0
MO5031152,120,0
MO5031153,110,0
MO5031159,85,0
MO5031165,35,0
MO5031172,30,0
MO5031173,75,1
MO5031192,91,0
MO5031194,240,0
MO5031210,400,0
MO5031223,175,0
MO5031235,57,0
MO5031277,28,1
MO5031278,96,0
MO5031284,75,0
MO5031294,183,0
MO5031298,34,0
MO5031303,60,0
MO5031309,50,0
MO5031315,50,0
MO5031325,60,0
MO5031330,36,0
MO5031335,55,0
MO5031340,63,0
MO5031343,75,0
MO5031353,100,0
MO5031375,440,0
MO5031380,25,0
MO5031398,114,0
MO5031399,75,0
MO5031401,70,0
MO5031408,573,0
MO5031416,50,0
MO5031420,60,0
MO5031429,175,0
MO5031430,75,0
MO5031434,35,0
MO5031435,50,0
MO5031436,160,0
MO5031437,250,0
MO5031454,80,1
MO5031469,50,0
MO5031473,39,0
MO5031481,40,0
MO5031496,105,0
MO5031511,360,0
MO5031513,175,0
MO5031533,25,0
MO5031539,25,0
MO5031540,125,0
MO5031544,36,0
MO5031554,120,0
MO5031570,65,1
MO5031591,930,0
MO5031601,40,0
MO5031602,37,0
MO5031604,25,0
MO5031605,75,0
MO5031606,48,0
MO5031621,30,0
MO5031641,80,0
MO5033098,28,0
MO5033107,45,0
MO5036012,141,0
MO5036016,95,0
MO5036017,80,0
MO5036020,50,0
MO5036027,135,0
MO5036046,200,0
MO5036048,197,0
MO5036054,37,0
MO5036071,90,0
MO5036076,120,0
MO5036082,50,0
MO5036090,175,0
MO5036092,25,0
MO5036100,150,0
MO5036102,120,0
MO5036109,100,0
MO5036111,332,0
MO5036115,240,0
MO5036117,183,0
MO5036125,76,0
MO5036140,85,0
MO5036145,84,0
MO5036147,215,0
MO5036150,130,0
MO5036152,1839,0
MO5036158,30,0
MO5036162,105,0
MO5036163,583,0
MO5036164,400,0
MO5036168,45,0
MO5036170,381,0
MO5036177,350,0
MO5036180,1100,0
MO5036182,125,0
MO5036186,525,0
MO5036187,65,0
MO5036191,175,0
MO5036192,58,0
MO5036195,72,0
MO5036196,34,0
MO5036197,125,0
MO5036198,280,0
MO5036201,162,0
MO5036203,200,0
MO5036205,270,0
MO5036210,742,0
MO5036218,90,0
MO5036223,370,0
MO5036232,50,0
MO5036236,40,0
MO5036241,60,0
MO5036250,75,0
MO5036253,70,0
MO5036258,144,0
MO5036263,38,0
MO5036265,90,0
MO5036267,477,0
MO5036268,55,0
MO5036272,100,0
MO5036300,85,0
MO5036304,45,1
MO5036305,150,0
MO5036312,25,0
MO5036314,90,0
MO5036315,483,0
MO5036319,45,0
MO5036327,150,0
MO5036350,100,0
MO5036352,445,0
MO5036353,62,0
MO5036356,75,0
MO5036358,100,0
MO5036359,200,0
MO5036382,25,0
MO5036389,30,0
MO5039093,120,0
MO5040057,57,0
MO5040176,240,0
MO5040355,51,0
MO5040555,32,0
MO5040637,32,0
MO5041129,343,0
MO5041190,35,0
MO5041212,113,0
MO5041213,50,0
MO5041253,30,0
MO5041266,25,0
MO5041314,70,0
MO5041419,35,0
MO5043117,52,0
MO5046368,20,1
MO5046385,20,0
MO5048013,54,1
MO5048020,30,0
MO5048021,80,1
MO5048032,125,0
MO5048047,68,0
MO5048082,125,0
MO5048099,315,0
MO5048107,90,0
MO5048130,2900,0
MO5048145,300,0
MO5048161,400,0
MO5048174,90,0
MO5048177,112,0
MO5048178,40,0
MO5048194,105,0
MO5048211,50,0
MO5048214,50,2
MO5048225,158,0
MO5048231,65,0
MO5048264,210,0
MO5048267,80,0
MO5048271,150,3
MO5048274,150,0
MO5048281,186,0
MO5048286,230,0
MO5048294,46,2
MO5048344,156,0
MO5048346,75,0
MO5048394,150,0
MO5048754,100,0
MO5048974,137,0
MO5048992,52,0
MO5048995,62,0
MO5066376,306,0
MO5069033,1700,0
MO5069035,900,0
MO5069068,30,0
MO5069084,273,0
MO5070476,35,0
MO5070683,90,0
MO5071085,502,0
MO5071255,74,0
MO5071269,250,0
MO5071342,110,0
MO5071459,70,0
MO5071593,25,0
MO5071632,50,0
MO5079504,73,0
MO5079527,102,0
MO5172802,250,1
MO5190909,32,0
MO5190947,2065,0
MO5191413,80,0
MO5208303,92,0
MO5238119,87,0
MO5238288,42,0
MO5238302,100,0
MO5240145,150,0
MO5240546,50,0
MO5242478,100,0
MO5251518,25,1
MO5252173,29,0
MO5258070,55,0
MO5271012,60,0
MO5282809,34,0
MO5301390,300,0
MO5301457,400,2
MO5301471,30,0
MO5301489,250,0
MO5301550,50,0
MO6010058,350,0
MO6010064,256,0
MO6010077,539,0
MO6010092,1524,0
MO6010198,4733,1
MO6010200,3292,0
MO6010213,6400,0
MO6010250,2076,0
MO6010276,13000,0
MO6010287,550,0
MO6010302,280,0
MO6010303,1383,0
MO6010353,669,0
MO6010359,5000,0
MO6010360,2500,0
MO6010364,300,0
MO6010368,3000,1
MO6010401,420,0
MO6010412,768,0
MO6010430,28000,0
MO6010457,350,0
MO6010505,1200,0
MO6010521,167,1
MO6010539,2811,0
MO6010544,140,0
MO6010547,4500,1
MO6010565,769,0
MO6010568,2000,0
MO6010588,32515,0
MO6010590,508,0
MO6010618,2800,0
MO6010620,6000,0
MO6010638,5600,0
MO6010657,345,0
MO6010659,2527,0
MO6010702,410,0
MO6010707,78961,0
MO6010708,4700,0
MO6010715,304709,0
MO6010716,1111000,0
MO6010719,52575,0
MO6010759,1435,0
MO6010775,7081,0
MO6010798,15000,0
MO6010799,853,0
MO6010801,12348,0
MO6010834,8208,0
MO6010838,14068,1
MO6010848,1210,0
MO6010849,41784,0
MO6010866,1489,1
MO6010874,3550,0
MO6010902,206,3
MO6010919,100,0
MO6010970,65,1
MO6011147,469,0
MO6011535,1700,0
MO6021633,660,0
MO6024211,3500,0
MO6024213,8250,0
MO6024214,760,0
MO6024292,21113,0
MO6024293,16548,0
MO6024294,17000,0
MO6024295,37000,0
MO6024296,8000,0
MO6024298,7500,0
MO6024299,6100,0
MO6024300,4733,0
MO6024302,10000,0
MO6024304,3300,0
MO6024340,14000,0
MO6024341,875,0
MO6024405,20,0
MO6024406,3850,1
MO6024530,100587,0
MO6024531,881,0
MO6024628,400,0
MO6024629,1192,0
MO6024633,503,0
MO6030008,100,0
MO6030106,28,0
MO6030484,50,0
MO6030528,75,0
MO6030662,90,0
MO6030922,40,0
MO6031110,210,0
MO6031185,343,0
MO6031193,60,2
MO6031209,103,0
MO6031215,52,0
MO6031237,45,0
MO6031248,185,0
MO6031274,40,0
MO6031324,90,0
MO6031327,897,1
MO6031357,72,0
MO6031360,650,0
MO6031362,240,0
MO6031382,250,0
MO6031385,40,0
MO6031387,65,0
MO6031389,36,0
MO6031409,110,0
MO6031412,512,0
MO6031418,100,0
MO6031425,40,0
MO6031461,535,0
MO6031475,412,0
MO6031488,60,0
MO6031493,204,1
MO6031500,25,0
MO6031502,65,0
MO6031523,2012,0
MO6031607,110,0
MO6031642,115,0
MO6031657,50,0
MO6036009,350,0
MO6036015,450,0
MO6036022,135,0
MO6036028,230,0
MO6036031,1080,0
MO6036037,160,0
MO6036039,1100,0
MO6036041,230,0
MO6036042,25,2
MO6036049,400,0
MO6036052,1600,0
MO6036053,300,0
MO6036060,175,0
MO6036061,70,0
MO6036062,120,0
MO6036074,150,0
MO6036075,600,0
MO6036077,380,0
MO6036080,400,0
MO6036081,42,0
MO6036083,625,0
MO6036084,60,0
MO6036085,240,0
MO6036096,100,0
MO6036101,120,1
MO6036126,380,1
MO6036128,150,0
MO6036134,150,0
MO6036135,80,0
MO6036136,100,0
MO6036139,30,0
MO6036142,810,0
MO6036148,100,0
MO6036149,1200,0
MO6036161,150,0
MO6036189,60,1
MO6036207,50,0
MO6036269,110,0
MO6036271,2200,0
MO6036274,260,1
MO6036316,142,0
MO6036323,30,0
MO6036386,30,0
MO6040116,70,0
MO6041184,30,0
MO6041286,152,1
MO6041644,240,0
MO6041645,310,0
MO6041646,307,0
MO6041648,30,0
MO6046277,500,0
MO6046374,342,0
MO6046375,230,0
MO6046381,27,0
MO6048040,70,0
MO6048048,30,0
MO6048052,50,0
MO6048068,40,0
MO6048073,150,0
MO6048093,52,0
MO6048094,58,0
MO6048100,48,0
MO6048103,125,0
MO6048106,75,1
MO6048138,140,0
MO6048142,40,0
MO6048147,124,0
MO6048148,180,0
MO6048163,70,1
MO6048200,80,2
MO6048201,120,0
MO6048206,98,2
MO6048208,11,0
MO6048249,135,0
MO6048252,490,0
MO6048258,370,0
MO6048272,142,0
MO6048354,40,0
MO6048356,150,0
MO6048401,470,0
MO6048616,100,0
MO6069017,1100,0
MO6069045,80,0
MO6069069,60,0
MO6069096,900,0
MO6071352,25,0
MO6079508,48,0
MO6079516,1300,0
MO6251637,67,0
MO6251710,150,0
MP0000001,48524,1
MP0000002,3005,1
MP0000003,2504,1
MP0000004,3101,0
MP0000005,124,0
MP0000012,554,0
MP0000027,173,0
MP0000029,66,0
MP0000030,100,1
MP0000037,33,0
MP0000040,56,1
MP0000043,243,0
MP0000053,60,1
MP0000063,310,1
MP0000064,155,0
MP0000068,300,0
MP0000071,634,0
MP0000083,260,0
MP0000084,200,0
MP0000094,46,0
MP0000113,393,0
MP0000115,51,0
MP0000160,1522,0
MP0000163,300,0
MP0000165,226,0
MP0000176,208,0
MP0000177,170,1
MP0000213,130,0
MP0000215,55,0
MP0000218,79,0
MP0000221,55,1
MP0000229,40,1
MP0000230,100,0
MP0000242,47,1
MP0000244,30,1
MP0000248,150,0
MS0010002,14520,0
MS0010005,1185,0
MS0010007,750,0
MS0010009,8097,0
MS0010015,8078,0
MS0020001,1365,0
MS0020002,15000,0
MS0020003,6925,0
MS0020005,927,0
MS0020006,5456,0
MS0020007,5830,0
MS0020008,1245,0
MS0020014,2318,0
MS0030001,694,0
MS0030002,300,0
MS0030003,960,0
MS0030004,1069,0
MS0030005,995,0
MS0030006,235,0
MS0030007,2149,0
MS0030021,121,0
MS0030024,1816,0
MS0030026,2872,0
MS0040001,1495,0
MS0040002,486,0
MS0040003,1544,0
MS0040004,9646,0
MS0040005,708,0
MS0040006,652,0
MS0040008,1214,0
MS0040009,405,0
MS0040010,2785,0
MS0040011,354,0
MS0040012,785,0
MS0040027,335,0
MS0040028,338,0
MS0040029,1500,0
MS0050001,1977,0
MS0050002,1423,0
MS0050003,834,0
MS0050016,644,0
MS0050017,449,0
MS0050019,390,1
MS0060001,211,1
MS0060002,494,0
MS0060003,475,1
MS0060004,1400,0
MS0060006,16392,0
MS0060007,1500,0
MS0060008,341,0
MS0060009,295,1
MS0060011,102,0
MS0060012,542,1
MS0060013,1711,1
MS0060014,396,1
MS0060015,1357,1
MS0060016,1708,1
MS0060017,288,0
MS0060018,1639,0
MS0060019,1998,1
MS0060020,356,0
MS0060042,129,2
MS0060044,462,0
MS0060047,898,0
MS0060049,187,0
MS0060050,1156,0
MS0060051,1486,0
MS0060053,243,0
MS0060054,539,0
MS0070002,731,1
MS0070003,2798,0
MS0070004,2101,1
MS0070005,1125,0
MS0070006,957,0
MS0070007,370,0
MS0070008,528,0
MS0070010,1085,0
MS0070011,1011,0
MS0070012,420,0
MS0070015,1077,0
MS0070016,645,0
MS0070017,599,0
MS0070018,351,0
MS0070019,1610,0
MS0070020,2442,0
MS0070024,627,0
MS0080001,390,0
MS0080002,1122,0
MS0080003,3142,0
MS0080005,660,0
MS0080006,2392,0
MS0080009,2497,0
MS0090001,700,0
MS0090002,1463,0
MS0090003,1515,1
MS0090004,1668,0
MS0090005,3772,0
MS0090007,2800,0
MS0090008,1969,0
MS0090010,2532,0
MS0090012,1238,0
MS0090023,380,0
MS0090024,1756,0
MS0100001,1594,1
MS0100002,583,0
MS0100003,544,0
MS0100004,1478,0
MS0100006,990,0
MS0100007,1742,0
MS0100008,1426,0
MS0100009,560,0
MS0100010,143,0
MS0100016,198,0
MS0100017,300,0
MS0110002,1014,0
MS0110003,1442,1
MS0110004,2933,0
MS0110005,3047,0
MS0110006,600,1
MS0110013,3000,0
MS0120004,916,0
MS0120005,2186,0
MS0120006,206,0
MS0120007,1964,0
MS0120008,762,0
MS0120009,879,0
MS0120011,3546,0
MS0120016,2260,0
MS0120018,840,0
MS0120027,486,0
MS0120028,919,0
MS0130003,1923,0
MS0130008,15062,0
MS0130015,2054,0
MS0130016,810,0
MS0130017,515,0
MS0130018,2033,0
MS0130019,187,1
MS0130023,1489,0
MS0140002,14903,4
MS0140003,200,0
MS0140004,858,1
MS0140005,310,1
MS0140007,237,0
MS0140008,968,0
MS0140009,105,1
MS0140010,270,1
MS0140011,436,1
MS0140012,438,2
MS0140013,332,0
MS0140033,2000,2
MS0140045,457,1
MS0140047,739,0
MS0140051,420,0
MS0140052,378,3
MS0140053,645,2
MS0150001,1246,1
MS0150002,2574,0
MS0150003,5961,1
MS0150004,1566,1
MS0150005,465,1
MS0150006,1380,0
MS0150007,3600,0
MS0150009,3791,0
MS0150010,3020,0
MS0150011,1891,1
MS0150020,430,1
MS0160001,589,0
MS0160002,2921,1
MS0160003,1032,1
MS0160004,1259,0
MS0160006,317,1
MS0160009,3601,0
MS0160010,2284,0
MS0160011,2326,0
MS0170001,2719,0
MS0170002,6750,1
MS0170005,2825,2
MS0170006,3749,0
MS0170009,14457,1
MS0170010,12735,0
MS0170011,9390,1
MS0170014,5988,0
MS0170015,54025,0
MS0170018,56000,0
MS0170019,2999,0
MS0170020,768,0
MS0170022,13649,0
MS0170024,729,0
MS0170025,1948,0
MS0170027,829,0
MS0170043,9298,0
MS0170049,1067,1
MS0170050,2521,1
MS0180001,7999,0
MS0180003,1160,0
MS0180005,5840,0
MS0180006,2363,1
MS0180007,4477,0
MS0180008,43449,0
MS0180009,905,0
MS0180011,9509,0
MS0180012,3168,0
MS0180013,6067,0
MS0180014,1901,0
MS0180021,235,1
MS0180022,803,0
MS0190001,780,0
MS0190003,500,0
MS0190004,435,1
MS0190005,395,0
MS0190006,828,0
MS0190008,1803,1
MS0190009,1794,1
MS0190010,282,1
MS0190014,168,1
MS0190015,636,1
MS0200001,6658,0
MS0200003,1486,0
MS0200004,3164,0
MS0200005,1785,0
MS0200006,2095,0
MS0210001,3881,0
MS0210002,2616,0
MS0210003,441,0
MS0210004,499,1
MS0210005,1600,0
MS0210006,459,0
MS0210012,1375,0
MS0220002,3907,0
MS0220003,12762,0
MS0220004,1837,0
MS0220005,2410,0
MS0220007,1964,0
MS0220008,2806,1
MS0220013,678,0
MS0220036,1991,0
MS0220062,1832,0
MS0220064,388,0
MS0230001,9284,3
MS0230002,6400,1
MS0230003,61,0
MS0230005,12577,0
MS0230015,4700,0
MS0230050,7051,0
MS0230051,507,0
MS0230057,25,0
MS0230063,5386,1
MS0230065,3254,0
MS0230067,1412,0
MS0230071,2458,0
MS0240001,23310,0
MS0240002,12721,0
MS0240003,75056,0
MS0240005,18514,0
MS0240009,10436,0
MS0240011,1853,1
MS0240026,422,1
MS0240027,87,0
MS0240036,4968,0
MS0240049,8006,0
MS0240052,982,0
MS0240060,3347,0
MS0240066,399,0
MS0240084,9858,0
MS0240089,95,2
MS0240139,475,0
MS0240194,4834,1
MS0240212,1275,0
MS0240214,370,1
MS0240236,404,0
MS0240237,2910,0
MS0240247,570,0
MS0240251,350,0
MS0240254,100,0
MS0240255,73,0
MS0240256,797,1
MS0240258,285,0
MS0240266,557,1
MS0240270,172,0
MS0240271,1201,0
MS0240272,404,0
MS0240274,166,1
MS0240277,689,0
MS0250001,640,0
MS0250003,25000,0
MS0250004,1200,1
MS0250005,1980,3
MS0250008,189673,4
MS0250011,715,0
MS0250012,28098,2
MS0250014,1003,0
MS0250015,4277,0
MS0250020,2788,0
MS0250021,3260,1
MS0250022,12260,0
MS0250023,573,1
MS0250024,500,2
MS0250025,1486,1
MS0250026,673,0
MS0250029,1595,0
MS0250094,2785,2
MS0250097,800,1
MS0250105,25,0
MS0260001,1373,0
MS0260003,321,0
MS0260004,918,0
MS0260005,383,1
MS0260006,2932,0
MS0260007,765,0
MS0260008,1188,0
MS0260010,1052,0
MS0260011,1742,1
MS0260012,1600,0
MS0260013,1587,0
MS0260014,500,1
MS0260015,1695,0
MS0260016,1642,0
MS0260017,210,1
MS0260018,300,1
MS0260022,1177,0
MS0260027,1245,0
MS0260040,341,0
MS0260043,129,0
MS0270001,4768,2
MS0270003,700,0
MS0270004,870,0
MS0270007,175,0
MS0270018,544,0
MS0270019,731,0
MS0270020,232,0
MS0270021,48,0
MS0270022,847,0
MS0270024,156,0
MS0280001,549,1
MS0280017,370,2
MS0280018,533,2
MS0290002,2561,0
MS0290003,9929,1
MS0290004,1563,0
MS0290005,2138,0
MS0290009,1581,0
MS0290010,985,1
MS0290016,2537,0
MS0290017,2054,0
MS0300004,22253,0
MS0300005,26168,0
MS0300006,22686,0
MS0300008,12524,2
MS0300026,108,1
MS0300044,4813,0
MS0300064,140,1
MS0300079,124,1
MS0300110,137,0
MS0300113,1407,0
MS0300152,33,0
MS0300156,28544,0
MS0300162,713,0
MS0300163,497,1
MS0300164,6178,1
MS0300166,6270,1
MS0310001,3427,0
MS0310002,2925,0
MS0310003,1800,0
MS0310004,1687,3
MS0310005,1114,0
MS0310007,500,0
MS0310008,502,0
MS0310009,1363,0
MS0310010,2062,0
MS0310011,1280,0
MS0310012,3556,0
MS0310014,1861,0
MS0310016,1534,0
MS0310019,969,0
MS0310024,1853,0
MS0310025,479,0
MS0320001,2000,0
MS0320003,1148,0
MS0320004,1456,0
MS0320010,1188,0
MS0320013,2162,0
MS0320015,562,0
MS0330001,1199,0
MS0330002,300,0
MS0330003,2500,0
MS0330004,2809,0
MS0330005,1675,0
MS0330007,2400,0
MS0330008,1882,1
MS0330009,1275,0
MS0340001,3730,0
MS0340002,750,0
MS0340003,4600,0
MS0340004,818,0
MS0340005,3340,0
MS0340006,1075,0
MS0340007,3839,0
MS0340008,1051,0
MS0340009,3002,0
MS0340010,3000,0
MS0340011,1405,0
MS0340013,1188,0
MS0340014,5808,0
MS0340015,2413,0
MS0340016,636,1
MS0340017,2390,0
MS0340018,2769,0
MS0340019,6690,0
MS0340020,1840,0
MS0340021,18100,0
MS0340036,1521,0
MS0350001,985,0
MS0350002,2637,0
MS0350003,1618,0
MS0350004,744,0
MS0350005,238,1
MS0350006,2445,0
MS0350007,1196,0
MS0350019,77,0
MS0350023,407,0
MS0350024,108,0
MS0350025,1671,0
MS0350026,169,0
MS0360001,386,0
MS0360002,2051,0
MS0360003,1175,0
MS0360004,1146,0
MS0360006,1544,1
MS0360007,1393,1
MS0360008,1684,0
MS0360009,760,0
MS0360010,290,1
MS0360011,28500,0
MS0360014,1962,0
MS0360015,26874,0
MS0360016,1771,0
MS0360017,926,1
MS0360048,528,0
MS0360051,499,0
MS0360063,166,0
MS0360064,581,1
MS0360068,1447,0
MS0360069,314,0
MS0370001,6600,0
MS0370004,7714,0
MS0370005,1896,1
MS0370006,12778,0
MS0370007,4071,1
MS0370008,7017,0
MS0370009,2590,1
MS0370010,1998,0
MS0370011,18491,0
MS0370016,2619,0
MS0380001,4500,0
MS0380002,3403,0
MS0380004,2814,0
MS0380005,34466,0
MS0380006,10544,0
MS0380008,2130,0
MS0380009,3828,0
MS0380026,2800,0
MS0380028,5103,0
MS0380101,1751,1
MS0380106,3977,0
MS0380117,2724,0
MS0380128,1823,0
MS0390001,3450,0
MS0390002,2100,0
MS0390003,1400,0
MS0390004,386,0
MS0390005,401,0
MS0390006,1484,0
MS0390007,1100,0
MS0390008,1100,0
MS0390015,400,1
MS0400001,4901,0
MS0400002,1375,0
MS0400003,2962,0
MS0400004,380,0
MS0400005,250,0
MS0400006,2226,0
MS0400007,359,0
MS0400008,2463,0
MS0400009,908,0
MS0400011,510,0
MS0400016,1573,1
MS0400018,2550,0
MS0410001,1088,0
MS0410002,1000,0
MS0410004,2479,0
MS0410006,3577,0
MS0410007,3807,0
MS0410008,1995,1
MS0410011,1845,0
MS0410012,6766,0
MS0410013,1500,0
MS0410015,37000,0
MS0410016,2792,0
MS0410018,2376,0
MS0410024,2672,0
MS0410025,1822,0
MS0410032,3200,0
MS0410033,3749,0
MS0410035,1238,0
MS0410038,68,1
MS0410039,3419,0
MS0410040,298,0
MS0410041,2556,0
MS0410042,470,0
MS0410044,916,0
MS0420001,19140,0
MS0420002,2049,0
MS0420003,2250,0
MS0420004,264,0
MS0420005,375,0
MS0420006,464,0
MS0420010,5206,0
MS0420020,230,0
MS0420022,61,0
MS0420035,357,1
MS0420040,148,0
MS0420041,100,0
MS0420045,114,0
MS0430001,2162,0
MS0430002,12513,1
MS0430003,2938,0
MS0430027,2600,0
MS0430029,5349,0
MS0430030,3778,0
MS0430031,2001,0
MS0430032,2204,0
MS0440001,496,1
MS0440002,6589,0
MS0440003,23616,0
MS0440004,942,1
MS0440005,2209,0
MS0440018,3300,0
MS0440080,7035,0
MS0440081,4778,0
MS0440096,2500,0
MS0440097,1230,1
MS0440100,5678,0
MS0440103,7355,0
MS0450002,18770,0
MS0450003,1080,1
MS0450004,1272,1
MS0450005,428,0
MS0450006,16785,1
MS0450007,7339,0
MS0450008,1653,0
MS0450010,16136,0
MS0450013,24340,0
MS0450014,534,0
MS0450016,1287,0
MS0450017,599,0
MS0450019,1497,1
MS0450021,26677,0
MS0450024,2973,1
MS0450034,8511,1
MS0460001,2700,0
MS0460003,5900,1
MS0460004,320,0
MS0460005,710,0
MS0460007,1632,0
MS0460008,3260,0
MS0460009,1983,1
MS0460011,224,1
MS0460012,2416,0
MS0460013,1571,0
MS0460014,2344,0
MS0470001,4446,1
MS0470002,9779,0
MS0470004,1085,0
MS0470069,143,0
MS0470105,5599,0
MS0470106,1898,0
MS0480001,7783,0
MS0480002,9350,0
MS0480004,1170,0
MS0480005,790,1
MS0480007,4029,0
MS0480008,1962,0
MS0480011,3519,0
MS0480012,2062,1
MS0480013,3068,0
MS0480016,1246,0
MS0480017,1214,0
MS0480019,4570,0
MS0490001,441,0
MS0490002,924,0
MS0490003,348,0
MS0490004,98,1
MS0490005,1341,1
MS0490006,700,0
MS0490007,634,0
MS0490008,874,0
MS0490009,351,0
MS0490010,5071,1
MS0490016,372,1
MS0490017,193,1
MS0490018,82,1
MS0490019,441,1
MS0490020,750,1
MS0490022,317,0
MS0490023,750,0
MS0500001,1460,0
MS0500004,6442,0
MS0500005,3186,0
MS0500007,1164,0
MS0500008,6921,0
MS0500009,5312,0
MS0510001,2318,0
MS0510002,507,0
MS0510004,1945,1
MS0510005,1716,0
MS0510006,2669,0
MS0510009,3373,0
MS0510010,2167,0
MS0510011,3432,0
MS0510012,2455,0
MS0510019,275,0
MS0510022,618,0
MS0520001,2816,1
MS0520004,5174,1
MS0520005,478,0
MS0520006,400,1
MS0520008,989,0
MS0520023,898,0
MS0520024,473,0
MS0530001,2170,0
MS0530002,1024,0
MS0530004,467,1
MS0530005,535,0
MS0530006,4984,0
MS0530008,797,0
MS0530009,500,0
MS0530010,750,0
MS0530012,15000,0
MS0530013,528,1
MS0530014,2587,0
MS0530017,915,1
MS0530018,1175,1
MS0530019,1117,0
MS0530020,32027,0
MS0530021,323,1
MS0530022,1539,0
MS0530023,496,1
MS0530024,322,1
MS0530025,571,0
MS0530039,642,0
MS0530041,526,0
MS0530044,211,0
MS0530047,230,0
MS0540002,7463,0
MS0540003,763,0
MS0540004,1279,0
MS0540005,800,1
MS0540006,1460,0
MS0540008,1146,0
MS0540009,2086,0
MS0540011,2035,1
MS0540012,763,0
MS0540013,1082,0
MS0540015,668,0
MS0540016,747,0
MS0540017,977,0
MS0540018,3439,0
MS0540021,240,0
MS0540023,1172,0
MS0540025,380,0
MS0540029,209,0
MS0540032,148,1
MS0540063,1521,1
MS0540067,393,0
MS0540069,1713,0
MS0540072,2145,1
MS0550001,6455,0
MS0550002,2278,0
MS0550004,11859,0
MS0550005,11830,0
MS0550006,3334,0
MS0550008,766,0
MS0550013,2727,0
MS0550041,3001,0
MS0550057,1642,1
MS0550058,4406,0
MS0550060,4438,0
MS0550062,238,1
MS0550063,979,1
MS0560001,1106,0
MS0560002,570,1
MS0560003,2619,0
MS0560004,920,0
MS0560005,1968,0
MS0560006,533,1
MS0560007,602,0
MS0560008,227,0
MS0560014,488,1
MS0560015,654,0
MS0570002,2434,0
MS0570003,1832,0
MS0570004,12041,0
MS0570005,2307,1
MS0570008,5359,0
MS0570010,420,0
MS0570011,500,1
MS0570013,1502,0
MS0570014,3833,1
MS0570015,2922,1
MS0570051,2107,0
MS0580001,6879,1
MS0580002,5170,1
MS0580003,2215,0
MS0580004,4739,0
MS0580006,9398,1
MS0580007,1299,0
MS0580008,847,0
MS0580010,1580,0
MS0580017,1592,0
MS0580020,663,1
MS0580021,1764,1
MS0580023,570,1
MS0590001,3066,0
MS0590002,3878,1
MS0590003,1127,0
MS0590004,9995,1
MS0590007,2513,0
MS0590008,776,0
MS0590009,1300,0
MS0590010,781,0
MS0590011,1531,0
MS0590013,1400,0
MS0590014,4203,0
MS0590018,1373,0
MS0600002,580,1
MS0600003,682,1
MS0600004,211,1
MS0600005,124,1
MS0600006,1167,1
MS0600007,2099,0
MS0600008,368,0
MS0600010,528,1
MS0600012,570,2
MS0600016,398,1
MS0600018,185,1
MS0610001,1492,1
MS0610003,31852,1
MS0610007,3462,1
MS0610008,7690,0
MS0610009,5824,3
MS0610011,6088,1
MS0610012,4013,0
MS0610013,3836,0
MS0610015,150,1
MS0610016,2827,0
MS0610017,27115,0
MS0610018,1761,0
MS0610019,2542,0
MS0610021,655,0
MS0610022,2500,3
MS0610023,7000,2
MS0610024,3810,0
MS0610025,2625,0
MS0610026,3128,0
MS0610027,904,0
MS0610028,1845,0
MS0610030,739,0
MS0610032,3950,0
MS0610035,784,1
MS0610036,11790,1
MS0610038,1661,1
MS0610040,2334,0
MS0610041,1861,1
MS0610044,4274,0
MS0610049,1828,0
MS0610075,31574,0
MS0610081,2732,0
MS0610086,795,1
MS0610089,3150,1
MS0610097,1000,0
MS0620001,1808,0
MS0620002,5430,0
MS0620003,3036,1
MS0620004,600,0
MS0620005,1251,0
MS0620006,1877,0
MS0620007,1803,0
MS0620008,500,0
MS0620009,3400,0
MS0620010,6207,0
MS0620011,2965,0
MS0620023,2883,0
MS0630001,729,1
MS0630002,591,1
MS0630003,230,1
MS0630004,1808,1
MS0630037,546,2
MS0640001,1500,0
MS0640002,800,0
MS0640003,510,0
MS0640004,1967,0
MS0640005,2500,0
MS0640006,3526,0
MS0640007,2500,0
MS0640008,2587,0
MS0640009,3981,0
MS0640011,1177,0
MS0640012,1188,0
MS0640013,248,0
MS0640014,4480,0
MS0640021,2200,0
MS0640022,5866,0
MS0650001,1708,0
MS0650003,995,0
MS0650004,568,0
MS0650005,887,0
MS0650006,438,0
MS0650007,950,0
MS0650008,1901,0
MS0650010,721,0
MS0650011,2075,1
MS0650012,855,4
MS0650013,747,0
MS0650017,453,0
MS0650018,615,0
MS0660002,1653,0
MS0660003,600,0
MS0660004,1803,0
MS0660005,4300,1
MS0660020,346,0
MS0660021,2107,0
MS0660022,1880,0
MS0660024,2025,1
MS0660025,116,1
MS0670001,238,2
MS0670003,264,1
MS0670004,2300,1
MS0670005,2740,1
MS0670006,9464,1
MS0670007,839,1
MS0670008,2301,0
MS0670010,211,1
MS0670011,2657,1
MS0670012,1900,1
MS0670013,251,0
MS0670014,2500,2
MS0670015,898,0
MS0670038,473,0
MS0680001,837,3
MS0680002,3100,0
MS0680004,211,0
MS0680005,161,0
MS0680007,3089,1
MS0680008,531,0
MS0680010,1040,0
MS0680011,517,0
MS0680012,416,1
MS0680013,713,1
MS0680032,290,1
MS0680033,518,1
MS0680034,40,1
MS0680035,95,1
MS0680037,1191,0
MS0690001,454,0
MS0690002,1381,1
MS0690003,498,0
MS0690004,792,0
MS0690005,8354,1
MS0690006,2801,0
MS0690008,135,0
MS0690047,74,1
MS0690051,172,0
MS0690053,61,0
MS0700001,2049,0
MS0700003,1782,0
MS0700005,2780,0
MS0700006,1146,0
MS0700008,11351,0
MS0700009,607,0
MS0700010,1188,0
MS0700011,1449,0
MS0700012,2582,1
MS0700014,1185,0
MS0700015,266,1
MS0700021,1233,0
MS0710001,2250,0
MS0710002,1278,0
MS0710003,3256,0
MS0710004,2598,0
MS0710005,1848,0
MS0710006,7268,0
MS0710008,2606,0
MS0710010,818,0
MS0710011,982,0
MS0710022,232,0
MS0710029,1800,0
MS0720004,4689,1
MS0720024,6690,0
MS0720026,869,1
MS0730001,866,0
MS0730002,1840,0
MS0730003,2782,0
MS0730004,2663,0
MS0730005,2037,0
MS0730006,8900,0
MS0730008,930,0
MS0730009,2886,0
MS0730010,174,0
MS0730024,937,1
MS0730025,1716,0
MS0730026,1243,1
MS0740002,2666,0
MS0740004,4290,0
MS0740005,2321,0
MS0740076,9792,0
MS0750002,11730,0
MS0750003,1815,0
MS0750004,5094,0
MS0750005,5578,0
MS0750010,29238,0
MS0750011,2360,1
MS0760001,546,0
MS0760003,649,0
MS0760004,29602,1
MS0760005,2323,1
MS0760006,4591,1
MS0760007,1125,1
MS0760010,92,0
MS0760014,30,0
MS0760017,491,0
MS0760034,99,0
MS0760076,6917,0
MS0770001,4913,1
MS0770002,1690,0
MS0770003,4570,2
MS0770004,4116,0
MS0770005,3749,0
MS0770007,1101,0
MS0770008,956,2
MS0780002,445,0
MS0780003,715,0
MS0780004,284,0
MS0780005,5586,0
MS0780006,486,0
MS0780007,1090,0
MS0780008,288,0
MS0780009,842,0
MS0780010,1140,0
MS0780012,1434,0
MS0780016,304,0
MS0780018,416,0
MS0790001,412,0
MS0790002,972,0
MS0790003,1207,0
MS0790005,3234,0
MS0790006,1375,0
MS0790007,2772,0
MS0790033,889,0
MS0790035,55,0
MS0790036,153,0
MS0800001,1299,0
MS0800002,900,0
MS0800004,7545,0
MS0800005,780,0
MS0800006,1713,0
MS0800007,924,0
MS0800009,1188,0
MS0800011,1940,0
MS0800013,1287,0
MS0800015,1127,0
MS0800019,1412,0
MS0810002,905,1
MS0810003,325,0
MS0810004,479,1
MS0810005,1312,0
MS0810007,579,1
MS0810008,312,0
MS0810009,1200,0
MS0810010,304,0
MS0810011,3380,0
MS0810012,1059,0
MS0810015,1532,0
MS0810016,338,0
MS0810028,1422,0
MS0810029,537,0
MS0810033,407,0
MS0810035,390,0
MS0820002,318,0
MS0820003,1146,0
MS0820004,2482,0
MS0820006,123,0
MS0820008,1336,0
MS0820009,956,0
MS0820010,552,0
MS0820011,467,0
MS0820012,66,0
MS0820014,9913,1
MS0820015,929,0
MS0820027,494,0
MS0820028,739,0
MS0820029,494,0
MS0820030,1927,0
MS0820031,1225,0
MS0820033,1618,0
MT0000003,1100,0
MT0000007,55,3
MT0000009,200,0
MT0000014,200,0
MT0000015,495,1
MT0000016,6750,0
MT0000018,650,4
MT0000020,350,0
MT0000021,1858,0
MT0000022,800,2
MT0000025,200,0
MT0000027,274,0
MT0000028,125,0
MT0000030,250,0
MT0000033,50,0
MT0000034,190,0
MT0000035,200,0
MT0000037,65,0
MT0000038,50,0
MT0000039,55,0
MT0000046,230,1
MT0000050,50,0
MT0000053,85,0
MT0000057,350,0
MT0000058,30,0
MT0000060,2435,0
MT0000062,80,0
MT0000063,200,0
MT0000064,390,0
MT0000073,92,0
MT0000074,35,0
MT0000077,85,0
MT0000078,85,0
MT0000079,48,0
MT0000082,55,0
MT0000085,50,0
MT0000086,85,0
MT0000087,95,0
MT0000088,90,1
MT0000089,65,0
MT0000095,40,0
MT0000098,69,0
MT0000099,32,0
MT0000100,45,0
MT0000108,100,0
MT0000109,85,0
MT0000110,48,0
MT0000115,35,0
MT0000123,100,0
MT0000125,60,0
MT0000126,100,0
MT0000128,158,0
MT0000133,600,0
MT0000134,87,0
MT0000136,10460,0
MT0000138,600,0
MT0000145,50,2
MT0000150,608,0
MT0000153,114000,0
MT0000154,240,0
MT0000155,12000,0
MT0000156,5900,0
MT0000157,1233,0
MT0000158,1400,1
MT0000161,56000,0
MT0000164,144,0
MT0000165,750,0
MT0000166,450,0
MT0000167,200,0
MT0000170,33000,0
MT0000171,650,0
MT0000172,450,0
MT0000173,870,0
MT0000174,1300,1
MT0000175,1691,0
MT0000176,644,0
MT0000178,300,0
MT0000180,2350,1
MT0000181,4450,0
MT0000184,210,0
MT0000185,1900,0
MT0000186,2500,0
MT0000187,300,0
MT0000189,450,0
MT0000192,714,0
MT0000193,3105,0
MT0000195,850,1
MT0000196,2114,1
MT0000197,2900,0
MT0000198,2100,0
MT0000199,255,5
MT0000200,75,0
MT0000201,4300,0
MT0000203,120,1
MT0000204,338,1
MT0000206,400,0
MT0000208,1400,0
MT0000210,1995,0
MT0000212,718,0
MT0000213,1000,0
MT0000215,2260,0
MT0000216,1500,0
MT0000218,240,0
MT0000221,450,0
MT0000222,498,1
MT0000223,90,0
MT0000224,700,0
MT0000225,260,1
MT0000226,125,0
MT0000228,180,0
MT0000229,4873,0
MT0000231,102,0
MT0000232,500,0
MT0000233,1200,0
MT0000234,5660,0
MT0000235,3500,0
MT0000239,820,5
MT0000240,1050,0
MT0000241,32091,2
MT0000245,90,0
MT0000246,1275,0
MT0000247,84,0
MT0000248,280,0
MT0000249,1720,0
MT0000250,250,1
MT0000251,600,0
MT0000253,1135,0
MT0000254,230,0
MT0000256,600,0
MT0000257,364,0
MT0000258,126,0
MT0000259,25000,0
MT0000261,475,0
MT0000262,6100,0
MT0000265,290,0
MT0000266,1225,0
MT0000269,150,0
MT0000270,6339,1
MT0000271,5923,0
MT0000274,4892,2
MT0000275,160,0
MT0000276,279,0
MT0000277,480,0
MT0000278,3315,0
MT0000284,1800,0
MT0000285,1800,0
MT0000286,340,0
MT0000287,75,0
MT0000289,600,0
MT0000290,170,0
MT0000291,9565,2
MT0000292,193,0
MT0000294,68200,0
MT0000295,186,0
MT0000296,75,0
MT0000297,300,0
MT0000298,229,0
MT0000299,330,0
MT0000300,43,0
MT0000301,111,0
MT0000304,1360,4
MT0000305,1700,0
MT0000306,1700,0
MT0000307,130,0
MT0000308,5300,0
MT0000311,205,0
MT0000313,70,0
MT0000314,2000,0
MT0000315,160,0
MT0000316,180,0
MT0000317,300,0
MT0000318,2483,0
MT0000320,400,0
MT0000321,1900,0
MT0000322,270,2
MT0000323,180,0
MT0000325,180,1
MT0000326,1026,0
MT0000327,1575,0
MT0000328,3970,0
MT0000329,632,0
MT0000330,5000,0
MT0000332,765,0
MT0000334,425,0
MT0000335,2090,0
MT0000338,459,0
MT0000339,1100,0
MT0000340,100,1
MT0000341,1950,0
MT0000343,1900,0
MT0000344,2000,0
MT0000345,200,0
MT0000347,350,0
MT0000348,2100,0
MT0000349,424,0
MT0000351,452,0
MT0000352,585,0
MT0000353,1500,3
MT0000355,172,0
MT0000356,90,0
MT0000357,10418,0
MT0000359,1500,5
MT0000360,1000,0
MT0000361,550,1
MT0000362,250,1
MT0000363,274,0
MT0000364,187,0
MT0000367,200,0
MT0000368,75,1
MT0000369,78,0
MT0000370,110,0
MT0000372,163,0
MT0000373,620,0
MT0000374,180,0
MT0000376,37,0
MT0000377,55,0
MT0000378,90,0
MT0000379,210,0
MT0000381,75,0
MT0000385,200,0
MT0000391,80,0
MT0000392,204,0
MT0000400,750,1
MT0000402,75,0
MT0000404,50,0
MT0000405,67,0
MT0000408,100,0
MT0000410,90,0
MT0000413,58,0
MT0000414,90,0
MT0000415,3253,0
MT0000418,96,0
MT0000421,87,0
MT0000426,250,0
MT0000428,262,2
MT0000429,50,0
MT0000430,65,0
MT0000431,51,0
MT0000432,56,5
MT0000433,48,0
MT0000437,947,0
MT0000443,130,0
MT0000444,115,0
MT0000445,150,0
MT0000449,53,1
MT0000450,78,0
MT0000451,50,0
MT0000452,59,0
MT0000453,98,0
MT0000454,220,0
MT0000455,42,0
MT0000458,400,1
MT0000460,205,0
MT0000461,250,0
MT0000463,1650,0
MT0000464,800,0
MT0000467,128,0
MT0000474,110,0
MT0000475,125,0
MT0000489,138,0
MT0000490,30,0
MT0000497,54,0
MT0000504,70,0
MT0000506,82,0
MT0000514,85,4
MT0000515,8850,0
MT0000517,1350,0
MT0000518,250,0
MT0000519,25,0
MT0000520,150,1
MT0000521,1800,0
MT0000524,9921,1
MT0000525,60000,0
MT0000526,500,1
MT0000529,35,0
MT0000530,35,0
MT0000540,160,0
MT0000548,70,0
MT0000549,82,0
MT0000553,60,0
MT0000554,45,0
MT0000566,80,0
MT0000570,500,0
MT0000571,350,0
MT0000572,96,0
MT0000573,7500,0
MT0000578,97,0
MT0000579,210,0
MT0000580,525,0
MT0000582,150,0
MT0000584,45,0
MT0000586,50,0
MT0000587,300,0
MT0000589,1965,0
MT0000590,1200,0
MT0000591,323,0
MT0000592,95,0
MT0000593,186,0
MT0000594,36,0
MT0000596,55,0
MT0000597,225,1
MT0000600,163,0
MT0000601,100,0
MT0000603,125,0
MT0000605,35,0
MT0000615,96,0
MT0000618,89,0
MT0000619,478,0
MT0000621,200,0
MT0000627,100,0
MT0000628,2325,0
MT0000632,175,0
MT0000634,90,0
MT0000644,45,0
MT0000646,175,0
MT0000649,38,0
MT0000719,100,0
MT0000795,96,0
MT0000796,90,0
MT0000829,35,0
MT0000840,130,0
MT0000914,950,0
MT0001018,95,0
MT0001079,53,0
MT0001080,50,0
MT0001083,75,0
MT0001145,34,0
MT0001262,106,1
MT0001326,85,0
MT0001366,260,0
MT0001375,80,0
MT0001376,100,0
MT0001557,175,0
MT0001580,100,0
MT0001599,65,0
MT0001623,169,0
MT0001644,30,0
MT0001646,67,3
MT0001647,107,0
MT0001648,150,0
MT0001649,84,0
MT0001670,150,0
MT0001671,280,0
MT0001672,85,0
MT0001736,135,0
MT0001737,75,0
MT0001738,105,0
MT0001740,700,0
MT0001743,100,0
MT0001744,7775,0
MT0001745,60,0
MT0001769,47,0
MT0001770,70,0
MT0001771,42,0
MT0001772,50,3
MT0001773,105,0
MT0001774,79,0
MT0001776,160,0
MT0001777,130,1
MT0001778,92,0
MT0001779,130,0
MT0001780,100,0
MT0001781,120,0
MT0001782,100,0
MT0001783,124,0
MT0001784,2000,0
MT0001785,50,0
MT0001786,70,2
MT0001787,58,0
MT0001791,300,0
MT0001793,98,0
MT0001821,105,0
MT0001823,150,0
MT0001848,750,0
MT0001850,76,0
MT0001851,55,0
MT0001857,105,0
MT0001864,135,0
MT0001865,25,0
MT0001891,40,0
MT0001892,125,0
MT0001914,130,0
MT0001917,2175,1
MT0001921,150,0
MT0001922,230,0
MT0001923,450,0
MT0001924,404,0
MT0001925,80,1
MT0001934,35,0
MT0001983,230,0
MT0001984,207,0
MT0002005,750,1
MT0002031,120,0
MT0002074,45,0
MT0002119,32,0
MT0002120,65,0
MT0002121,33,0
MT0002128,45,0
MT0002131,60,0
MT0002132,55,1
MT0002171,75,0
MT0002172,175,0
MT0002173,344,0
MT0002385,4132,0
MT0002390,483,0
MT0002393,207,0
MT0002395,110,0
MT0002398,100,0
MT0002464,43,0
MT0002482,50,0
MT0002485,300,0
MT0002486,300,0
MT0002493,35,0
MT0002514,125,0
MT0002515,75,1
MT0002516,55,1
MT0002517,499,1
MT0002537,43,0
MT0002538,55,0
MT0002540,200,1
MT0002548,31,0
MT0002590,58,0
MT0002635,140,0
MT0002640,300,0
MT0002651,50,0
MT0002652,306,0
MT0002669,200,0
MT0002696,50,0
MT0002729,1030,0
MT0002738,180,0
MT0002743,30,0
MT0002799,138,0
MT0002800,145,0
MT0002806,50,0
MT0002812,275,0
MT0002814,36,0
MT0002819,25,0
MT0002840,125,0
MT0002846,490,0
MT0002856,35,0
MT0002862,70,0
MT0002863,246,0
MT0002873,175,0
MT0002893,100,0
MT0002895,60,0
MT0002912,470,0
MT0002917,490,0
MT0002925,130,0
MT0002926,800,0
MT0002927,240,0
MT0002939,50,3
MT0002956,475,0
MT0002974,116,0
MT0002978,780,1
MT0002985,208,0
MT0002986,115,0
MT0002988,90,0
MT0002996,320,0
MT0002997,230,0
MT0003003,85,0
MT0003012,68,0
MT0003031,260,0
MT0003035,85,0
MT0003040,131,0
MT0003041,480,0
MT0003043,300,0
MT0003076,90,0
MT0003077,130,0
MT0003088,105,0
MT0003100,375,0
MT0003102,295,0
MT0003103,35,0
MT0003104,60,0
MT0003136,9899,0
MT0003141,55,0
MT0003146,120,0
MT0003150,225,0
MT0003152,125,0
MT0003157,80,1
MT0003175,250,0
MT0003176,500,0
MT0003183,70,0
MT0003194,237,0
MT0003196,35,1
MT0003199,85,0
MT0003203,59,0
MT0003215,73,0
MT0003219,53,0
MT0003224,46,0
MT0003229,125,0
MT0003233,90,0
MT0003251,105,0
MT0003261,48,0
MT0003262,150,0
MT0003277,45,0
MT0003283,140,0
MT0003284,70,0
MT0003304,120,0
MT0003305,380,0
MT0003312,96,0
MT0003313,180,0
MT0003323,450,1
MT0003328,128,0
MT0003334,94,0
MT0003374,350,0
MT0003376,56,0
MT0003393,180,0
MT0003414,130,0
MT0003440,208,0
MT0003521,50,0
MT0003522,50,0
MT0003524,45,0
MT0003527,35,0
MT0003531,60,0
MT0003538,35,0
MT0003539,1000,0
MT0003552,100,0
MT0003556,65,0
MT0003565,25,0
MT0003590,50,0
MT0003594,65,0
MT0003595,450,0
MT0003597,195,0
MT0003602,195,0
MT0003614,80,0
MT0003630,162,0
MT0003652,32,0
MT0003670,50,0
MT0003679,50,0
MT0003692,258,0
MT0003694,65,1
MT0003710,50,0
MT0003720,65,0
MT0003736,75,0
MT0003744,112,0
MT0003755,52,0
MT0003774,32,0
MT0003780,825,0
MT0003782,250,0
MT0003792,49,0
MT0003801,118,0
MT0003807,530,0
MT0003808,650,0
MT0003809,320,0
MT0003810,500,0
MT0003881,82,0
MT0003909,702,0
MT0003911,215,0
MT0003932,80,0
MT0003958,118,0
MT0003961,400,0
MT0003968,128,0
MT0003978,78,0
MT0003982,150,0
MT0003986,225,3
MT0003990,180,0
MT0004006,50,0
MT0004021,140,0
MT0004023,355,0
MT0004035,185,0
MT0004036,95,0
MT0004039,400,1
MT0004047,33,0
MT0004051,75,0
MT0004052,335,0
MT0004058,114,0
MT0004059,25,0
MT0004072,73,0
MT0004074,60,0
MT0004082,4200,0
MT0004083,119,1
MT0004093,60,0
MT0004107,512,0
MT0004143,79,0
MT0004144,85,0
MT0004147,160,0
MT0004150,36,0
MT0004158,70,0
MT0004177,663,0
MT0004178,670,0
MT0004186,280,0
MT0004187,400,0
MT0004190,225,1
MT0004192,40,0
MT0004193,295,0
MT0004198,45,0
MT0004202,50,0
MT0004208,230,0
MT0004209,35,0
MT0004211,50,0
MT0004220,70,0
MT0004221,130,0
MT0004226,900,0
MT0004236,350,0
MT0004238,25,0
MT0004241,175,0
MT0004245,36,0
MT0004248,672,0
MT0004249,62,0
MT0004250,200,0
MT0004257,142,0
MT0004261,100,1
MT0004262,750,0
MT0004263,28,0
MT0004264,715,0
MT0004268,48,0
MT0004270,105,0
MT0004276,63,0
MT0004283,148,0
MT0004284,4323,0
MT0004288,60,0
MT0004322,55,0
MT0004345,45,0
MT0004348,3005,0
MT0004353,70,0
MT0004363,100,0
MT0004367,75,0
MT0004368,34,1
MT0004376,100,0
MT0004378,50,0
MT0004379,810,0
MT0004382,125,0
MT0004392,600,0
MT0004397,410,0
MT0004400,53,0
MT0004404,112,0
MT0004408,150,0
MT0004419,80,0
MT0004423,110,0
MT0004431,155,0
MT0004432,122,0
MT0004438,115,0
MT0004446,215,0
MT0004448,228,0
MT0004449,95,0
MT0004450,125,0
MT0004458,163,0
MT0004459,140,0
MT0004461,50,0
MT0004462,350,0
MT0004466,45,0
MT0004468,450,0
MT0004470,37,0
MT0004474,50,0
MT0004475,115,0
MT0004480,50,0
MT0004483,41,0
MT0004486,50,0
MT0004489,100,0
MT0004497,250,0
MT0004506,115,0
MT0004507,75,3
MT0004514,63,0
MT0004516,165,0
MT0004517,123,0
MT0004518,82,0
MT0004529,150,0
MT0004530,120,0
MT0004533,120,0
MT0004536,70,0
MT0004537,73,0
MT0004542,32,0
MT0004543,75,0
MT0004545,53,0
MT0004555,205,0
MT0004559,210,0
MT0004562,75,0
MT0004563,250,1
MT0004564,50,0
MT0004568,37,0
MT0004572,150,0
MT0004576,26,0
MT0004583,70,0
MT0004588,40,0
MT0004597,25,0
MT0004598,28,0
MT0004605,50,0
MT0004611,455,0
MT0004625,82,0
MT0004626,45,0
MT0004628,92,0
MT0004631,33,0
MT0004635,52,0
MT0004645,33,0
MT0004657,40,0
MT0004658,50,0
MT0004660,38,0
MT0004661,89,0
MT0004662,40,0
MT0004671,45,0
MT0004681,400,0
MT0004682,60,0
MT0004683,40,0
MT0004685,100,0
MT0004686,165,0
MT0004687,75,0
MT0004697,40,0
MT0004698,685,0
MT0004700,270,0
MT0004705,25,0
MT0004714,95,0
MT0004719,200,2
MT0004720,90,0
MT0004722,25,3
MT0004734,50,0
MT0004739,84,0
MT0004743,60,0
MT0004745,63,0
MT0004748,440,0
MT0004753,155,0
MT0004754,200,0
MT0004765,450,0
MT0004768,70,0
MT0004770,28,1
MT0004778,100,0
MT0004802,135,0
MT0004805,721,0
MT0004809,90,0
MT0004818,47,0
MT0004825,80,0
MT0004830,600,0
MT0004831,50,0
MT0004832,80,0
MT0004833,75,0
MT0004834,144,0
MT0004839,365,0
MT0004842,25,0
MT0004845,50,0
MT0004854,100,0
MT0004856,352,0
MT0004869,100,0
MT0004872,44,0
MT0004873,30,1
MT0004874,36,0
MT0004881,75,0
MT0004884,50,0
MT0004891,106,2
MT0004899,100,0
MT0004916,100,0
MT0004920,100,0
MT0004929,40,1
MT0004931,75,0
MT0004933,33,0
MT0004936,70,0
MT0004939,30,0
MT0004940,50,0
MT0004944,150,0
MT0004945,27,0
MT0004960,45,1
MT0004964,235,0
MT0004976,25,0
MT0004987,80,0
MT0004989,220,0
MT0004993,25,0
MT0005002,65,0
MT0005006,25,0
MT0005017,145,0
MT0005027,68,0
MT0005028,68,0
MT0005029,60,0
MT0005030,70,0
MT0005032,77,0
MT0005038,90,0
MT0005050,25,0
MT0005056,378,0
MT0005060,216,0
MT0005064,300,0
MT0005065,75,0
MT0005069,123,0
MT0005075,90,0
MT0005077,60,0
MT0005080,50,0
MT0005088,40,0
MT0005109,1100,0
MT0005111,75,0
MT0005118,188,1
MT0005121,80,0
MT0005129,35,0
MT0005134,50,0
MT0005141,772,0
MT0005147,140,0
MT0005154,120,0
MT0005157,25,0
MT0005158,33,0
MT0005164,425,1
MT0005165,45,0
MT0005178,315,0
MT0005183,378,0
MT0005185,92,0
MT0005186,245,0
MT0005190,80,0
MT0005192,25,0
MT0005205,50,0
MT0005211,70,0
MT0005222,28,0
MT0005229,36,0
MT0005232,60,0
MT0005241,35,0
MT0005253,68,0
MT0006000,93,0
MT0006002,100,0
MT0062207,275,0
MT0062254,290,0
NC0100010,4069,0
NC0100103,650,0
NC0100105,664,0
NC0102010,3265,0
NC0102015,21148,0
NC0102020,13064,0
NC0102104,84,0
NC0102106,170,0
NC0102127,99,0
NC0102129,109,0
NC0103010,1900,0
NC0103102,650,0
NC0103104,493,0
NC0103106,475,0
NC0105010,1321,1
NC0105015,1740,1
NC0105020,228,1
NC0105101,46,0
NC0105102,120,1
NC0105103,519,0
NC0105104,320,0
NC0105107,70,0
NC0105108,653,0
NC0105109,51,0
NC0105432,173,0
NC0106010,195,1
NC0106015,1164,0
NC0106020,999,1
NC0106025,495,0
NC0106104,2280,1
NC0106105,499,1
NC0106107,3226,0
NC0106108,250,0
NC0106114,165,0
NC0106116,343,1
NC0106117,710,0
NC0106118,732,0
NC0106119,150,0
NC0106121,55,1
NC0106123,320,0
NC0106124,25,0
NC0106422,99,1
NC0111010,157431,1
NC0111015,10122,1
NC0111020,11976,1
NC0111025,8359,0
NC0111030,1356,1
NC0111102,800,0
NC0111104,200,1
NC0111108,250,0
NC0111118,950,0
NC0111125,150,0
NC0111127,72,2
NC0111130,90,1
NC0111134,65,1
NC0111137,98,0
NC0111139,60,1
NC0111142,75,1
NC0111147,50,1
NC0111148,65,0
NC0111149,104,1
NC0111150,100,0
NC0111151,516,1
NC0111152,100,0
NC0111154,60,0
NC0111156,147,0
NC0111157,160,0
NC0111169,77,0
NC0111171,150,0
NC0111484,798,1
NC0111487,210,1
NC0112010,13571,0
NC0112015,27221,0
NC0112045,3302,0
NC0112055,2083,1
NC0112060,7821,1
NC0112065,350,0
NC0112075,5207,0
NC0112080,559,0
NC0112103,6038,0
NC0112104,6035,0
NC0112109,270,0
NC0112133,239,0
NC0112144,40,0
NC0112148,350,0
NC0112149,80,1
NC0112426,80,0
NC0113010,120548,0
NC0113020,1786,4
NC0113025,20549,0
NC0113126,84,0
NC0113129,124,0
NC0113135,168,0
NC0113136,114,1
NC0113141,168,0
NC0113142,163,0
NC0113146,41,0
NC0113148,152,0
NC0113149,89,0
NC0113158,46,1
NC0113159,99,0
NC0113163,76,0
NC0113165,198,0
NC0113168,463,0
NC0113181,51,1
NC0113183,64,0
NC0113188,650,0
NC0113190,61,1
NC0113191,180,0
NC0113192,71,0
NC0113193,120,0
NC0113200,257,0
NC0113204,363,0
NC0113209,259,0
NC0113214,218,0
NC0113216,688,1
NC0113217,183,1
NC0113220,300,1
NC0113221,544,0
NC0113231,203,0
NC0113232,424,0
NC0114010,25573,0
NC0114025,7874,0
NC0114030,7318,0
NC0114035,867,1
NC0114040,5524,1
NC0114045,8763,0
NC0114047,15710,0
NC0114048,287,0
NC0114107,369,0
NC0114459,1194,0
NC0114466,50,1
NC0118010,71393,0
NC0118015,18407,0
NC0118020,15347,0
NC0118025,5244,0
NC0118030,5563,0
NC0118035,2645,0
NC0118040,1617,0
NC0118101,66,0
NC0118103,46,0
NC0118105,170,0
NC0118108,70,0
NC0118112,58,1
NC0118118,99,0
NC0118122,113,0
NC0118126,41,0
NC0118130,66,0
NC0118135,145,0
NC0118139,53,0
NC0118140,163,0
NC0118142,170,0
NC0118151,200,1
NC0118155,142,0
NC0118160,43,0
NC0118164,51,0
NC0118165,53,1
NC0118166,134,0
NC0118168,48,0
NC0118171,137,0
NC0118173,251,0
NC0118179,130,0
NC0118182,119,0
NC0118186,67,0
NC0118187,127,0
NC0118238,48,0
NC0118241,389,0
NC0118242,163,0
NC0118245,160,0
NC0118246,320,0
NC0118247,69,0
NC0118248,295,0
NC0118250,43,0
NC0118251,158,0
NC0118253,59,0
NC0118254,104,0
NC0118255,170,0
NC0118256,290,0
NC0118258,102,0
NC0118264,61,0
NC0118268,305,0
NC0118269,292,0
NC0118271,130,0
NC0118272,97,0
NC0118273,193,0
NC0118274,53,0
NC0118275,213,0
NC0118279,132,0
NC0118280,178,0
NC0118281,127,0
NC0118282,251,0
NC0118283,102,0
NC0118284,46,0
NC0118287,79,0
NC0118288,76,0
NC0118289,46,0
NC0118290,340,0
NC0118291,61,0
NC0118293,89,0
NC0118294,56,0
NC0118295,111,0
NC0118296,152,0
NC0118301,28,0
NC0118304,50,0
NC0118305,238,0
NC0118306,318,1
NC0118307,86,0
NC0118315,178,0
NC0118316,81,0
NC0118320,56,0
NC0118467,200,0
NC0118612,627,1
NC0120010,4498,1
NC0120020,3284,0
NC0120025,999,1
NC0120103,909,0
NC0120109,142,0
NC0120115,51,0
NC0122010,1965,1
NC0122101,267,0
NC0122107,127,0
NC0122108,160,0
NC0123010,23600,0
NC0123020,14784,1
NC0123025,4769,1
NC0123030,805,0
NC0123045,660,0
NC0123055,59395,0
NC0136010,96714,0
NC0136015,17477,0
NC0136020,19200,0
NC0136025,5730,3
NC0136030,6353,1
NC0136034,4511,1
NC0136035,5453,1
NC0136045,930,0
NC0136055,100,0
NC0136060,3837,1
NC0136065,8212,2
NC0136075,729,0
NC0136102,366,0
NC0136103,64,1
NC0136104,241,0
NC0136106,97,0
NC0136107,1325,0
NC0136108,137,0
NC0136111,110,0
NC0136112,107,0
NC0136114,162,0
NC0136115,41,0
NC0136122,142,0
NC0136124,149,1
NC0136128,193,0
NC0136133,271,0
NC0136135,285,0
NC0136138,213,0
NC0136139,41,0
NC0136145,99,0
NC0136146,107,0
NC0136148,137,0
NC0136150,33,0
NC0136151,84,0
NC0136154,61,0
NC0136163,147,0
NC0136164,97,0
NC0136165,127,0
NC0136167,432,0
NC0136168,89,0
NC0136170,244,0
NC0136176,173,1
NC0136178,170,0
NC0136182,665,0
NC0136189,53,0
NC0136190,158,1
NC0136191,259,0
NC0136192,69,0
NC0136193,48,0
NC0136197,61,0
NC0136198,216,0
NC0136199,107,0
NC0136203,30,0
NC0136204,196,0
NC0136205,216,0
NC0136208,142,0
NC0136211,460,0
NC0136214,208,0
NC0136219,86,0
NC0136220,119,0
NC0136222,99,0
NC0136225,165,0
NC0136227,60,1
NC0136231,46,0
NC0136235,99,0
NC0136237,137,0
NC0136239,94,0
NC0136240,69,0
NC0136241,44,0
NC0136242,150,0
NC0136243,124,0
NC0136244,109,0
NC0136249,462,0
NC0136250,66,0
NC0136252,74,0
NC0136255,132,0
NC0136261,516,0
NC0136262,140,0
NC0136265,94,0
NC0136267,343,0
NC0136268,140,0
NC0136280,30,0
NC0136286,80,0
NC0136287,168,0
NC0136290,246,0
NC0136291,99,0
NC0136293,124,0
NC0136294,84,0
NC0136300,73,0
NC0136303,178,0
NC0136304,157,0
NC0136310,30,0
NC0136312,56,0
NC0136313,107,0
NC0136320,213,0
NC0136324,482,0
NC0136329,102,0
NC0136335,102,0
NC0136336,198,0
NC0136337,356,0
NC0136338,84,0
NC0136339,490,0
NC0136342,320,0
NC0136343,112,0
NC0136345,46,1
NC0136346,178,0
NC0136347,48,0
NC0136351,74,0
NC0136352,119,0
NC0136353,76,0
NC0136354,127,0
NC0136355,201,0
NC0136356,74,0
NC0136357,122,0
NC0136358,318,0
NC0136359,89,1
NC0136360,213,0
NC0136362,488,0
NC0136363,345,0
NC0136364,66,0
NC0136367,84,0
NC0136369,59,0
NC0136371,30,0
NC0136372,83,0
NC0136373,69,1
NC0136378,142,1
NC0136379,43,0
NC0136380,231,0
NC0136382,226,0
NC0136383,58,1
NC0136384,239,0
NC0136385,127,0
NC0136386,528,0
NC0136387,53,0
NC0136389,109,0
NC0136396,67,0
NC0136397,86,0
NC0136519,58,0
NC0138010,2916,0
NC0138101,950,0
NC0138103,58,0
NC0138105,498,0
NC0138106,163,0
NC0138107,117,0
NC0144010,19758,1
NC0144015,7850,0
NC0144025,3228,1
NC0144035,5138,1
NC0144040,9629,1
NC0144107,2273,1
NC0144113,328,0
NC0144127,300,0
NC0144489,110,0
NC0145010,79278,0
NC0145111,112,0
NC0145113,790,0
NC0145115,185,0
NC0145127,220,0
NC0145129,98,0
NC0145135,25,1
NC0145140,775,0
NC0145142,76,0
NC0145143,97,0
NC0145144,457,0
NC0145147,198,0
NC0145148,30,0
NC0145149,56,0
NC0145150,180,0
NC0145151,75,0
NC0145155,200,0
NC0145156,75,0
NC0145157,95,0
NC0145160,168,0
NC0145161,50,1
NC0145162,67,1
NC0145167,288,1
NC0145169,70,1
NC0145171,98,0
NC0145172,138,1
NC0145178,124,0
NC0145420,44,0
NC0149010,30843,1
NC0149015,52509,0
NC0149025,27173,1
NC0149030,9562,1
NC0149104,127,0
NC0149106,251,0
NC0149108,610,0
NC0149113,122,0
NC0149117,124,0
NC0149118,51,0
NC0149123,71,0
NC0149124,231,0
NC0149125,130,0
NC0149128,447,0
NC0149131,58,0
NC0149133,69,0
NC0149134,51,0
NC0149138,140,0
NC0149139,208,0
NC0149141,97,0
NC0149148,140,0
NC0149152,104,0
NC0149155,335,0
NC0149162,869,0
NC0149163,61,0
NC0149165,53,0
NC0149167,244,0
NC0149168,102,0
NC0149169,481,0
NC0149175,240,1
NC0149177,254,0
NC0149179,415,0
NC0149180,102,0
NC0149181,84,0
NC0149182,1433,0
NC0149184,142,0
NC0149185,3909,0
NC0149186,125,0
NC0149188,426,0
NC0149189,56,0
NC0149190,549,0
NC0149191,97,0
NC0149192,216,0
NC0149193,513,0
NC0150035,7528,2
NC0150102,102,1
NC0150107,323,0
NC0150111,81,1
NC0150113,3873,0
NC0150116,7800,0
NC0150131,109,0
NC0150136,770,0
NC0150152,51,0
NC0150157,80,0
NC0150161,122,0
NC0150163,89,0
NC0150168,79,0
NC0150169,175,0
NC0150170,76,0
NC0150171,429,0
NC0150175,244,0
NC0150176,79,0
NC0150178,107,0
NC0150179,213,0
NC0150181,79,0
NC0150192,89,0
NC0150193,610,1
NC0150200,577,0
NC0150501,66,0
NC0155010,16309,0
NC0155035,49693,1
NC0155103,196,0
NC0155116,48,0
NC0155119,229,0
NC0155127,320,0
NC0155132,110,0
NC0155134,191,0
NC0155135,109,0
NC0155137,119,0
NC0156010,9362,1
NC0156025,1700,1
NC0156105,300,1
NC0156107,80,1
NC0156112,64,1
NC0156122,50,1
NC0156125,290,1
NC0156126,80,1
NC0156127,40,1
NC0156128,315,0
NC0156129,140,0
NC0156132,320,1
NC0156133,160,1
NC0156134,115,0
NC0156135,399,0
NC0156136,100,1
NC0157010,9650,1
NC0157015,6614,3
NC0157102,109,1
NC0157108,323,0
NC0157112,45,0
NC0157117,150,0
NC0157118,445,1
NC0157123,650,2
NC0157125,361,0
NC0157132,66,0
NC0157135,81,1
NC0157137,115,0
NC0157138,165,0
NC0157143,800,0
NC0157144,79,0
NC0157147,53,0
NC0157150,74,0
NC0157152,53,0
NC0157153,46,0
NC0157154,107,0
NC0157155,53,0
NC0157428,270,0
NC0158010,3030,0
NC0158015,1402,0
NC0158020,887,0
NC0158101,1819,0
NC0160010,1163701,0
NC0160137,375,0
NC0160146,201,0
NC0160147,213,0
NC0160156,3297,0
NC0160168,64,1
NC0160171,112,0
NC0160195,333,0
NC0160196,56,0
NC0160200,681,0
NC0160203,350,0
NC0160211,25,0
NC0160218,259,0
NC0160230,160,0
NC0160249,310,0
NC0160253,500,0
NC0160264,3015,0
NC0160265,130,0
NC0160276,163,0
NC0160281,582,0
NC0160282,384,0
NC0160329,112,0
NC0160379,89,0
NC0161010,5661,0
NC0161015,725,1
NC0161104,185,0
NC0161400,100,0
NC0175010,5494,1
NC0175015,2489,1
NC0175020,1814,0
NC0175102,127,0
NC0175107,96,0
NC0180010,46156,1
NC0180038,5510,0
NC0180040,4895,0
NC0180050,872,0
NC0180055,1316,1
NC0180060,1550,0
NC0180065,56050,1
NC0180104,112,0
NC0180108,135,0
NC0180110,158,0
NC0180111,359,0
NC0180114,157,0
NC0180115,76,0
NC0180122,173,2
NC0180123,86,0
NC0180124,69,0
NC0180130,94,0
NC0180147,231,0
NC0180159,213,0
NC0180161,259,0
NC0180178,119,0
NC0180182,119,0
NC0180183,51,0
NC0180184,112,0
NC0180186,66,0
NC0180187,638,0
NC0180188,64,0
NC0180190,89,0
NC0180191,36,0
NC0180193,31,0
NC0180194,198,1
NC0180195,71,0
NC0180196,140,0
NC0180199,104,0
NC0180201,71,2
NC0180212,178,0
NC0180223,122,0
NC0180224,112,0
NC0180425,83,1
NC0180501,58,0
NC0181010,21521,0
NC0181020,1176,1
NC0181035,18242,0
NC0181038,2322,1
NC0181040,953,0
NC0181050,1867,0
NC0181103,200,0
NC0181107,94,0
NC0181126,1798,0
NC0181132,27,1
NC0181133,950,0
NC0181134,122,0
NC0181138,226,1
NC0184010,18396,0
NC0184015,4323,2
NC0184020,3173,0
NC0184025,4513,0
NC0184035,9939,0
NC0184135,132,1
NC0184141,1964,0
NC0184142,140,0
NC0184143,3632,0
NC0184144,1013,2
NC0187010,4395,0
NC0187020,252,1
NC0187124,135,0
NC0187128,318,0
NC0187562,46,0
NC0188010,11336,0
NC0188104,3532,0
NC0188115,650,2
NC0188116,680,0
NC0188118,229,0
NC0188119,79,1
NC0188120,445,0
NC0188126,95,0
NC0188127,724,1
NC0188128,75,1
NC0188130,74,0
NC0188131,50,0
NC0188132,100,1
NC0188133,35,0
NC0188135,38,0
NC0188428,450,1
NC0188537,64,0
NC0190010,43081,1
NC0190015,3163,0
NC0190030,3950,0
NC0190127,625,0
NC0190413,169685,0
NC0195010,19811,0
NC0195020,1637,0
NC0195101,11150,1
NC0195103,45,0
NC0195104,2468,0
NC0195106,310,1
NC0195108,216,0
NC0195110,88,0
NC0195111,37,1
NC0195112,975,0
NC0195115,427,1
NC0195117,168,0
NC0195118,400,0
NC0195119,397,0
NC0195122,548,0
NC0195127,52,1
NC0195128,87,0
NC0195136,31,1
NC0195137,71,0
NC0195160,35,0
NC0195162,40,0
NC0195169,150,0
NC0195176,25,0
NC0197010,4265,0
NC0197015,8150,1
NC0197020,12573,1
NC0197025,3687,0
NC0197030,8486,1
NC0197035,3556,0
NC0197040,3455,1
NC0197050,938,0
NC0197606,33,0
NC0201010,61365,0
NC0201015,18354,0
NC0201018,20212,0
NC0201020,2650,0
NC0201025,11350,0
NC0201030,2450,0
NC0201035,1200,0
NC0201105,127,0
NC0201112,117,0
NC0201118,60,0
NC0201120,48,0
NC0201123,2390,0
NC0201126,75,2
NC0201130,880,0
NC0201153,120,0
NC0201158,108,0
NC0201160,240,0
NC0201165,97,0
NC0201166,100,0
NC0201174,84,1
NC0201188,82,0
NC0201190,96,0
NC0201202,65,0
NC0201203,48,0
NC0201204,99,0
NC0201205,295,0
NC0217010,1937,3
NC0217015,212,0
NC0217020,180,0
NC0217107,60,2
NC0217108,114,0
NC0229010,19632,0
NC0229020,27287,0
NC0229025,154307,0
NC0229030,1710,0
NC0229035,9548,0
NC0230010,6200,2
NC0230015,31543,1
NC0230109,79,0
NC0234010,391900,0
NC0234115,38,0
NC0234124,198,0
NC0234139,71,0
NC0234165,272,0
NC0234167,190,0
NC0234179,442,0
NC0234183,455,0
NC0234191,1506,0
NC0234192,142,0
NC0234193,154,0
NC0234196,58,0
NC0234197,173,0
NC0234199,66,0
NC0235010,2732,1
NC0235015,4554,0
NC0235025,950,0
NC0235030,26060,3
NC0235101,158,0
NC0235108,5890,0
NC0235109,117,0
NC0235123,84,0
NC0235125,112,0
NC0235127,143,0
NC0235129,114,0
NC0235131,53,0
NC0235137,84,0
NC0239010,8972,0
NC0239018,450,1
NC0239103,232,0
NC0239104,119,0
NC0239107,18555,0
NC0239121,55,0
NC0239122,65,0
NC0239124,53,0
NC0241010,319588,0
NC0241020,118662,1
NC0241025,8920,0
NC0241030,6543,0
NC0241035,2252,0
NC0241103,686,0
NC0241105,112,1
NC0241106,195,0
NC0241111,300,0
NC0241112,353,0
NC0241113,56,1
NC0241117,135,0
NC0241124,72,1
NC0241125,92,1
NC0241126,187,1
NC0241128,51,0
NC0241136,68,0
NC0241139,275,1
NC0241144,48,0
NC0241145,41,0
NC0241150,66,0
NC0241154,201,0
NC0241191,38,0
NC0241193,81,0
NC0241194,254,0
NC0241196,683,1
NC0241197,135,0
NC0241198,79,0
NC0241200,107,0
NC0241201,71,0
NC0241203,409,0
NC0241206,269,0
NC0241207,163,0
NC0241208,63,0
NC0241209,104,0
NC0241210,668,0
NC0241211,234,0
NC0241216,305,1
NC0241217,262,0
NC0241220,465,0
NC0241225,112,0
NC0241227,107,0
NC0241234,251,0
NC0241237,51,0
NC0241238,79,0
NC0241240,300,0
NC0241242,112,1
NC0241539,150,0
NC0273010,13139,0
NC0273103,107,0
NC0276010,27819,1
NC0276015,4631,0
NC0276020,1790,2
NC0276025,2655,1
NC0276030,12700,0
NC0276035,1400,0
NC0276040,2413,0
NC0276101,96,0
NC0276104,83,0
NC0276110,96,0
NC0276112,228,0
NC0276113,74,1
NC0276118,86,0
NC0276125,279,0
NC0276133,119,0
NC0276140,104,0
NC0276143,93,0
NC0276149,233,0
NC0276153,63,1
NC0276157,40,0
NC0276158,140,0
NC0276165,40,0
NC0276201,389,0
NC0276202,105,0
NC0276204,74,0
NC0276205,195,1
NC0276207,78,0
NC0276208,380,0
NC0276211,43,0
NC0276215,79,0
NC0276449,48,0
NC0279010,15500,0
NC0279020,14585,2
NC0279025,2478,1
NC0279030,2116,0
NC0279035,1308,0
NC0279040,12573,2
NC0279050,1500,1
NC0279108,228,0
NC0279118,102,0
NC0279121,70,0
NC0279124,86,0
NC0279125,83,0
NC0279134,244,0
NC0279138,66,0
NC0279147,99,0
NC0279150,61,0
NC0279151,43,0
NC0279153,88,0
NC0279156,135,1
NC0279157,178,1
NC0279159,50,0
NC0279160,71,0
NC0279161,99,1
NC0279163,269,1
NC0279172,66,0
NC0279174,25,0
NC0279176,224,0
NC0279177,360,1
NC0279410,235,0
NC0279453,80,0
NC0279692,71,1
NC0285010,23370,0
NC0285015,2210,0
NC0285020,250,0
NC0285025,420,0
NC0285130,66,2
NC0285133,135,0
NC0285467,39,1
NC0286010,10314,0
NC0286020,4076,0
NC0286025,1976,1
NC0286030,2615,1
NC0286101,74,0
NC0286103,206,0
NC0286104,150,0
NC0286106,36,0
NC0286107,244,0
NC0286111,58,0
NC0286113,145,0
NC0286115,99,0
NC0286116,74,0
NC0286117,74,0
NC0286123,160,0
NC0286124,61,0
NC0286134,49,1
NC0286143,46,0
NC0286144,81,0
NC0286146,378,0
NC0286148,51,0
NC0286149,491,0
NC0286150,112,0
NC0286151,122,0
NC0286153,71,0
NC0286154,46,0
NC0286155,51,0
NC0286156,587,0
NC0286158,46,0
NC0286164,158,0
NC0286170,135,0
NC0286175,109,0
NC0286176,318,0
NC0286178,158,0
NC0291010,14937,0
NC0291015,1282,0
NC0291102,254,1
NC0291104,48,1
NC0291120,81,0
NC0291121,115,0
NC0293010,2250,0
NC0293015,13230,0
NC0293020,1108,1
NC0293104,70,1
NC0293105,200,0
NC0293106,122,0
NC0293107,149,0
NC0293108,186,0
NC0293110,59,0
NC0293111,64,0
NC0293112,76,0
NC0293115,147,0
NC0293487,55,1
NC0299010,2354,1
NC0299015,4196,0
NC0299020,2007,1
NC0299025,1466,0
NC0299110,170,0
NC0299111,74,1
NC0299112,97,0
NC0299116,194,0
NC0299117,61,0
NC0299118,91,0
NC0304010,13880,0
NC0304012,1262,0
NC0304020,5608,0
NC0304025,900,1
NC0304030,838,0
NC0304034,770,0
NC0304040,512,1
NC0309010,5311,0
NC0309015,3175,1
NC0309020,1233,0
NC0309025,603,1
NC0309030,5770,1
NC0309050,633,2
NC0309055,14408,0
NC0309060,4310,0
NC0319010,8520,0
NC0319015,6708,1
NC0319025,1187,0
NC0319050,2470,1
NC0319104,365,0
NC0319110,406,0
NC0319120,98,0
NC0319124,60,0
NC0319126,23088,1
NC0319128,40,1
NC0319130,46,1
NC0319132,123,0
NC0319133,41,1
NC0319134,43,0
NC0319135,143,0
NC0319137,306,0
NC0326010,226441,0
NC0326020,11725,0
NC0326030,1705,0
NC0326035,714,0
NC0326040,780,0
NC0326045,2220,1
NC0326050,390,1
NC0326118,96,0
NC0326122,360,0
NC0326124,680,1
NC0326127,15380,0
NC0326140,258,0
NC0326143,200,0
NC0326210,723,0
NC0326280,205,0
NC0326286,187,0
NC0326300,109,0
NC0326310,85,1
NC0326331,73,0
NC0326332,15220,1
NC0326337,523,0
NC0326341,515,0
NC0326342,309,0
NC0326365,108,0
NC0326367,259,0
NC0326375,292,0
NC0326776,28,0
NC0332010,333490,0
NC0332106,305,1
NC0332109,66,0
NC0332111,361,0
NC0332116,272,0
NC0332117,69,0
NC0332119,329,0
NC0332121,255,0
NC0332122,293,0
NC0332125,97,0
NC0332126,183,0
NC0332130,87,0
NC0332132,158,0
NC0332135,125,0
NC0332136,176,0
NC0332138,102,0
NC0332139,643,0
NC0332140,148,0
NC0343010,12442,0
NC0343015,13302,1
NC0343020,3052,0
NC0343025,3847,1
NC0343045,121885,0
NC0343104,241,0
NC0347010,6718,0
NC0347015,1105,0
NC0347025,36640,1
NC0347030,13378,0
NC0347102,75,0
NC0347107,1369,1
NC0347112,103,0
NC0351010,12900,1
NC0351015,6190,1
NC0351020,30876,0
NC0351025,4802,0
NC0351030,2301,3
NC0351035,2302,2
NC0351040,2413,1
NC0351045,470,0
NC0351050,1653,2
NC0351070,99027,0
NC0351104,152,0
NC0351110,80,0
NC0351115,25,0
NC0351120,80,0
NC0351141,58,0
NC0351154,185,0
NC0351156,114,0
NC0351160,521,0
NC0351165,245,0
NC0351166,432,0
NC0351167,99,0
NC0351168,716,0
NC0351173,112,0
NC0351176,107,0
NC0351177,190,0
NC0351182,120,0
NC0351184,125,0
NC0351185,160,0
NC0351186,505,0
NC0351187,553,0
NC0351188,325,0
NC0351189,721,0
NC0351192,361,0
NC0351193,357,0
NC0351194,81,0
NC0351195,11643,0
NC0353010,48350,1
NC0353015,1783,0
NC0353101,4516,1
NC0353122,411,1
NC0353123,465,0
NC0353127,167,0
NC0362010,15362,3
NC0362015,1463,2
NC0362020,3591,1
NC0362025,933,2
NC0362030,875,2
NC0362035,2735,1
NC0362106,596,1
NC0362107,1216,2
NC0362120,2743,0
NC0362562,92,0
NC0363010,24102,1
NC0363015,1579,2
NC0363020,12473,0
NC0363025,4307,0
NC0363030,2054,0
NC0363035,904,0
NC0363040,490,0
NC0363045,1862,0
NC0363102,276,0
NC0363103,340,0
NC0363108,31390,0
NC0363112,4178,1
NC0363114,2287,0
NC0363115,248,0
NC0363124,68,4
NC0363128,58,0
NC0363129,44,0
NC0363138,170,1
NC0363151,165,2
NC0363153,137,0
NC0363155,65,1
NC0363408,81,0
NC0363479,1782,0
NC0368010,86500,0
NC0368015,14006,0
NC0368020,9223,2
NC0368105,312,0
NC0368108,96,0
NC0368116,114,0
NC0368118,139,0
NC0368119,25,0
NC0368122,216,0
NC0368125,40,0
NC0368130,330,1
NC0368135,183,0
NC0368138,89,0
NC0368144,48,0
NC0368145,246,0
NC0368147,41,1
NC0368148,144,0
NC0368152,64,0
NC0368160,65,0
NC0368162,96,0
NC0368164,33,0
NC0368179,208,0
NC0368182,200,0
NC0368185,681,0
NC0368188,190,0
NC0368189,94,0
NC0368190,53,0
NC0368193,96,0
NC0377010,10635,4
NC0377015,12510,2
NC0377020,2050,2
NC0377109,22578,0
NC0378010,24460,1
NC0378015,4423,1
NC0378020,3073,0
NC0378025,2968,1
NC0378030,2385,0
NC0378035,2598,2
NC0378040,1341,1
NC0378045,903,0
NC0378055,67970,0
NC0382010,11145,0
NC0382015,1278,0
NC0382020,948,0
NC0382025,1637,0
NC0382030,1642,0
NC0382035,913,0
NC0382040,352,1
NC0382045,527,0
NC0382065,223,0
NC0382070,12895,0
NC0383010,18288,0
NC0383015,589,0
NC0383020,965,2
NC0383030,1219,0
NC0383035,1905,0
NC0392010,650000,0
NC0392020,227300,1
NC0392045,83001,0
NC0392050,51947,0
NC0392055,42954,0
NC0392060,225,0
NC0392077,739,0
NC0392078,49,0
NC0392080,589,0
NC0392081,203,0
NC0392082,432,1
NC0392083,60,0
NC0392084,175,0
NC0392085,676,0
NC0392086,73,0
NC0392087,561,0
NC0392090,178,0
NC0392091,63,1
NC0392092,176,0
NC0392093,178,0
NC0392094,442,0
NC0392095,325,0
NC0392096,112,0
NC0392098,460,0
NC0392099,70,0
NC0392100,87,0
NC0392101,332,0
NC0392102,530,1
NC0392107,140,0
NC0392108,150,0
NC0392110,34,0
NC0392111,607,0
NC0392113,255,1
NC0392116,238,0
NC0392117,101,0
NC0392118,109,0
NC0392119,104,0
NC0392120,85,0
NC0392121,85,0
NC0392122,119,0
NC0392126,110,0
NC0392127,63,0
NC0392128,125,0
NC0392129,284,0
NC0392131,28,0
NC0392133,465,0
NC0392137,56,0
NC0392141,55,0
NC0392144,162,0
NC0392147,102,1
NC0392149,180,1
NC0392150,61,0
NC0392151,114,0
NC0392153,79,0
NC0392154,90,0
NC0392155,408,0
NC0392158,90,1
NC0392159,42,0
NC0392160,772,0
NC0392163,180,0
NC0392166,91,0
NC0392168,287,0
NC0392172,71,0
NC0392177,83,0
NC0392178,120,0
NC0392179,180,1
NC0392180,115,0
NC0392182,170,0
NC0392184,455,1
NC0392186,61,0
NC0392188,115,0
NC0392190,254,0
NC0392195,50,0
NC0392199,232,0
NC0392202,74,0
NC0392207,25,1
NC0392211,459,0
NC0392212,47,0
NC0392213,77,0
NC0392214,285,2
NC0392218,533,0
NC0392219,88,0
NC0392222,89,0
NC0392223,66,0
NC0392225,333,0
NC0392228,62,1
NC0392229,165,0
NC0392230,74,0
NC0392236,239,0
NC0392237,25,0
NC0392247,58,0
NC0392248,108,0
NC0392249,49,0
NC0392250,440,0
NC0392251,185,0
NC0392253,650,0
NC0392257,549,0
NC0392261,180,0
NC0392263,84,0
NC0392264,44,0
NC0392274,42,0
NC0392278,94,0
NC0392280,130,0
NC0392293,633,0
NC0392294,102,0
NC0392297,122,0
NC0392298,1840,0
NC0392301,224,0
NC0392303,105,0
NC0392308,84,0
NC0392311,28,0
NC0392313,60,0
NC0392314,638,0
NC0392315,50,0
NC0392318,453,0
NC0392320,277,0
NC0392321,115,0
NC0392322,74,0
NC0392323,330,0
NC0392324,123,0
NC0392325,76,0
NC0392331,757,0
NC0392332,41,0
NC0392333,221,0
NC0392334,320,0
NC0392335,528,0
NC0392336,53,0
NC0392337,87,0
NC0392338,314,0
NC0392340,135,0
NC0392341,602,1
NC0392346,752,2
NC0392347,96,0
NC0392348,203,0
NC0392350,124,0
NC0392351,467,0
NC0392352,38,0
NC0392355,580,0
NC0392356,709,0
NC0392357,605,0
NC0392358,143,0
NC0392361,465,0
NC0392362,101,0
NC0392363,453,0
NC0392364,53,0
NC0392365,188,0
NC0392366,48,0
NC0392370,30,0
NC0392371,81,0
NC0392373,16715,0
NC0392374,53,0
NC0392375,127,0
NC0392376,460,0
NC0392378,160,0
NC0392379,353,0
NC0392380,412,0
NC0392381,96,0
NC0392383,517,0
NC0392385,117,0
NC0392386,61,0
NC0392387,615,0
NC0392388,144,0
NC0392389,757,1
NC0392394,102,0
NC0392395,208,0
NC0392397,174,0
NC0392398,518,0
NC0392399,102,0
NC0392400,125,0
NC0407010,13000,1
NC0407015,1960,0
NC0407020,805,0
NC0407025,2565,1
NC0407030,290,0
NC0407035,22405,0
NC0407040,9369,0
NC0408010,2433,0
NC0408015,1438,0
NC0408040,482,1
NC0408055,46,0
NC0408085,13736,0
NC0410020,26924,0
NC0410035,7925,0
NC0410045,151357,0
NC0410060,6299,0
NC0410070,45748,1
NC0410130,3291,0
NC0410140,302,0
NC0415015,9717,0
NC0416010,4452,1
NC0416015,18846,1
NC0416020,5453,1
NC0416025,2586,0
NC0416028,4995,0
NC0416031,4800,0
NC0416035,6380,0
NC0416040,19512,0
NC0416101,95,0
NC0416113,35,0
NC0416117,107,1
NC0416130,1600,0
NC0416142,79,0
NC0416160,113,0
NC0416163,2245,0
NC0416165,60,0
NC0416166,106,0
NC0416167,40,0
NC0416172,71,0
NC0416174,345,0
NC0416182,99,0
NC0416186,80,0
NC0416187,105,0
NC0416192,175,0
NC0416197,4417,0
NC0416198,91,0
NC0416205,49,0
NC0416221,94,0
NC0421010,5500,1
NC0421015,11722,1
NC0424010,5426,1
NC0424015,3277,0
NC0424020,2370,1
NC0424030,800,0
NC0424040,495,0
NC0424045,2572,1
NC0424050,668,1
NC0424055,246,0
NC0424060,1700,0
NC0424075,165,1
NC0424102,81,0
NC0424463,180,0
NC0425010,37884,0
NC0425015,14925,0
NC0425020,1864,0
NC0425025,425,0
NC0425035,17144,0
NC0425040,6325,1
NC0425045,440,0
NC0425055,37848,1
NC0425113,2846,1
NC0425126,91,0
NC0425127,34,0
NC0425132,5514,0
NC0427010,24130,1
NC0427101,559,0
NC0427103,305,0
NC0427105,2600,0
NC0427112,300,0
NC0428010,3125,0
NC0428015,7200,0
NC0428020,2638,0
NC0428025,5486,0
NC0428030,28732,0
NC0428035,2100,0
NC0431010,5825,2
NC0431015,3108,0
NC0431020,1326,0
NC0431025,1867,0
NC0431030,876,0
NC0431035,980,2
NC0431040,1410,1
NC0431044,663,0
NC0431045,660,1
NC0431050,4686,0
NC0431060,1390,0
NC0431085,18542,0
NC0431103,65,1
NC0433010,10844,1
NC0433015,1200,1
NC0433020,441,1
NC0433030,1090,0
NC0433040,869,0
NC0433045,1550,0
NC0433050,14485,2
NC0433120,189,2
NC0437020,11621,0
NC0440010,2657,0
NC0440015,468,1
NC0440020,409,0
NC0440022,331,1
NC0440030,240,1
NC0440105,2634,0
NC0440106,11026,0
NC0442010,15630,0
NC0442015,2761,0
NC0442020,1375,0
NC0442025,1775,0
NC0442028,1540,0
NC0442030,178,2
NC0442035,665,0
NC0442040,20250,0
NC0446010,5479,0
NC0446015,3645,1
NC0446020,756,0
NC0446025,711,1
NC0446030,417,0
NC0446040,843,0
NC0446045,7970,0
NC0446106,353,0
NC0448010,5256,0
NC0448020,900,0
NC0452010,1100,0
NC0452015,858,1
NC0452020,8860,0
NC0454010,27475,0
NC0454015,3167,0
NC0454020,950,0
NC0454025,15494,0
NC0454030,14196,0
NC0454109,229,0
NC0454127,107,0
NC0459010,7650,1
NC0459015,1700,1
NC0459025,408,0
NC0459030,440,0
NC0459113,262,0
NC0459114,419,0
NC0464010,55891,0
NC0464020,5900,2
NC0464025,1312,0
NC0464035,566,1
NC0464040,1945,0
NC0464050,1389,1
NC0464101,97,1
NC0464115,99,0
NC0464118,75,1
NC0464128,77,1
NC0464131,124,0
NC0464132,99,0
NC0464317,124,1
NC0465010,212227,0
NC0465015,6864,0
NC0465020,5300,1
NC0465025,5484,0
NC0465119,999,1
NC0465121,208,0
NC0465138,92,0
NC0465164,46,0
NC0465165,760,0
NC0465179,180,0
NC0465195,86,1
NC0465199,11587,0
NC0465206,115,0
NC0465211,99,0
NC0465217,35,0
NC0466010,480,0
NC0466015,325,0
NC0466020,1067,0
NC0466025,887,0
NC0466035,881,0
NC0466040,747,0
NC0466045,2228,1
NC0466108,5715,1
NC0466109,224,0
NC0466110,3984,1
NC0466113,1123,1
NC0467010,49093,1
NC0467030,2555,0
NC0467035,156755,1
NC0467041,37500,0
NC0467042,11500,0
NC0467043,17000,0
NC0467046,3500,0
NC0467102,475,0
NC0467103,475,0
NC0467136,2527,1
NC0467164,470,0
NC0467222,1539,0
NC0467224,163,0
NC0467229,94,2
NC0469020,1136,0
NC0469025,19665,1
NC0470010,19187,0
NC0470015,10653,0
NC0471010,4250,1
NC0471015,9730,1
NC0471020,3495,1
NC0471025,968,3
NC0471111,3462,0
NC0471112,516,0
NC0471113,120,0
NC0472010,2145,1
NC0472025,12320,1
NC0472101,191,1
NC0474010,103140,0
NC0474015,23000,1
NC0474020,8887,0
NC0474025,6366,0
NC0474030,1640,0
NC0474035,2982,0
NC0474040,10462,1
NC0474045,11483,1
NC0474050,427,1
NC0474055,332,0
NC0474060,3530,1
NC0474110,200,0
NC0474140,124,0
NC0474142,200,0
NC0489010,891,0
NC0489015,3177,1
NC0494010,3243,1
NC0494015,546,0
NC0494020,482,1
NC0494025,6693,1
NC0496010,34959,0
NC0496015,4261,1
NC0496025,1265,1
NC0496030,896,0
NC0496045,7793,0
NC0496055,6875,0
NC0496060,9572,0
NC0496065,39403,1
NC0496155,950,0
NC0498010,50332,0
NC0498020,1450,4
NC0498025,1393,0
NC0498030,881,0
NC0498035,1795,0
NC0498040,426,0
NC0498045,440,1
NC1006005,25,0
NC1011035,100,0
NC1011045,94,0
NC1011055,155,1
NC1012017,70,1
NC1014001,152,0
NC1020006,30,0
NC1022007,50,0
NC1044004,422,1
NC1045001,124,0
NC1045008,75,0
NC1045015,60,1
NC1045025,185,1
NC1045034,54,0
NC1045041,82,0
NC1045043,80,1
NC1050030,74,0
NC1050034,117,0
NC1050035,467,1
NC1050037,89,0
NC1050040,25,0
NC1050042,424,0
NC1050043,37,0
NC1050045,259,0
NC1050057,396,0
NC1050069,51,1
NC1050084,76,1
NC1050089,38,0
NC1056001,127,1
NC1056009,36,1
NC1056013,43,0
NC1056029,64,0
NC1056031,343,0
NC1056032,902,0
NC1057005,93,0
NC1057008,40,0
NC1057011,676,0
NC1057013,62,0
NC1057024,125,0
NC1057025,26,0
NC1057026,75,0
NC1061009,25,0
NC1075006,99,0
NC1075010,838,0
NC1081016,376,1
NC1081024,99,1
NC1087004,46,0
NC1088006,30,0
NC1088008,45,0
NC1088013,35,1
NC2002001,79,0
NC2013008,81,0
NC2013022,3102,0
NC2013026,379,0
NC2018004,5080,0
NC2018008,587,0
NC2023003,1303,1
NC2036007,213,0
NC2036011,38,0
NC2036014,56,0
NC2036024,442,0
NC2036026,470,0
NC2049001,561,0
NC2049003,89,0
NC2049006,246,0
NC2049011,71,0
NC2049013,66,0
NC2049015,455,0
NC2049016,582,0
NC2049030,41,0
NC2049035,102,0
NC2049042,112,0
NC2049052,71,0
NC2055001,61,0
NC2060020,165,0
NC2060054,416,0
NC2060088,76,0
NC2060089,1930,0
NC2060093,465,0
NC2060097,147,0
NC2060100,196,0
NC2080082,471,0
NC2084005,709,0
NC2084006,302,1
NC2084008,854,1
NC2090010,380,0
NC3001005,2497,0
NC3001006,69,0
NC3001008,295,1
NC3001010,72,0
NC3029003,197,0
NC3034012,38,0
NC3041009,71,0
NC3041010,58,0
NC3041011,267,0
NC3041012,125,0
NC3041015,59,0
NC3041020,346,0
NC3041021,299,0
NC3041022,170,0
NC3041023,315,0
NC3041033,360,0
NC3041034,125,0
NC3041039,576,0
NC3041042,84,0
NC3041043,104,0
NC3041045,51,0
NC3041048,218,0
NC3041050,265,0
NC3041051,185,0
NC3041054,132,0
NC3041055,86,0
NC3041058,76,0
NC3041060,51,0
NC3041061,78,0
NC3041062,201,0
NC3041063,66,0
NC3041066,343,0
NC3041067,315,0
NC3041069,81,0
NC3041072,152,0
NC3041075,51,1
NC3041081,99,0
NC3041083,79,0
NC3041085,61,0
NC3041086,116,0
NC3041089,89,0
NC3041097,132,0
NC3041101,117,0
NC3041103,175,0
NC3041104,131,0
NC3041109,56,1
NC3041111,51,0
NC3041113,72,0
NC3041128,45,1
NC3041130,132,2
NC3076008,26,0
NC3079023,206,0
NC3079027,124,0
NC3079031,1200,1
NC3079038,250,0
NC3086013,46,0
NC3086036,61,0
NC3095002,678,1
NC3095004,51,0
NC3095030,890,0
NC3095044,254,1
NC3097018,685,0
NC3099029,277,0
NC3099034,97,0
NC4019004,365,0
NC4019009,2098,0
NC4019010,1540,1
NC4019015,192,0
NC4032015,51,0
NC4032018,84,0
NC4032025,76,0
NC4035009,272,1
NC4035013,110,0
NC4035014,125,0
NC4035018,117,0
NC4035019,181,0
NC4035028,187,0
NC4035034,75,0
NC4051001,48,0
NC4051002,229,0
NC4051006,238,1
NC4051007,803,1
NC4051008,107,3
NC4051009,642,2
NC4051010,60,0
NC4051012,1326,0
NC4051014,60,0
NC4051018,25212,0
NC4051019,4703,0
NC4064005,7675,0
NC4064010,701,0
NC4064035,1694,0
NC4066001,216,1
NC4066002,33,1
NC4066003,66,0
NC4068021,75,0
NC4091008,1580,0
NC4091010,1376,1
NC4092001,216,0
NC4092005,267,0
NC4092006,564,0
NC4092011,242,0
NC4092014,26,1
NC4092017,157,0
NC4092020,64,0
NC4092021,94,0
NC4092027,231,0
NC4092028,45,0
NC4092031,81,0
NC4092032,50,0
NC4092033,211,0
NC4092034,46,0
NC4092038,157,0
NC4092039,680,0
NC4092040,282,0
NC4092042,122,0
NC4092043,363,0
NC4092048,84,0
NC4092055,56,0
NC4092056,95,0
NC4092057,150,0
NC4092060,114,0
NC4092061,109,0
NC4092063,231,0
NC4092064,422,0
NC4092065,219,0
NC4092066,122,0
NC4092068,185,0
NC4092069,366,0
NC4092072,81,0
NC4092073,1042,3
NC4092074,117,1
NC4092079,90,1
NC4092080,48,0
NC4092081,53,0
NC4092083,235,0
NC4092084,206,0
NC4092085,389,0
NC4092086,81,0
NC4092087,113,0
NC4092088,36,0
NC4092089,178,0
NC4092091,246,0
NC4092092,262,0
NC4092094,97,0
NC4092096,373,0
NC4092097,287,0
NC4092098,150,0
NC4092099,254,0
NC4092102,165,0
NC4092103,473,0
NC4092105,125,0
NC4092107,566,0
NC4092110,89,0
NC4092127,69,0
NC4092128,186,0
NC4092131,145,0
NC4092133,88,0
NC4092134,395,0
NC4092136,175,0
NC4092139,53,0
NC4092144,43,0
NC4092145,341,0
NC4092146,175,0
NC4092151,203,0
NC4092153,218,0
NC4092155,229,1
NC4092158,123,0
NC4092160,59,0
NC4092162,64,0
NC4092165,58,0
NC4092166,110,1
NC4092168,394,4
NC4092171,56,0
NC4092172,80,0
NC4092174,121,0
NC4092178,127,0
NC4092179,171,0
NC4092180,30,0
NC4092184,46,0
NC4092185,109,0
NC4092197,84,0
NC4092198,90,0
NC4092199,25,2
NC4092201,84,0
NC4092207,39,0
NC4092208,178,1
NC4092213,41,0
NC4092244,39,0
NC4093011,55,2
NC4098012,5730,0
NC4098014,4388,0
NC4098019,200,1
NC4098020,28,0
NC4392101,234,0
NC4392102,435,0
NC4392103,433,0
NC4392105,90,0
NC4392107,89,0
NC4392109,58,0
NC4392111,86,0
NC4392112,399,0
NC4392114,97,0
NC4392116,76,0
NC4392117,116,0
NC4392118,124,0
NC4392119,234,0
NC4392120,234,0
NC4392122,175,0
NC4392123,147,0
NC4392124,96,0
NC4392125,510,0
NC4392128,223,0
NC4392129,597,0
NC4392131,76,0
NC4392132,106,0
NC4392133,122,0
NC4392134,104,0
NC4392135,99,0
NC4392139,73,0
NC4392140,740,0
NC4392141,485,4
NC4392142,270,0
NC4392143,188,0
NC4392145,95,0
NC4392146,150,0
NC4392147,119,0
NC4392148,117,0
NC4392150,325,0
NC4392151,173,0
NC4392152,112,0
NC4392153,76,0
NC4392154,181,0
NC4392155,112,0
NC4392156,272,0
NC4392157,518,0
NC4392158,119,0
NC4392159,94,0
NC4392160,89,0
NC4392162,690,0
NC4392163,203,0
NC4392164,145,0
NC4392169,394,0
NC4392172,274,0
NC4392174,84,3
NC4392181,292,0
NC4392182,742,0
NC4392183,364,0
NC4392186,102,0
NC4392187,79,0
NC4392188,531,0
NC4392192,114,0
NC4392195,196,0
NC4392211,236,0
NC4392215,110,0
NC4392216,355,0
NC4392224,2619,0
NC4392225,267,0
NC4392228,713,0
NC4392229,74,0
NC4392233,69,0
NC5004002,67,0
NC5026018,2357,0
NC5026019,65000,0
NC5026026,124,2
NC5026027,8150,0
NC5043001,3733,0
NC5043002,93,0
NC5043003,595,0
NC5063011,9330,0
NC5063023,407,2
NC5063024,165,0
NC5063025,37,0
NC5078001,318,0
NC5078006,170,0
NC5078007,365,1
NC5082022,3725,0
NC5082023,688,0
NC5082024,210,0
NC5082026,148,0
NC5082027,55,0
NC5082028,70,0
NC5083003,584,0
NC5083004,330,0
NC5083005,965,0
NC6027001,8209,0
NC6027009,122,0
NC6028002,269,0
NC6040000,447,1
NC6059003,2245,1
NC6059009,2746,1
NC6070000,13187,0
NC6070001,160,0
NC6096001,16302,1
NC6096002,2540,0
NC7010054,90,0
NC7016013,335,0
NC7016045,132,0
NC7024007,10442,0
NC7024013,2598,0
NC7024024,439,0
NC7065035,61,0
NC7067005,70,0
NC7067007,385,1
NC7067008,2677,1
NC7071011,32302,5
NC7071018,777,0
NC7071022,178,0
NC7071054,301,0
ND0100476,1226,0
ND0100812,162,0
ND0200226,78,0
ND0200581,172,0
ND0200747,62,0
ND0200763,118,0
ND0200858,192,0
ND0200882,30,0
ND0200958,6585,0
ND0201032,216,0
ND0201058,4938,0
ND0300553,427,0
ND0300587,382,0
ND0300659,224,0
ND0300762,105,2
ND0400638,112,0
ND0500099,2211,0
ND0500549,245,0
ND0500620,84,4
ND0500887,58,1
ND0501001,429,0
ND0501030,163,0
ND0501057,890,0
ND0501127,790,0
ND0600119,1470,0
ND0600819,169,0
ND0600869,281,0
ND0700114,336,0
ND0700198,133,0
ND0700344,66,1
ND0700569,155,0
ND0700800,126,0
ND0700804,280,0
ND0800080,72417,0
ND0800083,345,0
ND0800096,80,0
ND0800144,162,0
ND0800570,4257,0
ND0800648,200,0
ND0801031,711,0
ND0801036,152,0
ND0801154,3700,0
ND0801502,10400,0
ND0900017,94,0
ND0900030,475,0
ND0900035,337,0
ND0900134,188,0
ND0900166,2513,0
ND0900217,252,1
ND0900336,120762,0
ND0900387,74,0
ND0900412,173,0
ND0900460,718,0
ND0900488,1641,0
ND0900489,110,0
ND0900492,261,0
ND0900524,692,0
ND0900613,1320,0
ND0900769,232,0
ND0900945,253,0
ND0900999,34858,0
ND0901060,3658,0
ND0901124,1700,0
ND0901131,1682,0
ND0901363,305,0
ND0901365,88,0
ND0901410,56,0
ND0901449,50,1
ND0901483,4242,0
ND1000543,1878,0
ND1000658,58,0
ND1000721,50,0
ND1000768,134,0
ND1001380,2450,0
ND1100306,1394,1
ND1100346,53,1
ND1100379,54,0
ND1100698,36,0
ND1100758,1856,0
ND1101442,1275,0
ND1101481,140,0
ND1200211,1406,0
ND1200369,35,1
ND1200748,121,0
ND1300259,87,0
ND1300276,146,0
ND1300432,188,0
ND1300520,939,0
ND1300606,55,0
ND1300730,60,0
ND1400732,1391,0
ND1400879,204,0
ND1500429,71,0
ND1500469,235,0
ND1500571,1097,0
ND1500921,409,0
ND1501310,405,0
ND1501653,3650,0
ND1600159,2065,0
ND1600398,91,0
ND1601470,455,0
ND1700059,981,0
ND1700403,61,0
ND1700870,56,0
ND1800036,180,0
ND1800311,414,0
ND1800410,57339,0
ND1800550,1346,0
ND1800753,945,0
ND1801056,3438,0
ND1801062,5995,0
ND1801456,100,0
ND1900162,293,0
ND1900303,642,0
ND1900731,221,0
ND2000077,183,0
ND2000203,984,0
ND2000446,131,0
ND2001061,1070,0
ND2001121,1135,0
ND2100704,721,0
ND2100726,600,0
ND2100816,160,0
ND2200827,37,0
ND2200913,715,0
ND2200951,80,0
ND2300291,563,0
ND2300508,72,0
ND2300535,354,0
ND2300537,889,0
ND2300544,100,0
ND2300969,85,0
ND2301216,34,0
ND2301467,95,0
ND2400380,310,0
ND2400715,792,0
ND2500266,275,0
ND2500415,241,0
ND2500509,82,0
ND2500946,479,1
ND2500956,130,0
ND2500964,1084,0
ND2600038,749,0
ND2600556,80,0
ND2601037,952,0
ND2601055,86,0
ND2700006,1335,0
ND2700990,6390,0
ND2701003,52,0
ND2701477,3895,0
ND2701506,28,0
ND2701701,32,1
ND2800194,79,0
ND2800389,1453,0
ND2800619,334,2
ND2800650,94,0
ND2800825,205,0
ND2800949,581,0
ND2800953,778,0
ND2800989,1246,0
ND2801400,1800,0
ND2801430,1805,0
ND2801487,400,0
ND2801696,390,0
ND2900074,3058,0
ND2900402,182,0
ND2900470,2411,0
ND2900789,123,0
ND2900902,366,0
ND2901054,237,0
ND2901491,4168,0
ND3000012,122,0
ND3000342,232,0
ND3000400,807,0
ND3000473,747,0
ND3000596,21769,0
ND3000597,320,0
ND3000598,200,0
ND3000736,946,0
ND3001431,4303,0
ND3001488,34,0
ND3001489,43,0
ND3001490,173,0
ND3100798,171,0
ND3100838,97,0
ND3100898,1138,0
ND3101807,30,0
ND3200023,222,0
ND3200536,672,0
ND3200636,349,0
ND3200653,294,0
ND3200944,166,0
ND3201072,2501,0
ND3300174,588,0
ND3400170,1302,0
ND3400269,824,0
ND3400707,92,0
ND3400720,371,0
ND3400777,592,0
ND3400856,331,0
ND3400980,996,0
ND3401128,3422,0
ND3500842,2876,0
ND3501069,43,0
ND3501476,1075,0
ND3600231,7141,0
ND3600298,182,0
ND3601424,5280,0
ND3700314,886,0
ND3700574,2154,0
ND3700876,95,0
ND3701448,1675,0
ND3701801,25,0
ND3800397,380,0
ND3800695,783,0
ND3800877,242,0
ND3900001,263,0
ND3900055,52,0
ND3900183,156,0
ND3900196,121,0
ND3900333,367,0
ND3900443,919,0
ND3900567,652,0
ND3900607,64,0
ND3900703,197,0
ND3900973,7766,0
ND3900976,235,0
ND3901043,429,0
ND3901068,4225,0
ND4000277,773,1
ND4000833,484,0
ND4000834,1280,0
ND4000854,341,0
ND4001153,670,0
ND4100357,504,0
ND4100428,753,0
ND4100848,163,0
ND4101425,653,0
ND4101452,110,1
ND4200404,98,2
ND4200626,380,0
ND4400615,136,0
ND4500065,1013,0
ND4500242,25679,0
ND4500396,239,0
ND4500821,529,0
ND4500891,301,0
ND4500934,148,0
ND4501434,8537,0
ND4600341,445,0
ND4600487,258,0
ND4600875,96,0
ND4700188,83,0
ND4700498,15427,0
ND4700519,163,1
ND4700637,308,0
ND4700922,170,0
ND4701042,50,0
ND4701151,87,0
ND4701303,5550,0
ND4800078,126,0
ND4800152,1115,0
ND4800828,94,0
ND4900465,777,0
ND4900482,1603,0
ND4900622,1858,0
ND4900803,606,0
ND4901071,2800,0
ND5000408,4284,0
ND5000691,604,0
ND5000773,1403,0
ND5001075,3000,0
ND5100072,454,0
ND5100138,1060,0
ND5100515,961,0
ND5100593,154,0
ND5100660,48743,0
ND5100849,85,0
ND5100868,357,0
ND5100923,1365,0
ND5101065,2742,0
ND5101074,1296,0
ND5101125,7748,0
ND5101130,230,0
ND5101447,450,0
ND5200118,131,0
ND5200169,43,2
ND5200338,479,0
ND5200458,1783,0
ND5200927,117,0
ND5201309,3504,0
ND5300425,244,0
ND5300809,950,0
ND5300936,2202,0
ND5300948,840,0
ND5301011,110,0
ND5301012,26426,0
ND5301063,300,0
ND5301079,5102,0
ND5301152,1003,0
ND5301764,30,1
ND5301766,226,1
ND5301779,30,0
NE3100101,24927,1
NE3100103,187,0
NE3100106,919,0
NE3100107,757,0
NE3100108,194,0
NE3100301,957,0
NE3100302,322,0
NE3100303,180,0
NE3100304,379,2
NE3100305,1592,0
NE3100307,717,0
NE3100308,320,1
NE3100309,190,0
NE3100901,103,0
NE3101101,382,0
NE3101102,1700,0
NE3101103,69,0
NE3101104,333,0
NE3101105,710,0
NE3101302,8070,0
NE3101303,810,0
NE3101502,65,0
NE3101503,204,0
NE3101504,198,0
NE3101505,100,0
NE3101507,350,0
NE3101701,305,0
NE3101702,1728,0
NE3101903,136,0
NE3101904,200,0
NE3101905,48,0
NE3101906,34000,0
NE3101907,1878,0
NE3101908,901,0
NE3101909,367,0
NE3101910,1059,0
NE3101911,1457,0
NE3101914,122,0
NE3102101,1300,0
NE3102102,1753,0
NE3102103,824,0
NE3102104,410,0
NE3102105,199,0
NE3102301,3000,0
NE3102302,99,0
NE3102303,229,0
NE3102304,361,0
NE3102305,65,0
NE3102306,435,0
NE3102307,176,1
NE3102308,374,0
NE3102309,36,0
NE3102501,6680,0
NE3102502,3144,0
NE3102505,196,0
NE3102506,1107,1
NE3102507,254,0
NE3102508,142,0
NE3102509,104,0
NE3102510,1065,0
NE3102511,275,0
NE3102512,1400,0
NE3102513,195,0
NE3102514,480,0
NE3102515,175,0
NE3102516,698,2
NE3102517,600,1
NE3102519,420,0
NE3102521,2958,0
NE3102522,1875,0
NE3102701,135,0
NE3102702,1499,0
NE3102703,52,0
NE3102704,58,0
NE3102705,972,2
NE3102706,533,0
NE3102707,112,0
NE3102708,220,0
NE3102709,944,0
NE3102901,549,0
NE3102902,2071,0
NE3103101,149,0
NE3103102,69,0
NE3103103,87,0
NE3103104,99,0
NE3103105,70,0
NE3103106,2737,0
NE3103302,337,0
NE3103303,6720,0
NE3103304,206,0
NE3103305,320,0
NE3103306,228,0
NE3103307,80,0
NE3103502,1000,0
NE3103503,333,0
NE3103504,350,0
NE3103505,428,2
NE3103506,730,0
NE3103507,1447,0
NE3103508,48,0
NE3103701,6547,0
NE3103702,95,0
NE3103703,641,0
NE3103704,567,1
NE3103705,405,0
NE3103901,496,2
NE3103902,650,1
NE3103903,1239,4
NE3103904,3550,1
NE3104101,550,1
NE3104102,592,0
NE3104103,92,1
NE3104104,459,0
NE3104105,3568,0
NE3104107,150,0
NE3104108,363,0
NE3104109,171,0
NE3104110,100,0
NE3104111,563,0
NE3104301,2081,0
NE3104302,235,0
NE3104303,234,0
NE3104304,532,0
NE3104308,100,0
NE3104309,14043,0
NE3104501,57,1
NE3104502,59,1
NE3104505,840,0
NE3104507,6257,0
NE3104508,250,0
NE3104701,3915,0
NE3104702,3578,1
NE3104703,170,0
NE3104708,10348,0
NE3104710,600,0
NE3104712,59,0
NE3104901,891,1
NE3104902,282,0
NE3105101,377,5
NE3105102,80,0
NE3105103,148,0
NE3105104,86,0
NE3105105,300,0
NE3105106,894,0
NE3105107,1450,0
NE3105108,78,2
NE3105302,857,0
NE3105303,300,0
NE3105304,241,0
NE3105305,1279,0
NE3105306,250,1
NE3105307,612,0
NE3105308,200,0
NE3105309,350,0
NE3105310,852,0
NE3105312,27230,0
NE3105315,103,0
NE3105317,40,0
NE3105506,300,0
NE3105507,660000,0
NE3105508,330,0
NE3105512,125,0
NE3105514,1552,0
NE3105517,962,0
NE3105518,3294,0
NE3105522,450,0
NE3105701,850,0
NE3105702,162,0
NE3105902,600,0
NE3105904,125,0
NE3105905,2217,0
NE3105906,591,0
NE3105907,244,0
NE3105908,140,0
NE3105909,341,0
NE3106101,60,0
NE3106102,145,0
NE3106103,97,0
NE3106104,950,0
NE3106105,370,0
NE3106106,135,0
NE3106107,347,0
NE3106301,387,0
NE3106302,806,0
NE3106303,261,0
NE3106304,28,1
NE3106305,25,0
NE3106501,71,0
NE3106502,719,0
NE3106503,111,0
NE3106504,1071,0
NE3106505,537,0
NE3106506,1026,0
NE3106701,37,0
NE3106702,140,0
NE3106704,280,0
NE3106705,12220,0
NE3106706,529,0
NE3106707,310,0
NE3106708,320,0
NE3106709,67,0
NE3106710,1656,0
NE3106711,201,0
NE3106712,606,0
NE3106901,809,0
NE3107101,1080,0
NE3107301,25,0
NE3107303,25,0
NE3107308,670,0
NE3107311,60,0
NE3107312,100,0
NE3107313,50,0
NE3107501,168,0
NE3107701,450,0
NE3107702,408,0
NE3107703,319,0
NE3107704,287,2
NE3107901,1204,0
NE3107902,51478,1
NE3107905,829,1
NE3107906,785,0
NE3107908,60,0
NE3107909,652,0
NE3108101,4678,0
NE3108102,432,0
NE3108103,410,0
NE3108104,147,0
NE3108105,236,0
NE3108106,385,5
NE3108301,202,1
NE3108303,80,0
NE3108304,150,0
NE3108305,25,0
NE3108306,239,0
NE3108307,1043,0
NE3108502,220,0
NE3108503,501,0
NE3108701,310,0
NE3108702,534,1
NE3108901,288,0
NE3108902,367,0
NE3108903,166,0
NE3108904,3705,0
NE3108905,1298,0
NE3108906,486,0
NE3108908,100,0
NE3109101,279,0
NE3109301,189,0
NE3109302,124,0
NE3109303,309,0
NE3109304,211,0
NE3109306,2416,0
NE3109501,60,0
NE3109502,60,4
NE3109503,400,0
NE3109504,1580,0
NE3109505,269,0
NE3109506,153,0
NE3109507,3707,0
NE3109508,132,0
NE3109509,99,0
NE3109510,65,0
NE3109701,335,1
NE3109702,37,0
NE3109703,80,1
NE3109704,977,0
NE3109705,2438,0
NE3109706,502,0
NE3109901,360,0
NE3109902,750,0
NE3109904,3118,0
NE3110101,483,0
NE3110102,4878,0
NE3110103,330,0
NE3110301,200,0
NE3110501,2596,0
NE3110504,112,0
NE3110505,260,1
NE3110704,754,0
NE3110705,1154,0
NE3110707,74,0
NE3110708,1025,0
NE3110709,365,0
NE3110711,592,0
NE3110712,30,0
NE3110713,552,0
NE3110714,75,0
NE3110903,40,1
NE3110904,150,0
NE3110905,4279,0
NE3110906,222,0
NE3110907,220,0
NE3110908,250,0
NE3110909,6000,1
NE3110910,1082,0
NE3110911,160,0
NE3110912,640,0
NE3110913,190,0
NE3110915,95,0
NE3110917,3300,0
NE3110920,125,0
NE3110922,308,0
NE3110923,457,0
NE3110924,190,0
NE3110926,296000,0
NE3111101,665,0
NE3111102,383,0
NE3111106,25000,0
NE3111107,50,0
NE3111111,1313,0
NE3111112,316,0
NE3111301,305,0
NE3111905,721,0
NE3111907,255,0
NE3111910,26147,0
NE3111915,1194,1
NE3111916,2135,0
NE3111917,301,0
NE3112101,369,0
NE3112102,3000,0
NE3112103,472,0
NE3112104,449,0
NE3112301,160,0
NE3112302,1203,0
NE3112303,1454,0
NE3112501,137,0
NE3112502,898,1
NE3112503,1307,2
NE3112701,600,0
NE3112702,137,0
NE3112703,3478,0
NE3112704,142,0
NE3112705,650,0
NE3112706,122,0
NE3112707,1011,0
NE3112708,328,0
NE3112709,45,0
NE3112901,304,0
NE3112902,159,0
NE3112903,490,0
NE3112904,1979,0
NE3112905,105,0
NE3113101,311,0
NE3113102,266,0
NE3113103,2500,0
NE3113104,1962,0
NE3113106,7414,0
NE3113107,567,0
NE3113108,288,0
NE3113109,714,0
NE3113110,57,5
NE3113111,195,0
NE3113112,200,0
NE3113301,122,0
NE3113303,82,0
NE3113304,1500,0
NE3113305,830,0
NE3113306,58,0
NE3113307,65,0
NE3113308,247,0
NE3113501,178,0
NE3113502,270,0
NE3113503,1197,0
NE3113504,102,1
NE3113701,204,0
NE3113702,382,0
NE3113705,5555,1
NE3113706,131,0
NE3113707,750,0
NE3113901,47,0
NE3113902,1282,5
NE3113903,870,0
NE3113904,1800,0
NE3114101,336,0
NE3114102,284,0
NE3114103,842,2
NE3114104,283,1
NE3114106,150,5
NE3114107,85,0
NE3114110,24028,0
NE3114111,85,0
NE3114113,392,2
NE3114114,210,0
NE3114301,346,0
NE3114302,875,0
NE3114303,1155,1
NE3114304,714,0
NE3114501,88,0
NE3114502,355,0
NE3114504,7450,0
NE3114505,58,5
NE3114506,584,0
NE3114701,812,0
NE3114702,950,1
NE3114703,209,0
NE3114704,980,0
NE3114705,4015,0
NE3114706,200,0
NE3114707,160,0
NE3114708,175,0
NE3114709,138,0
NE3114710,140,0
NE3114901,80,0
NE3114902,700,1
NE3115101,598,0
NE3115102,964,0
NE3115103,586,1
NE3115104,7566,0
NE3115105,1930,0
NE3115106,88,0
NE3115107,249,0
NE3115108,102,0
NE3115301,1529,0
NE3115302,300,1
NE3115303,8661,0
NE3115305,60,1
NE3115309,280,0
NE3115312,980,0
NE3115313,35000,0
NE3115501,291,0
NE3115503,919,0
NE3115504,600,0
NE3115506,3369,0
NE3115507,117,0
NE3115508,106,0
NE3115509,569,0
NE3115510,95,0
NE3115511,600,0
NE3115512,4500,1
NE3115515,1274,0
NE3115516,310,0
NE3115701,1143,0
NE3115702,809,0
NE3115703,1526,0
NE3115706,163,0
NE3115708,934,0
NE3115710,325,0
NE3115711,74,0
NE3115716,14282,0
NE3115717,8500,0
NE3115901,210,0
NE3115902,185,1
NE3115905,7700,0
NE3115906,317,0
NE3115907,2090,1
NE3115909,100,1
NE3115910,109,0
NE3115911,375,0
NE3115912,150,0
NE3115913,840,0
NE3115914,230,0
NE3116101,816,0
NE3116102,614,0
NE3116104,1500,0
NE3116301,196,0
NE3116302,151,0
NE3116303,1045,0
NE3116501,251,0
NE3116701,260,0
NE3116702,1577,1
NE3116901,1565,0
NE3116902,747,0
NE3116903,68,1
NE3116904,86,0
NE3116905,291,0
NE3116906,224,0
NE3116907,83,0
NE3116908,319,0
NE3116909,51,0
NE3116910,146,0
NE3117101,200,0
NE3117501,2112,0
NE3117502,197,0
NE3117503,283,0
NE3117901,1350,0
NE3117903,300,0
NE3117905,8000,3
NE3117906,1350,0
NE3117907,1010,0
NE3117908,268,0
NE3118101,263,0
NE3118102,191,0
NE3118104,5990,0
NE3118105,429,0
NE3118301,991,0
NE3118302,941,0
NE3118303,220,0
NE3118501,90,0
NE3118502,90,0
NE3118701,1080,0
NE3118702,221,1
NE3118703,203,0
NE3118704,275,0
NE3118705,336,0
NE3118706,8091,0
NE3118707,400,0
NE3118709,195,0
NE3120004,1964,0
NE3120014,180,0
NE3120018,50,0
NE3120023,294,0
NE3120029,69,0
NE3120030,58,0
NE3120035,1417,0
NE3120036,490,0
NE3120037,400,0
NE3120041,295,0
NE3120042,201,0
NE3120046,300,0
NE3120068,20,0
NE3120155,1841,0
NE3120157,250,0
NE3120158,91,0
NE3120175,89,0
NE3120195,487,2
NE3120220,220,0
NE3120293,315,0
NE3120302,2032,0
NE3120303,2500,2
NE3120304,1860,0
NE3120305,150,0
NE3120306,51,0
NE3120312,60,0
NE3120346,450,0
NE3120348,565,0
NE3120354,190,0
NE3120358,225,0
NE3120372,76,4
NE3120384,122,0
NE3120443,120,0
NE3120446,168,0
NE3120483,925,0
NE3120514,136,0
NE3120574,61,0
NE3120604,99,0
NE3120623,92,0
NE3120658,3000,0
NE3120700,38,0
NE3120710,210,0
NE3120712,80,0
NE3120757,100,0
NE3120787,1992,0
NE3120818,90,0
NE3120819,292,0
NE3120824,64,0
NE3120840,52,4
NE3120928,805,0
NE3120954,150,0
NE3120977,93,0
NE3120998,126,0
NE3121167,85,0
NE3121171,25,0
NE3121196,200,0
NE3121200,1218,0
NE3121204,100,0
NE3121227,355,0
NE3121234,128,0
NE3121302,1368,0
NE3121337,260,0
NE3121353,179,0
NE3121363,675,0
NE3121368,856,0
NE3121370,325,0
NE3121381,70,0
NE3121382,630,0
NE3121401,100,0
NE3121406,100,0
NE3121429,213,0
NE3121445,40,0
NE3121478,108,0
NE3121480,160,0
NE3121481,180,0
NE3121485,99,0
NE3121486,357,0
NE3121507,1630,0
NE3121518,223,0
NE3121519,28,0
NE3121527,100,0
NE3130003,250,0
NE3130005,450,0
NE3130031,74,0
NE3150241,450,0
NE3150471,350,0
NH0022010,123,0
NH0023010,125,2
NH0032010,307,0
NH0043020,243,0
NH0043040,383,1
NH0043050,800,0
NH0052010,24,0
NH0053010,60,0
NH0061010,1800,0
NH0062010,138,0
NH0062050,85,0
NH0063020,265,0
NH0072070,298,0
NH0072080,53,0
NH0072090,51,0
NH0073030,115,0
NH0081010,650,4
NH0091010,920,0
NH0101010,1525,0
NH0102010,290,0
NH0102020,258,0
NH0112030,160,0
NH0112060,95,0
NH0112070,85,0
NH0112090,27,0
NH0112100,140,0
NH0132010,107,0
NH0142010,2308,0
NH0151010,227,0
NH0152010,48,0
NH0152020,35,0
NH0152030,38,0
NH0152050,43,0
NH0152060,60,0
NH0152090,113,0
NH0152100,100,0
NH0153010,50,0
NH0153020,58,0
NH0153030,123,0
NH0153040,163,0
NH0153050,198,0
NH0153060,250,0
NH0161010,625,2
NH0161020,3850,0
NH0162050,120,0
NH0162070,295,0
NH0162100,50,2
NH0162130,58,4
NH0162140,75,0
NH0162160,150,0
NH0162170,750,0
NH0162180,110,0
NH0162190,118,0
NH0162200,163,0
NH0162210,167,1
NH0162250,72,0
NH0162260,58,0
NH0162270,315,0
NH0162310,30,2
NH0162330,58,0
NH0162340,30,0
NH0162350,175,1
NH0162390,30,0
NH0162400,270,0
NH0162410,141,0
NH0162430,28,0
NH0171010,100,0
NH0192050,1148,0
NH0192060,58,0
NH0192070,965,0
NH0192080,3000,0
NH0201010,1612,0
NH0201020,150,0
NH0202010,395,0
NH0202020,250,0
NH0202030,55,0
NH0202040,58,0
NH0202060,50,0
NH0203010,134,0
NH0203020,70,0
NH0203030,85,0
NH0203040,413,0
NH0203060,120,0
NH0203070,77,0
NH0203080,325,0
NH0203090,276,0
NH0211010,775,0
NH0212010,60,0
NH0212020,180,0
NH0212030,52,0
NH0224010,230,0
NH0231010,9575,0
NH0241010,1750,2
NH0251010,3800,0
NH0261010,150,0
NH0262010,80,1
NH0262020,238,0
NH0262030,50,0
NH0262040,75,0
NH0262050,120,0
NH0262060,113,0
NH0272010,40,0
NH0282010,72,0
NH0282030,59,0
NH0284010,1387,0
NH0292010,130,0
NH0293010,26,0
NH0297020,45,0
NH0301010,3575,0
NH0341010,600,0
NH0341030,1250,0
NH0342010,63,0
NH0342020,60,0
NH0342050,150,0
NH0342080,25,0
NH0342090,44,0
NH0342100,50,0
NH0343010,60,0
NH0343020,234,0
NH0351010,684,1
NH0353010,66,2
NH0353020,73,0
NH0354010,300,0
NH0362010,65,0
NH0362020,80,0
NH0363010,85,0
NH0374010,25,0
NH0381010,875,0
NH0382010,1050,0
NH0411010,2850,0
NH0412010,58,0
NH0413020,50,0
NH0413030,180,0
NH0432010,245,0
NH0432020,150,0
NH0432030,100,0
NH0432040,88,0
NH0453020,55,0
NH0461010,9000,1
NH0481010,1300,0
NH0493020,95,0
NH0501010,44215,0
NH0511010,2745,0
NH0511030,5500,0
NH0512010,560,0
NH0512030,153,0
NH0512050,110,0
NH0512060,118,1
NH0512070,45,0
NH0512080,155,0
NH0512110,67,0
NH0512120,63,0
NH0512130,185,0
NH0512140,70,0
NH0512150,80,0
NH0512170,63,0
NH0512180,50,0
NH0512190,40,0
NH0512200,105,0
NH0512210,63,0
NH0512230,125,0
NH0512240,480,2
NH0512250,240,0
NH0512260,75,0
NH0512270,220,0
NH0513100,388,0
NH0582010,485,0
NH0583010,92,1
NH0583020,124,1
NH0583030,390,1
NH0583050,200,0
NH0594010,20,1
NH0594020,57,0
NH0594030,25,0
NH0603010,245,0
NH0603020,45,0
NH0611010,17370,0
NH0612010,310,0
NH0612020,500,0
NH0612070,263,0
NH0612110,93,0
NH0612140,150,0
NH0612150,1413,0
NH0612170,258,0
NH0612210,50,0
NH0612220,73,0
NH0612230,158,0
NH0612240,55,0
NH0613010,127,0
NH0613030,47,0
NH0613060,140,1
NH0651010,29000,0
NH0691010,16000,0
NH0692010,63,0
NH0692020,167,0
NH0694010,225,0
NH0702010,25,0
NH0702020,72,0
NH0702030,248,0
NH0702040,90,0
NH0732030,206,0
NH0732040,60,1
NH0751010,1345,2
NH0752020,328,0
NH0753010,30,0
NH0753020,136,0
NH0753030,263,0
NH0761010,1600,0
NH0762040,105,0
NH0762050,53,0
NH0762070,100,0
NH0762080,113,0
NH0762120,203,0
NH0763010,47,0
NH0771010,800,0
NH0771020,71,1
NH0773010,350,0
NH0773020,68,0
NH0773030,125,0
NH0774010,240,2
NH0774030,75,0
NH0781010,183,0
NH0801010,12236,1
NH0802010,26,1
NH0802020,50,0
NH0802030,55,0
NH0802040,140,0
NH0803020,980,0
NH0803030,411,0
NH0803040,70,0
NH0811010,3250,0
NH0821010,43,0
NH0821020,65,0
NH0821030,53,0
NH0823010,32,0
NH0831010,130,0
NH0832010,115,0
NH0841010,535,0
NH0841020,475,0
NH0851010,7200,0
NH0861010,170,0
NH0862010,590,0
NH0862020,50,1
NH0862030,165,2
NH0872010,97,0
NH0872020,226,0
NH0874020,88,0
NH0881010,190,0
NH0881020,1440,1
NH0882010,35,0
NH0882020,113,0
NH0882040,50,0
NH0882050,98,0
NH0882060,125,0
NH0882080,90,0
NH0882090,138,0
NH0882100,60,0
NH0882130,128,0
NH0882140,100,0
NH0882150,150,0
NH0882160,343,0
NH0882170,100,0
NH0882180,138,1
NH0882190,152,0
NH0882210,75,0
NH0882220,90,1
NH0882410,40,0
NH0882420,93,0
NH0883010,128,0
NH0883030,148,0
NH0883040,233,0
NH0883060,123,0
NH0883070,26,0
NH0911010,3250,1
NH0911020,1125,0
NH0911030,90,0
NH0912020,105,0
NH0912040,113,0
NH0912050,115,0
NH0921010,2630,0
NH0921020,55,0
NH0951010,3400,0
NH0952020,50,0
NH0972010,300,3
NH0974010,48,2
NH0982010,28,0
NH0991010,1100,0
NH0993020,472,1
NH0993030,73,0
NH1021010,385,1
NH1031010,7153,0
NH1032070,60,0
NH1032090,50,0
NH1042010,100,0
NH1051010,34000,0
NH1052010,200,0
NH1053010,55,0
NH1053020,207,1
NH1053030,90,0
NH1061010,450,0
NH1071010,9600,0
NH1101010,540,0
NH1101020,750,0
NH1101040,1950,0
NH1101050,787,0
NH1102020,27,0
NH1112010,63,0
NH1113010,65,0
NH1121010,3000,0
NH1123020,91,1
NH1131010,600,0
NH1141010,2000,0
NH1141020,1300,0
NH1151010,1800,0
NH1151020,1600,0
NH1162010,88,1
NH1163010,193,0
NH1172020,74,0
NH1172030,100,1
NH1173020,220,0
NH1176010,36,2
NH1181010,4650,0
NH1181020,3000,0
NH1182040,168,0
NH1182050,210,0
NH1191010,1600,3
NH1191020,215,1
NH1193010,200,0
NH1193020,90,1
NH1193030,150,0
NH1201010,16700,0
NH1202010,58,0
NH1203010,220,0
NH1211010,500,1
NH1212030,28,0
NH1212050,38,0
NH1212080,43,0
NH1212090,47,0
NH1212130,70,0
NH1218010,29,0
NH1221010,3800,0
NH1227070,28,0
NH1241010,30000,0
NH1272010,52,0
NH1272020,63,0
NH1272030,112,0
NH1272040,67,0
NH1272050,45,0
NH1272060,86,0
NH1272070,65,0
NH1272080,97,0
NH1272090,40,1
NH1281010,17125,0
NH1282010,100,0
NH1282020,140,0
NH1282030,204,0
NH1282050,55,0
NH1291010,2500,0
NH1321010,13600,1
NH1323020,125,1
NH1323030,48,0
NH1323040,24,0
NH1323050,32,0
NH1332010,53,1
NH1332020,70,0
NH1332030,25,0
NH1332040,30,0
NH1332050,90,0
NH1333020,200,0
NH1333030,45,2
NH1333060,60,0
NH1334010,51,0
NH1351010,3300,0
NH1361010,1010,0
NH1371010,6920,0
NH1381010,6500,0
NH1391010,6255,0
NH1392010,250,0
NH1392030,130,0
NH1392040,95,0
NH1392050,72,2
NH1392060,880,0
NH1392200,88,0
NH1392220,50,0
NH1392230,42,0
NH1392250,383,0
NH1392260,228,0
NH1392290,185,0
NH1392300,38,0
NH1392310,305,0
NH1392320,28,0
NH1392330,105,0
NH1393060,110,0
NH1402010,30,0
NH1402020,250,0
NH1402030,50,0
NH1403010,137,0
NH1403020,60,1
NH1403030,370,2
NH1403040,51,0
NH1431010,283,0
NH1432010,23,0
NH1456020,30,2
NH1461010,1200,3
NH1462040,25,0
NH1463010,50,0
NH1471010,123500,0
NH1472030,25,2
NH1481010,750,0
NH1482010,100,0
NH1521010,3750,1
NH1522010,225,0
NH1522020,48,0
NH1522030,48,0
NH1522040,80,0
NH1522070,85,0
NH1522090,205,0
NH1522150,68,0
NH1524010,131,0
NH1531010,25500,0
NH1542030,235,1
NH1553010,53,0
NH1561010,9500,0
NH1562020,75,0
NH1562030,455,0
NH1562040,48,0
NH1563020,63,1
NH1581010,800,0
NH1583010,425,0
NH1591010,300,0
NH1603010,100,0
NH1612010,2060,1
NH1612030,213,1
NH1612040,108,0
NH1612080,26,1
NH1612170,158,0
NH1612200,50,1
NH1612210,90,0
NH1612220,40,0
NH1612230,68,0
NH1612250,88,0
NH1612260,73,0
NH1612270,113,0
NH1621010,88853,0
NH1622010,85,0
NH1652020,208,0
NH1652050,51,1
NH1661010,910,0
NH1672010,31,1
NH1672020,80,1
NH1681010,550,0
NH1691010,600,5
NH1692030,66,1
NH1712010,57,0
NH1712040,45,0
NH1713010,104,0
NH1721010,3250,0
NH1722010,153,0
NH1722020,180,0
NH1731010,5030,0
NH1732020,40,0
NH1732030,228,0
NH1741010,5000,0
NH1742010,43,0
NH1752020,100,0
NH1752030,115,0
NH1752070,230,0
NH1753010,88,0
NH1762010,95,0
NH1762020,28,0
NH1763010,64,0
NH1767020,35,0
NH1781010,2650,0
NH1781030,65,0
NH1792030,688,0
NH1792050,31,0
NH1793010,55,0
NH1793020,74,0
NH1793030,148,0
NH1802020,45,0
NH1831010,128,0
NH1841010,860,0
NH1842010,265,0
NH1842030,260,0
NH1842050,45,0
NH1842060,135,0
NH1842070,38,0
NH1843010,255,0
NH1843020,125,0
NH1844010,258,2
NH1851010,910,0
NH1851020,488,0
NH1852020,73,0
NH1852040,123,3
NH1852060,120,0
NH1852080,25,0
NH1852090,35,0
NH1852100,39,0
NH1852110,45,0
NH1852120,168,0
NH1852130,115,0
NH1852140,102,0
NH1852150,105,2
NH1852160,95,0
NH1861010,5200,0
NH1862010,35,0
NH1862030,30,0
NH1871010,4500,0
NH1901010,233,0
NH1911010,1625,0
NH1913010,73,0
NH1921010,284,0
NH1921020,750,0
NH1931010,465,2
NH1932020,110,0
NH1932040,70,0
NH1932050,348,0
NH1932060,120,0
NH1932070,200,0
NH1932080,60,0
NH1932090,110,0
NH1932100,50,0
NH1932110,55,0
NH1932120,73,0
NH1932140,30,0
NH1932150,32,0
NH1932170,38,0
NH1932180,75,0
NH1932200,85,0
NH1932210,60,0
NH1932230,63,0
NH1932240,85,1
NH1941010,6700,0
NH1942010,228,0
NH1942020,90,1
NH1943010,165,0
NH1951010,33000,0
NH1951020,9900,0
NH1971010,3300,0
NH1972010,190,0
NH1972020,110,1
NH1972040,120,0
NH1972050,38,1
NH1972060,115,1
NH1972070,173,0
NH1972080,99,1
NH1973030,618,0
NH1973050,140,0
NH1973060,315,1
NH1992020,60,0
NH1992040,50,0
NH1992050,43,0
NH1992070,54,0
NH1993010,200,0
NH2001010,25000,1
NH2001020,35,1
NH2001030,171,0
NH2002020,90,1
NH2002040,40,0
NH2002050,30,0
NH2003020,215,0
NH2003090,36,0
NH2004010,54,0
NH2011010,1688,2
NH2032010,55,0
NH2041010,4300,1
NH2051010,21000,0
NH2052010,48,0
NH2052030,303,1
NH2052060,57,0
NH2052070,193,0
NH2053020,350,0
NH2053030,58,1
NH2082010,30,0
NH2082020,95,0
NH2082030,40,0
NH2082040,90,0
NH2082050,188,0
NH2082060,202,0
NH2082070,170,0
NH2082080,98,0
NH2082090,105,0
NH2082110,120,0
NH2082120,43,0
NH2082130,73,0
NH2087010,55,2
NH2111010,14000,0
NH2151010,12200,0
NH2191020,428,0
NH2192020,50,0
NH2212010,105,0
NH2221010,300,0
NH2223010,65,0
NH2223020,50,0
NH2232010,171,0
NH2232020,175,0
NH2232030,195,0
NH2232040,128,0
NH2232050,150,0
NH2232060,105,0
NH2232070,210,2
NH2232080,70,0
NH2232090,38,2
NH2232110,115,0
NH2232130,69,0
NH2232140,55,0
NH2232150,46,0
NH2232160,150,0
NH2232170,35,3
NH2232190,111,0
NH2232200,168,1
NH2232210,52,0
NH2271010,1680,0
NH2271020,500,0
NH2272020,56,0
NH2281010,50,1
NH2301010,1700,0
NH2301020,430,0
NH2302010,100,0
NH2302040,113,0
NH2302050,180,0
NH2303010,305,0
NH2303020,248,1
NH2311010,265,0
NH2312020,40,0
NH2312030,250,0
NH2312050,60,0
NH2312060,16,0
NH2312070,58,2
NH2312090,30,3
NH2313010,75,0
NH2313020,130,0
NH2318090,42,1
NH2342010,100,0
NH2342020,48,3
NH2342030,60,0
NH2342040,200,0
NH2342060,213,0
NH2342070,50,0
NH2342080,96,1
NH2342090,28,0
NH2342110,113,0
NH2348110,272,0
NH2351010,2500,0
NH2351020,405,0
NH2352010,42,0
NH2352020,93,0
NH2352040,133,0
NH2353010,220,0
NH2353020,47,0
NH2353040,90,0
NH2353090,73,0
NH2361010,1200,0
NH2372020,298,0
NH2372050,45,0
NH2373010,143,1
NH2384010,625,0
NH2391010,1425,1
NH2392010,120,0
NH2392020,30,0
NH2392030,120,0
NH2401010,1057,0
NH2401020,625,0
NH2401030,125,0
NH2411010,660,0
NH2413010,218,0
NH2421010,30,0
NH2422010,200,0
NH2441010,3150,0
NH2452010,78,0
NH2452030,200,1
NH2452040,180,0
NH2453010,76,0
NH2453020,75,0
NH2462040,75,1
NH2462050,90,0
NH2494010,380,0
NH2501010,1640,1
NH2512010,53,0
NH2521010,1790,0
NH2531010,2800,0
NH2533010,140,0
NH2533020,127,0
NH2542010,328,0
NH2542030,528,0
NH2542060,120,0
NH2542070,145,0
NH2542080,87,0
NH2542130,25,0
NH2542140,110,0
NH2542150,140,0
NH2542160,93,0
NH2542170,173,0
NH2542180,133,0
NH2542190,33,0
NH2542200,113,0
NH2544010,155,2
NH2544020,110,0
NH2552010,280,3
NH2561010,6000,0
NH2562010,50,0
NH2562030,113,0
NH2562050,55,0
NH2563010,159,2
NH2571020,2950,0
NH2572010,98,0
NJ0102001,152415,1
NJ0103001,14450,1
NJ0104003,4880,0
NJ0105001,64,0
NJ0105002,70,0
NJ0107001,4300,0
NJ0108002,250,0
NJ0108003,456,1
NJ0108004,250,0
NJ0108005,300,0
NJ0108006,245,0
NJ0108009,200,1
NJ0108013,100,0
NJ0108014,70,0
NJ0108019,300,0
NJ0108303,105,0
NJ0111004,98,0
NJ0111007,70,0
NJ0112001,21720,0
NJ0112002,74,0
NJ0113001,12153,1
NJ0115001,10777,0
NJ0116001,23500,0
NJ0117001,150,0
NJ0119001,210,0
NJ0119002,120146,0
NJ0122001,22150,0
NJ0123001,720,0
NJ0123002,750,2
NJ0201001,6702,0
NJ0211001,20374,0
NJ0217001,35564,2
NJ0220001,5038,0
NJ0221001,30487,0
NJ0228001,4060,0
NJ0231001,24136,0
NJ0232001,20500,0
NJ0233001,26777,0
NJ0233005,225,0
NJ0236001,654,0
NJ0238001,792713,0
NJ0239001,15392,0
NJ0242001,12754,0
NJ0247001,16466,0
NJ0248001,15207,0
NJ0251001,61700,0
NJ0257001,13155,1
NJ0258001,600,0
NJ0264001,10208,0
NJ0265001,11583,0
NJ0301001,55,0
NJ0303001,15821,1
NJ0305001,9835,0
NJ0306001,27000,0
NJ0307002,2500,0
NJ0311001,88,0
NJ0311002,40,0
NJ0313001,45538,0
NJ0314001,650,0
NJ0315001,11214,1
NJ0318002,2420,0
NJ0319001,19400,1
NJ0320001,17272,0
NJ0320002,450,0
NJ0322001,20700,1
NJ0323001,47427,0
NJ0324001,41743,0
NJ0325001,12765,0
NJ0326001,300,0
NJ0326003,96,0
NJ0326004,285,0
NJ0326005,96,0
NJ0326006,12227,0
NJ0326007,110,0
NJ0326008,594,0
NJ0326009,86,0
NJ0326013,88,0
NJ0326014,75,0
NJ0327001,274291,0
NJ0328001,1771,0
NJ0329001,500,0
NJ0329002,200,0
NJ0329003,3500,0
NJ0329004,12378,1
NJ0329005,300,0
NJ0329006,888,0
NJ0329008,120,0
NJ0329009,650,0
NJ0332001,300,0
NJ0332002,250,0
NJ0333001,4926,0
NJ0333002,700,0
NJ0333003,100,1
NJ0333004,598,0
NJ0335001,135,0
NJ0338001,35000,0
NJ0339001,2014,2
NJ0340001,800,0
NJ0340002,55,1
NJ0404001,9522,0
NJ0405001,12991,0
NJ0407001,2300,0
NJ0408001,46585,2
NJ0410001,200,0
NJ0410002,49,0
NJ0411001,5000,0
NJ0412001,24500,0
NJ0414001,12460,0
NJ0415002,44396,0
NJ0416001,11938,0
NJ0424001,47144,0
NJ0428002,10233,0
NJ0435003,1184,0
NJ0435324,215,0
NJ0436001,2506,3
NJ0436002,100,0
NJ0436007,39174,0
NJ0436008,172,0
NJ0436009,100,0
NJ0436010,90,0
NJ0501001,39839,0
NJ0502001,35000,1
NJ0503001,4000,0
NJ0504306,120,1
NJ0505002,12416,0
NJ0505003,420,1
NJ0506001,95,0
NJ0506004,175,0
NJ0506007,650,0
NJ0506008,685,0
NJ0506009,731,0
NJ0506010,5625,0
NJ0506012,49,0
NJ0506013,86,0
NJ0506015,200,0
NJ0506321,90,0
NJ0508001,127000,0
NJ0509001,15800,0
NJ0510001,30850,0
NJ0511001,1085,0
NJ0511003,392,0
NJ0512001,4427,0
NJ0514001,218472,0
NJ0516001,2650,3
NJ0516003,550,0
NJ0601001,22770,2
NJ0604001,771,0
NJ0605001,207,2
NJ0605002,450,0
NJ0605004,1841,0
NJ0607001,100,3
NJ0609001,1679,0
NJ0610001,27500,1
NJ0610002,250,0
NJ0612001,81,1
NJ0613004,3100,0
NJ0614003,36250,1
NJ0614005,1600,2
NJ0701001,35129,2
NJ0702001,53315,2
NJ0703001,9027,0
NJ0704001,12900,3
NJ0705001,75000,0
NJ0706001,2200,0
NJ0706002,354,0
NJ0707001,7400,0
NJ0708001,7681,0
NJ0710001,27391,0
NJ0712001,217230,0
NJ0713001,40150,1
NJ0714001,294274,1
NJ0715001,6000,0
NJ0715002,208,0
NJ0716001,29500,2
NJ0717001,30134,0
NJ0718001,5300,0
NJ0719001,16964,0
NJ0720001,13641,1
NJ0721001,10759,2
NJ0801001,8179,0
NJ0802001,30561,0
NJ0803001,9900,0
NJ0804001,291,0
NJ0805001,72,0
NJ0805002,100,0
NJ0805003,100,0
NJ0805433,140,0
NJ0806001,24244,0
NJ0807001,4921,0
NJ0808001,9193,0
NJ0809001,855,0
NJ0809002,6650,0
NJ0810004,12600,0
NJ0810005,75,0
NJ0811002,26179,0
NJ0812001,3144,0
NJ0813001,1616,0
NJ0814001,6097,1
NJ0815001,7896,0
NJ0816001,100,0
NJ0817001,2824,0
NJ0818004,48000,0
NJ0819001,2357,0
NJ0820001,22000,0
NJ0821001,6000,1
NJ0822001,10263,0
NJ0823001,3008,0
NJ0824001,6271,0
NJ0901001,63000,0
NJ0902001,2406,0
NJ0904001,14425,0
NJ0905001,52000,0
NJ0906001,262000,0
NJ0907001,41664,1
NJ1004001,936,0
NJ1005001,12500,0
NJ1006300,40,0
NJ1006302,97,0
NJ1007001,500,0
NJ1007002,256,0
NJ1009001,4581,0
NJ1011001,1373,0
NJ1012001,1705,0
NJ1013001,1401,0
NJ1014001,3300,0
NJ1015003,621,0
NJ1015004,172,0
NJ1017001,3960,0
NJ1019001,252,0
NJ1019002,200,1
NJ1019003,85,0
NJ1019311,36,5
NJ1020001,1453,0
NJ1021363,284,0
NJ1023001,650,1
NJ1024001,246,0
NJ1025001,940,0
NJ1025313,190,0
NJ1101002,25000,1
NJ1103001,39128,0
NJ1104001,5400,0
NJ1105001,2035,1
NJ1106001,356,0
NJ1106002,860,1
NJ1107001,1200,0
NJ1107002,8655,0
NJ1108001,2600,0
NJ1111001,217000,1
NJ1112001,300,0
NJ1204001,49715,1
NJ1205001,35000,1
NJ1206001,2000,0
NJ1207001,14000,0
NJ1209002,68000,0
NJ1212001,7000,3
NJ1213002,36000,0
NJ1214001,55000,0
NJ1215001,43905,0
NJ1216001,52328,2
NJ1219001,45345,0
NJ1221004,45450,1
NJ1223001,16000,2
NJ1224001,8300,0
NJ1225001,233376,0
NJ1302001,2000,0
NJ1304001,4385,0
NJ1305001,5000,1
NJ1306001,20000,1
NJ1308001,4800,0
NJ1309001,1200,0
NJ1309002,640,0
NJ1309415,85,0
NJ1312001,2504,0
NJ1314001,1500,0
NJ1315001,11029,1
NJ1316001,29831,0
NJ1319003,354,0
NJ1319008,80,0
NJ1319009,184,0
NJ1319010,260,0
NJ1321001,10105,0
NJ1322001,7500,0
NJ1326001,46196,0
NJ1326002,8700,0
NJ1326007,800,0
NJ1327001,14000,1
NJ1328002,29480,0
NJ1329001,9084,1
NJ1330002,6775,1
NJ1330003,2123,0
NJ1330004,286,0
NJ1331001,500,1
NJ1332314,137,0
NJ1340001,12520,0
NJ1341001,880,0
NJ1344001,2636,0
NJ1345001,377613,0
NJ1347001,3000,0
NJ1348001,11270,0
NJ1349001,5000,0
NJ1352003,26000,0
NJ1352005,30,1
NJ1401001,9532,1
NJ1401002,305,0
NJ1403001,7630,1
NJ1404001,8962,0
NJ1406002,100,1
NJ1407001,280,0
NJ1408001,15881,0
NJ1409001,27806,0
NJ1410001,11393,1
NJ1411001,8846,0
NJ1413001,270,1
NJ1414003,4500,2
NJ1414006,50,0
NJ1414008,100,1
NJ1414011,8500,4
NJ1414016,90,0
NJ1415001,3010,0
NJ1415002,1938,2
NJ1416001,11000,3
NJ1416004,300,0
NJ1417001,15820,0
NJ1420001,4300,0
NJ1421003,22000,3
NJ1421305,46,0
NJ1422001,1100,0
NJ1424001,62349,0
NJ1425001,4012,0
NJ1426002,1053,0
NJ1426004,1989,0
NJ1426005,1978,0
NJ1427001,5000,2
NJ1427002,267,0
NJ1427005,7887,1
NJ1427006,744,2
NJ1427007,3600,1
NJ1427008,648,1
NJ1427009,837,0
NJ1427010,125,0
NJ1427012,57,0
NJ1427014,267,0
NJ1427015,597,1
NJ1427017,6463,0
NJ1427018,1080,1
NJ1428001,3342,0
NJ1429001,50400,0
NJ1431001,14010,0
NJ1431002,1463,0
NJ1432003,14820,0
NJ1433001,2850,0
NJ1434001,7066,0
NJ1435001,120,0
NJ1435002,14000,0
NJ1435003,6011,0
NJ1436002,11793,0
NJ1436003,5153,0
NJ1436004,4478,3
NJ1436006,90,0
NJ1438001,80,0
NJ1438003,3458,0
NJ1438004,4986,0
NJ1438006,75,2
NJ1439001,6342,0
NJ1501001,4148,0
NJ1503001,20000,0
NJ1504001,10802,0
NJ1505002,12000,0
NJ1505003,6600,0
NJ1505004,11792,0
NJ1506001,81829,0
NJ1507005,123184,0
NJ1508001,80,0
NJ1509001,6600,0
NJ1510001,1750,0
NJ1511001,37224,1
NJ1511002,440,0
NJ1511003,128,0
NJ1511004,120,0
NJ1511005,282,0
NJ1511007,92,0
NJ1511008,625,0
NJ1511010,2903,1
NJ1511011,126,0
NJ1511013,280,0
NJ1511016,150,0
NJ1512001,29000,1
NJ1513001,2650,0
NJ1514002,27614,0
NJ1515001,25000,0
NJ1516001,24215,0
NJ1517001,25295,0
NJ1517002,2000,0
NJ1517003,800,0
NJ1517004,150,0
NJ1517005,150,0
NJ1517006,1230,0
NJ1518002,2126,0
NJ1518003,1300,0
NJ1518004,15613,0
NJ1518005,23980,0
NJ1518010,208,4
NJ1520001,15419,0
NJ1521001,3200,0
NJ1522001,2130,0
NJ1523001,100,0
NJ1523002,400,0
NJ1523003,3495,0
NJ1523004,100,0
NJ1524001,19600,0
NJ1525001,12000,0
NJ1526001,20000,0
NJ1527001,15000,0
NJ1528001,15000,0
NJ1530003,224,0
NJ1530004,30603,0
NJ1531001,10000,0
NJ1532002,6285,0
NJ1533001,20000,0
NJ1533002,1493,0
NJ1601001,7742,2
NJ1603001,12000,2
NJ1604001,19458,1
NJ1605001,11247,0
NJ1605002,310483,0
NJ1606301,250,0
NJ1609001,11435,0
NJ1611002,9327,1
NJ1612001,10804,0
NJ1613001,150,0
NJ1613002,10266,2
NJ1614001,55000,0
NJ1615001,180,0
NJ1615002,600,0
NJ1615003,1132,0
NJ1615006,92,0
NJ1615008,458,0
NJ1615009,40,4
NJ1615012,633,0
NJ1615014,700,0
NJ1615016,1577,0
NJ1615017,105,1
NJ1615018,1258,0
NJ1615020,1444,0
NJ1615022,55,0
NJ1615340,165,0
NJ1616001,6000,1
NJ1702001,1385,0
NJ1704001,60,0
NJ1706001,200,0
NJ1707001,14406,0
NJ1708001,13500,0
NJ1710001,1276,2
NJ1710002,300,0
NJ1710003,250,1
NJ1710006,43,3
NJ1710304,259,4
NJ1712001,6199,0
NJ1713001,90,0
NJ1714001,300,0
NJ1714003,142,0
NJ1715001,4455,0
NJ1803002,250,0
NJ1808001,57150,0
NJ1817001,687,0
NJ1901001,606,0
NJ1902003,1250,1
NJ1902004,115,0
NJ1902005,125,0
NJ1902007,240,0
NJ1902008,250,2
NJ1902346,530,0
NJ1903001,1500,2
NJ1904001,1087,0
NJ1904002,612,0
NJ1904003,1410,0
NJ1904004,105,0
NJ1904006,95,0
NJ1904007,65,0
NJ1904009,400,0
NJ1905002,40,0
NJ1905004,100,1
NJ1906001,300,0
NJ1906002,5500,0
NJ1907001,175,0
NJ1907002,226,0
NJ1908001,599,1
NJ1908308,232,0
NJ1909001,3382,0
NJ1910002,300,1
NJ1910003,814,0
NJ1911001,1050,0
NJ1911002,300,0
NJ1911003,1000,2
NJ1911004,177,0
NJ1911005,769,2
NJ1911006,1963,0
NJ1912001,7224,0
NJ1914002,1983,0
NJ1915001,8300,0
NJ1916001,2800,0
NJ1918003,1618,0
NJ1918004,17625,1
NJ1918013,342,0
NJ1919001,3730,0
NJ1920001,1200,0
NJ1921001,2201,4
NJ1922001,136,0
NJ1922004,72,0
NJ1922005,59,0
NJ1922006,168,0
NJ1922008,515,0
NJ1922010,250,0
NJ1922011,208,2
NJ1922012,80,0
NJ1922013,53,0
NJ1922015,53,0
NJ1922017,88,0
NJ1922021,45,0
NJ1922022,53,0
NJ1922026,5517,1
NJ1922027,175,0
NJ1924002,180,0
NJ1924003,300,0
NJ1924004,80,0
NJ1924006,122,0
NJ2004001,134000,0
NJ2004002,615430,0
NJ2013001,27300,0
NJ2021001,1600,0
NJ2101001,5423,0
NJ2102001,2530,0
NJ2103001,2854,0
NJ2104001,800,0
NJ2106304,224,0
NJ2108001,22000,0
NJ2110001,135,0
NJ2110003,40,0
NJ2112001,110,0
NJ2112002,350,0
NJ2113002,85,0
NJ2113003,32,0
NJ2113301,64,0
NJ2116002,75,0
NJ2116004,430,1
NJ2117002,120,1
NJ2117003,60,0
NJ2119001,26686,0
NJ2120001,62,0
NJ2120002,192,0
NJ2121001,10719,0
NJ2123002,216,1
NJ2123003,310,0
NM3500101,60,1
NM3500109,254,0
NM3500112,145,0
NM3500115,25000,0
NM3500117,323,0
NM3500119,81,0
NM3500121,902,1
NM3500123,650,0
NM3500125,400,1
NM3500129,30,1
NM3500130,209,1
NM3500202,286,1
NM3500204,209,4
NM3500214,89,0
NM3500217,82,1
NM3500219,108,1
NM3500221,420,1
NM3500224,200,2
NM3500232,259,0
NM3500309,782,0
NM3500318,117,0
NM3500321,97,1
NM3500323,209,0
NM3500324,239,2
NM3500326,6795,0
NM3500329,35,2
NM3500330,34,4
NM3500332,201,1
NM3500402,133,4
NM3500404,47,1
NM3500410,79,0
NM3500418,82,1
NM3500421,60,0
NM3500423,141,1
NM3500430,317,1
NM3500432,84,1
NM3500501,100,0
NM3500507,929,1
NM3500521,469,0
NM3500525,47,2
NM3500526,94,0
NM3500529,80,1
NM3500532,50,1
NM3500601,541,1
NM3500607,548,0
NM3500609,1577,0
NM3500621,150,0
NM3500623,138,0
NM3500624,8817,1
NM3500625,114,1
NM3500626,1937,0
NM3500629,72,1
NM3500701,69,0
NM3500707,1177,0
NM3500721,159,0
NM3500801,26,1
NM3500807,777,1
NM3500821,215,1
NM3500826,6775,1
NM3500901,38,0
NM3500902,116,0
NM3500904,100,0
NM3500921,350,1
NM3500923,40,0
NM3500926,3150,1
NM3500930,68,1
NM3501001,76,1
NM3501021,1573,2
NM3501024,44,1
NM3501129,45,0
NM3501201,63,2
NM3501207,13362,0
NM3501221,325,1
NM3501223,177,3
NM3501225,40,2
NM3501232,43,1
NM3501309,92,1
NM3501321,77,0
NM3501421,500,1
NM3501521,25,1
NM3501523,400,1
NM3501529,113,1
NM3501725,50,2
NM3501821,300,1
NM3501823,320,2
NM3501825,60,2
NM3501901,117,5
NM3501921,12012,1
NM3502007,45,1
NM3502021,99,1
NM3502121,124,1
NM3502221,90,2
NM3502314,338,1
NM3502321,85,1
NM3502401,154,4
NM3502407,11542,0
NM3502421,1514,0
NM3502426,1050,1
NM3502507,19466,3
NM3502519,81,2
NM3502621,129,1
NM3502721,223,4
NM3502921,237,2
NM3502926,66,1
NM3503129,48,0
NM3503221,215,1
NM3503321,470,2
NM3503401,175,1
NM3503421,629,2
NM3503521,84,0
NM3503621,194,0
NM3503721,45,1
NM3503821,90,0
NM3503926,611,0
NM3504021,1200,0
NM3504026,68,0
NM3504121,60,1
NM3504126,461,0
NM3504226,58,1
NM3504321,29,0
NM3504326,59,2
NM3504426,215,1
NM3504526,153,2
NM3504626,2700,0
NM3504826,315,0
NM3504926,152,1
NM3505126,90810,1
NM3505226,1018,1
NM3505326,258,1
NM3505429,180,0
NM3505529,444,1
NM3505629,200,1
NM3505829,550,0
NM3505929,244,1
NM3506329,800,0
NM3506621,226,3
NM3506729,549,0
NM3506829,2337,1
NM3507029,750,1
NM3507129,679,0
NM3507229,342,0
NM3507329,115,1
NM3507429,700,0
NM3507529,5528,0
NM3507629,132,1
NM3507729,350,1
NM3507829,195,2
NM3507929,111,0
NM3508029,100,0
NM3508129,72,0
NM3508217,116,1
NM3508317,20880,1
NM3508517,1744,0
NM3508717,517,0
NM3508817,1173,1
NM3508923,10948,0
NM3509023,1789,1
NM3509029,97,0
NM3509032,1472,1
NM3509123,1385,2
NM3509223,458,2
NM3509232,141,0
NM3509323,596,1
NM3509423,374,0
NM3509523,705,1
NM3509623,107350,1
NM3509723,166,4
NM3509824,9673,0
NM3509924,1609,0
NM3510005,89,1
NM3510016,76,1
NM3510018,63,2
NM3510019,205,0
NM3510020,266,2
NM3510024,3726,1
NM3510026,250,0
NM3510027,95,0
NM3510029,105,0
NM3510104,261,1
NM3510107,92,0
NM3510117,135,1
NM3510119,147,1
NM3510120,126,0
NM3510124,9536,0
NM3510201,506,1
NM3510207,99,1
NM3510209,610,1
NM3510218,177,0
NM3510219,82,1
NM3510220,84,2
NM3510224,47655,1
NM3510324,7615,0
NM3510329,150,1
NM3510333,331,0
NM3510403,439,0
NM3510429,49,1
NM3510509,113,2
NM3510517,425,0
NM3510524,5694,0
NM3510609,348,0
NM3510624,2265,0
NM3510701,560326,0
NM3510707,1115,0
NM3510732,4367,4
NM3510801,175,4
NM3511001,1098,1
NM3511019,684,0
NM3511021,83,1
NM3511101,95,0
NM3511201,128,1
NM3511207,8691,1
NM3511426,29,1
NM3511507,3042,1
NM3511524,460,1
NM3511607,2366,0
NM3511701,1447,1
NM3511707,98175,0
NM3512007,2104,0
NM3512207,552,0
NM3512407,5292,0
NM3512514,1821,0
NM3512614,1136,2
NM3512714,333,2
NM3512814,102,1
NM3512914,125,1
NM3513014,82,1
NM3513107,63,0
NM3513114,15947,0
NM3513214,2146,0
NM3513307,65,2
NM3513319,35301,0
NM3513414,107,0
NM3513419,657,0
NM3513519,2865,0
NM3513607,252,0
NM3513619,364,2
NM3513719,1917,0
NM3513819,143,2
NM3513919,110,0
NM3514019,3485,3
NM3514127,172,0
NM3514327,6783,1
NM3514810,426,1
NM3515010,2681,0
NM3515029,1076,1
NM3515032,51,0
NM3515110,346,1
NM3515310,785,1
NM3515418,225,1
NM3515518,270,0
NM3515818,82,0
NM3515918,242,2
NM3516218,1100,1
NM3516518,35,1
NM3516618,402,1
NM3516718,135,0
NM3516825,93,1
NM3516925,413,0
NM3517025,112,1
NM3517532,68,0
NM3517625,48,1
NM3517725,191,1
NM3518025,14530,4
NM3518225,133,0
NM3518325,2133,2
NM3518525,113,2
NM3518625,100,1
NM3518825,200,0
NM3518925,79,1
NM3519025,180,0
NM3519125,136,2
NM3519225,35,1
NM3519325,126,1
NM3519425,246,0
NM3519625,268,1
NM3519703,1554,0
NM3519803,246,0
NM3519903,1292,0
NM3520001,39,1
NM3520003,374,0
NM3520005,264,2
NM3520023,180,1
NM3520024,3784,0
NM3520027,45,5
NM3520103,588,0
NM3520203,54025,1
NM3520308,15176,0
NM3520408,348,1
NM3520508,227,0
NM3520608,33626,0
NM3520708,638,1
NM3520808,245,0
NM3521001,28,0
NM3521008,200,0
NM3521014,877,1
NM3521108,1862,1
NM3521114,58,1
NM3521208,868,2
NM3521308,4464,0
NM3521408,67,1
NM3521513,4487,0
NM3521613,40418,0
NM3521713,5500,1
NM3521813,13539,1
NM3521913,76,1
NM3522013,948,1
NM3522109,2616,0
NM3522209,1682,1
NM3522309,215,1
NM3522329,232,0
NM3522409,1050,0
NM3522509,318,0
NM3522532,87,1
NM3522609,14400,0
NM3522812,3298,5
NM3522912,118,0
NM3523009,1204,0
NM3523016,2230,1
NM3523102,47,1
NM3523202,107,0
NM3523402,601,0
NM3523502,166,0
NM3523528,1321,1
NM3523628,284,0
NM3523728,12026,0
NM3523930,169,1
NM3524030,1355,3
NM3524130,55,0
NM3524230,2825,1
NM3524330,1505,2
NM3524430,40,0
NM3524530,158,0
NM3524626,8500,0
NM3524630,250,2
NM3524730,279,0
NM3524830,84,2
NM3524832,5513,0
NM3524932,10830,3
NM3525033,492,0
NM3525332,19400,0
NM3525533,3409,1
NM3525633,55,3
NM3525733,182,1
NM3525833,1060,2
NM3525933,209,2
NM3526033,241,3
NM3526133,10523,0
NM3526204,1260,2
NM3526404,340,1
NM3526504,135,4
NM3526604,1170,3
NM3526704,9733,0
NM3526804,45,1
NM3526811,260,0
NM3526911,498,1
NM3526920,2321,0
NM3527031,3250,0
NM3527131,218,1
NM3527231,45,0
NM3527305,41066,0
NM3527405,127,2
NM3527505,1296,1
NM3527605,1426,0
NM3527706,1789,0
NM3527920,360,0
NM3528020,6064,0
NM3528122,80,1
NM3528222,161,1
NM3528322,273,1
NM3528422,101,0
NM3528522,14284,0
NM3528616,16788,0
NM3528707,24000,0
NM3529007,2504,0
NM3529107,936,0
NM3529207,14619,1
NM3529421,543,1
NM3530414,271,1
NM3530504,2000,4
NM3530608,1950,2
NM3530827,2286,0
NM3531001,76,0
NM3531207,747,0
NM3531524,1148,2
NM3531623,700,2
NM3531804,613,2
NM3531904,6045,3
NM3532032,2760,0
NM3532517,92,1
NM3532617,177,2
NM3532717,435,0
NM3533021,175,1
NM3533126,132,0
NM3533223,567,0
NM3533329,1025,0
NM3533426,130,1
NM3533526,420,1
NM3533814,443,0
NM3533914,460,0
NM3534619,426,0
NM3535021,927,4
NM3535123,416,2
NM3535223,320,0
NM3535320,59,1
NM3535518,325,1
NM3535618,269,0
NM3536126,132,1
NM3536221,300,0
NM3536724,545,2
NM3536907,695,0
NM3537113,279,1
NM3537219,215,2
NM3537326,7082,0
NM3537526,321,0
NM3538309,70,2
NM3539307,291,1
NM3539607,551,1
NM3539807,163,0
NM3540007,431,1
NM3540307,100,0
NM3540407,156,0
NM3541707,124,2
NM3543623,106,0
NM3543723,154,2
NM3544926,172,2
NM3545618,357,1
NM3545907,847,0
NM3546019,320,0
NM3546223,659,1
NM3546419,2698,2
NM3546930,715,0
NM3547010,35,1
NM3547501,199,2
NM3548201,78,0
NM3548301,213,1
NM3548501,255,0
NM3548801,152,0
NM3548901,117,2
NM3549101,58,1
NM3549301,161,0
NM3549801,90,1
NM3550001,75,0
NM3550019,64,2
NM3550201,127,1
NM3550501,44,0
NM3550504,120,0
NM3550905,97,0
NM3551026,37,0
NM3552206,454,0
NM3552728,246,2
NM3552803,280,2
NM3552903,4304,0
NM3553205,223,0
NM3553321,145,1
NM3553401,802,0
NM3553501,200,0
NM3553601,342,0
NM3554107,205,0
NM3554207,831,1
NM3554307,16987,1
NM3555008,1781,1
NM3555407,147,0
NM3556109,205,1
NM3556212,180,2
NM3556821,225,0
NM3557513,83,1
NM3557713,52,1
NM3558014,60,0
NM3558214,53,0
NM3558514,2870,0
NM3559316,110,2
NM3559417,65,1
NM3559717,109,1
NM3560007,2167,1
NM3560617,35,1
NM3561101,814,4
NM3561317,54,1
NM3562101,276,0
NM3562201,6079,1
NM3562222,3720,1
NM3562719,13000,0
NM3562819,32,1
NM3562919,70,0
NM3563019,356,0
NM3563319,40,2
NM3563619,105,0
NM3563814,261,0
NM3564019,457,0
NM3564119,26,1
NM3564219,57,1
NM3564319,342,0
NM3564420,641,0
NM3565419,193,1
NM3565423,300,1
NM3566026,131,1
NM3566221,32,2
NM3566510,60,0
NM3566628,2470,1
NM3567701,22500,0
NM3567905,7832,0
NM3568007,4300,1
NM3568819,75,1
NM3568919,52,2
NM3569626,99,1
NM3569826,61,0
NM3571026,56,1
NM3571119,1274,0
NM3571426,77,1
NM3572007,9170,0
NM3572126,160,4
NM3572307,155,0
NM3572826,200,0
NM3572926,394,5
NM3573126,38,1
NM3573501,270,0
NM3573627,1350,0
NM3573725,250,1
NM3573828,60,2
NM3573928,1344,0
NM3574125,500,1
NM3574229,232,0
NM3574429,400,1
NM3574519,76,0
NM3574529,354,0
NM3574729,319,1
NM3574826,65,1
NM3574929,165,0
NM3575026,72,1
NM3575029,222,0
NM3575129,222,1
NM3575330,450,2
NM3575430,411,2
NM3575501,35000,1
NM3575530,208,0
NM3575801,139,0
NM3576207,393,1
NM3576623,98,0
NM3576723,355,0
NM3577407,166,0
NM3577432,112,1
NM3577532,48,1
NM3580102,170,0
NM3580202,344,0
NM3580232,4387,1
NM3580514,98,0
NM3580526,59,2
NM3590616,222,0
NM3590708,71,0
NM3591309,415,0
NM3592121,263,1
NM3592219,226,0
NM3593003,142,1
NM3593226,450,1
NM3599801,50,0
NN0400174,8458,0
NN0400181,875,0
NN0400182,233,0
NN0400206,6276,0
NN0400207,393,0
NN0400208,72,0
NN0400209,496,0
NN0400253,414,0
NN0400280,971,0
NN0400283,1368,0
NN0400286,185,0
NN0400289,684,0
NN0400290,1276,0
NN0400296,1040,0
NN0400299,900,0
NN0400320,349,0
NN0400321,787,0
NN0400322,397,0
NN0400326,1146,0
NN0400342,4986,3
NN0400348,1590,0
NN0400379,1146,0
NN0400396,455,0
NN0400397,862,0
NN0400399,2014,3
NN0400812,321,0
NN0400813,222,0
NN0400814,342,0
NN0400815,1375,0
NN0400824,44,0
NN0400825,277,0
NN0403000,12869,2
NN0403001,3947,0
NN0403003,3844,0
NN0403004,5195,0
NN0403005,1190,0
NN0403006,1115,1
NN0403008,65,0
NN0403009,1125,0
NN0403010,742,0
NN0403015,390,0
NN0403021,1334,0
NN0403022,55,0
NN0403023,876,0
NN0403024,396,1
NN0403025,838,0
NN0403026,971,0
NN0403027,728,0
NN0403033,2100,0
NN0403047,1659,0
NN0403048,1029,0
NN0403055,752,0
NN0403058,756,0
NN0403060,220,0
NN0403100,1105,0
NN0403102,1905,0
NN0403811,982,0
NN0432007,55,0
NN0432010,300,0
NN0433001,2040,0
NN0433002,138,0
NN0433004,300,0
NN0433007,400,0
NN0433008,500,0
NN0433009,250,0
NN0433013,300,0
NN0433015,250,0
NN0433016,664,0
NN0435004,185,0
NN0435006,339,0
NN0435008,1506,1
NN0435009,230,0
NN0435010,500,0
NN0435011,758,0
NN0435012,500,0
NN0435112,200,0
NN0436006,473,1
NN0436008,720,0
NN0436011,173,0
NN0436014,80,1
NN0436018,122,0
NN0436019,250,3
NN0436024,215,0
NN3500211,4562,0
NN3500237,1669,0
NN3500239,277,0
NN3500245,15233,0
NN3500250,1007,0
NN3500251,165,0
NN3500254,376,0
NN3500256,906,0
NN3500258,797,0
NN3500261,1833,0
NN3500264,397,0
NN3500266,77,0
NN3500267,257,0
NN3500268,1173,0
NN3500269,492,0
NN3500274,622,0
NN3500277,1659,0
NN3500278,865,0
NN3500279,294,0
NN3500280,215,0
NN3500285,785,0
NN3500286,210,0
NN3500287,1326,2
NN3500292,2066,0
NN3500296,763,0
NN3500299,240,0
NN3500303,1611,0
NN3500329,28,0
NN3500335,1652,0
NN3503012,715,0
NN3503016,602,0
NN3503028,903,4
NN3503029,739,0
NN3503031,862,0
NN3503039,3950,0
NN3503041,1108,0
NN3503045,462,0
NN3503054,133,0
NN3503057,352,0
NN3503059,1953,0
NN3503060,48,0
NN3503063,1142,0
NN3510002,48,0
NN3510007,746,2
NN3532003,120,0
NN3532006,80,0
NN3532011,200,0
NN3534012,160,1
NN3534015,103,0
NN3534023,1024,0
NN3536003,348,0
NN3536005,248,0
NN4900220,1481,3
NN4900222,303,2
NN4900224,1276,0
NN4900225,300,0
NN4900227,700,0
NN4903017,1023,2
NN4903018,424,0
NN4903032,239,0
NN4903071,301,0
NN4903072,294,3
NN4903073,58,0
NN4903074,211,0
NN4932002,192,1
NN4933011,163,0
NV0000004,3839,0
NV0000005,900,0
NV0000006,350,2
NV0000008,3635,1
NV0000009,1024,0
NV0000010,527,0
NV0000011,15000,0
NV0000013,1100,0
NV0000014,2500,0
NV0000015,59000,0
NV0000017,140,1
NV0000028,60,1
NV0000030,170,0
NV0000032,16000,0
NV0000035,328,1
NV0000036,9340,0
NV0000037,100,0
NV0000038,5000,0
NV0000042,350,0
NV0000043,340,0
NV0000044,450,0
NV0000045,9184,0
NV0000052,90,0
NV0000054,130,0
NV0000055,190,0
NV0000062,23064,1
NV0000063,411,0
NV0000065,5800,0
NV0000066,11300,0
NV0000067,30,0
NV0000068,59,0
NV0000070,40,0
NV0000071,180,0
NV0000072,350,0
NV0000073,2876,0
NV0000074,170,0
NV0000076,336534,0
NV0000082,900,0
NV0000088,1240,0
NV0000089,560,0
NV0000090,1539277,0
NV0000092,85,0
NV0000106,400,0
NV0000109,108,4
NV0000124,231,0
NV0000126,38,2
NV0000129,112,0
NV0000140,66,1
NV0000142,1040,0
NV0000145,450,0
NV0000147,60,3
NV0000158,9313,0
NV0000160,8500,0
NV0000161,3562,0
NV0000162,200,0
NV0000163,1200,0
NV0000164,470,0
NV0000165,40,0
NV0000167,26000,0
NV0000168,3500,0
NV0000169,287,0
NV0000170,30,0
NV0000172,450,1
NV0000175,376515,0
NV0000185,900,0
NV0000186,700,0
NV0000187,60,0
NV0000189,72,0
NV0000190,442000,0
NV0000191,65,0
NV0000196,510,0
NV0000199,60,0
NV0000200,35,0
NV0000207,9910,1
NV0000211,17000,0
NV0000218,250,0
NV0000219,760,0
NV0000221,375,0
NV0000223,3070,0
NV0000224,1628,1
NV0000226,200,0
NV0000237,2853,0
NV0000239,1545,1
NV0000240,1420,0
NV0000242,340,0
NV0000245,1300,0
NV0000246,4535,0
NV0000248,8518,0
NV0000252,285,0
NV0000255,5050,1
NV0000258,1209,0
NV0000259,1267,0
NV0000260,1200,0
NV0000265,350,0
NV0000268,450,1
NV0000270,12255,0
NV0000271,325,2
NV0000272,23000,0
NV0000273,200,0
NV0000277,120,0
NV0000280,30,0
NV0000281,90,0
NV0000282,998,0
NV0000287,860,0
NV0000292,120,0
NV0000298,26,0
NV0000300,1086,0
NV0000303,300,1
NV0000314,70,2
NV0000319,60,2
NV0000350,3000,0
NV0000351,60,0
NV0000355,5962,0
NV0000356,1000,1
NV0000357,300,0
NV0000362,65,0
NV0000363,138,0
NV0000369,50,0
NV0000370,45,0
NV0000402,110,1
NV0000406,953,0
NV0000408,112,0
NV0000426,25,1
NV0000430,25,0
NV0000431,25,1
NV0000699,708,2
NV0000701,60,0
NV0000732,40,0
NV0000765,60,3
NV0000767,54,5
NV0000801,118,0
NV0000805,250,0
NV0000809,260,0
NV0000817,85,0
NV0000819,42,1
NV0000831,230,0
NV0000861,1630,0
NV0000863,85,0
NV0000865,163,0
NV0000883,50,0
NV0000920,4345,0
NV0000926,985,1
NV0000931,47,0
NV0000959,346,0
NV0001015,335,0
NV0001073,7000,1
NV0001080,40,0
NV0001086,1450,0
NV0001093,85,0
NV0001102,25,0
NV0001116,2356,0
NV0002023,188,0
NV0002046,180,0
NV0002050,50,1
NV0002070,200,0
NV0002075,357,0
NV0002174,80,0
NV0002216,6488,0
NV0002503,274,0
NV0002506,250,0
NV0002517,50,3
NV0002525,90,0
NV0002526,135,0
NV0002538,54,0
NV0002540,1011,0
NV0002552,200,0
NV0002554,45,0
NV0002558,54,0
NV0002571,50,0
NV0002573,132,0
NV0002574,65,0
NV0003005,690,0
NV0003016,96,1
NV0003028,19081,1
NV0003032,200,0
NV0003068,105,2
NV0003079,1695,0
NV0003081,45,0
NV0004000,180,1
NV0004021,120,5
NV0004031,110,0
NV0004060,45,0
NV0004074,1200,1
NV0004092,9000,0
NV0005027,3640,0
NV0005028,240,4
NV0005029,210,0
NV0005032,1072,0
NV0005033,36,0
NV0005039,50,1
NV0005056,1310,0
NV0005057,35,0
NV0005062,6200,0
NV0005066,90,0
NV0005071,1099,0
NY0100189,98000,0
NY0100190,2000,0
NY0100191,31000,1
NY0100192,18447,1
NY0100193,80,0
NY0100194,8030,0
NY0100195,2900,2
NY0100198,85590,0
NY0100200,4500,1
NY0100201,4500,0
NY0100202,200,1
NY0100203,3100,0
NY0100205,30000,1
NY0100206,105,0
NY0101544,55,2
NY0101603,200,0
NY0101642,50,0
NY0101643,80,0
NY0101648,444,0
NY0101649,175,0
NY0110127,9889,1
NY0110754,110,0
NY0110755,60,0
NY0111900,117,0
NY0117224,30,2
NY0121203,450,0
NY0121204,100,0
NY0121401,102,0
NY0123019,45,0
NY0130000,430,0
NY0130008,370,0
NY0130039,220,1
NY0130042,25,2
NY0130054,422,0
NY0140001,350,0
NY0200309,1300,0
NY0200310,480,0
NY0200311,1130,0
NY0200312,950,0
NY0200313,850,0
NY0200314,2400,0
NY0200316,900,0
NY0200317,1800,2
NY0200318,695,0
NY0200319,1380,0
NY0200320,2000,0
NY0200325,990,0
NY0200326,499,0
NY0200327,5700,0
NY0200328,475,0
NY0200329,1640,0
NY0200857,54,0
NY0200862,40,0
NY0200866,45,0
NY0212034,55,0
NY0220580,200,0
NY0220581,3600,1
NY0220582,2800,0
NY0301651,47600,0
NY0301652,2600,0
NY0301653,9200,0
NY0301660,2654,0
NY0301663,2080,0
NY0301664,56,0
NY0301665,45000,0
NY0301667,2100,0
NY0301668,16578,0
NY0301671,361,0
NY0301672,1785,0
NY0301674,22200,0
NY0301683,1054,0
NY0301684,1051,0
NY0301695,1467,0
NY0301696,798,0
NY0310143,298,0
NY0310320,192,0
NY0310321,235,0
NY0310322,175,1
NY0310323,50,0
NY0310324,87,0
NY0310326,232,0
NY0310328,60,2
NY0310329,187,0
NY0310330,175,0
NY0310332,125,0
NY0310334,107,0
NY0310336,92,0
NY0310337,50,0
NY0310339,170,0
NY0310341,125,0
NY0310344,50,0
NY0310345,110,0
NY0310346,45,0
NY0310349,62,0
NY0310351,72,1
NY0310353,75,0
NY0310354,45,0
NY0310355,57,0
NY0310356,337,0
NY0310358,100,2
NY0310360,277,0
NY0310366,55,0
NY0310651,225,0
NY0310756,122,1
NY0311098,50,0
NY0311100,47,0
NY0311206,2600,0
NY0311221,123,0
NY0311222,91,0
NY0311321,164,0
NY0319670,58,0
NY0319698,50,0
NY0320782,140,0
NY0320783,32,0
NY0320784,32,0
NY0320870,499,0
NY0320887,30,0
NY0322275,25,0
NY0322835,350,0
NY0322837,32,0
NY0330058,490,0
NY0330071,48,1
NY0400330,2000,0
NY0400331,480,0
NY0400335,1185,0
NY0400336,1090,0
NY0400339,1760,0
NY0400340,2800,1
NY0400341,350,0
NY0400342,459,0
NY0400343,1188,0
NY0400344,700,1
NY0400345,14500,0
NY0400346,24,1
NY0400347,1040,0
NY0400348,1738,0
NY0400349,5815,0
NY0400350,336,0
NY0400351,661,0
NY0400869,300,0
NY0400870,25,0
NY0400873,84,0
NY0400875,28,0
NY0400876,86,0
NY0400884,550,0
NY0412074,75,0
NY0412216,900,0
NY0412217,1420,0
NY0412218,230,0
NY0412230,50,0
NY0412237,404,0
NY0412238,37,0
NY0412272,100,0
NY0417736,36,0
NY0417895,344,0
NY0419355,584,0
NY0419671,75,0
NY0422400,350,0
NY0422797,33,0
NY0430002,320,0
NY0430023,150,0
NY0430026,45,0
NY0430040,121,0
NY0430041,1850,0
NY0430044,70,0
NY0430052,105,0
NY0430089,39,0
NY0430096,100,0
NY0430097,136,0
NY0430098,95,1
NY0430102,274,0
NY0430112,217,0
NY0430123,410,0
NY0501710,27179,0
NY0501711,440,0
NY0501715,601,0
NY0501717,1001,0
NY0501718,1800,0
NY0501719,600,0
NY0501720,1950,0
NY0501721,3000,0
NY0501722,1400,0
NY0501724,400,0
NY0501725,2000,0
NY0501726,2300,0
NY0501731,900,0
NY0501733,490,0
NY0501736,200,0
NY0506416,91,0
NY0506418,60,0
NY0506422,60,0
NY0506426,463,0
NY0511731,520,0
NY0511732,872,0
NY0511741,1467,0
NY0512920,400,1
NY0530012,958,0
NY0530041,500,0
NY0530042,500,0
NY0530046,67,0
NY0530047,180,0
NY0530054,1287,0
NY0530063,52,0
NY0530078,26,0
NY0530085,130,0
NY0600356,608,0
NY0600358,440,0
NY0600359,650,0
NY0600360,12743,1
NY0600363,804,0
NY0600364,9585,0
NY0600365,2600,0
NY0600366,46712,0
NY0600368,1856,0
NY0600369,160,0
NY0600372,1600,0
NY0600373,677,0
NY0600375,3100,0
NY0600376,772,0
NY0600381,9000,0
NY0600393,2173,0
NY0600394,43,0
NY0600395,64,0
NY0600808,97,0
NY0600809,100,0
NY0600810,75,0
NY0600812,45,0
NY0600813,125,0
NY0600820,250,0
NY0600825,43,0
NY0600826,248,0
NY0600828,200,0
NY0600829,100,0
NY0600895,40,0
NY0600899,40,0
NY0600901,312,0
NY0600904,320,0
NY0600905,50,0
NY0602924,490,0
NY0602925,108,0
NY0611655,100,0
NY0611701,28,0
NY0611741,500,0
NY0611923,200,0
NY0615601,75,0
NY0615782,3890,0
NY0619233,25,0
NY0619239,400,0
NY0621249,32,0
NY0622266,125,0
NY0622360,92,0
NY0622402,20,0
NY0630030,50,0
NY0630036,36,0
NY0630085,120,0
NY0630121,360,0
NY0630144,3100,0
NY0630146,400,0
NY0630167,3086,0
NY0700768,134,0
NY0700769,50,0
NY0700770,300,0
NY0700772,212,0
NY0700773,80,0
NY0700776,82,0
NY0700777,300,0
NY0700778,120,0
NY0700780,75,0
NY0700781,90,0
NY0700785,19,0
NY0700786,50,0
NY0700788,200,0
NY0700789,110,0
NY0701005,266,0
NY0701007,365,0
NY0701008,54000,0
NY0701009,15000,0
NY0701010,580,0
NY0701011,8489,0
NY0716016,292,0
NY0716017,150,0
NY0722646,70,0
NY0730033,532,0
NY0800622,30,0
NY0800623,43,0
NY0800626,56,0
NY0800627,50,0
NY0800628,504,0
NY0800629,161,0
NY0800630,90,0
NY0800696,84,0
NY0800699,63,0
NY0800704,112,0
NY0801738,838,0
NY0801739,1550,0
NY0801740,1800,0
NY0801742,350,0
NY0801743,300,0
NY0801744,1500,0
NY0801745,8000,0
NY0801746,1738,0
NY0801747,1531,0
NY0801748,211,0
NY0801749,400,0
NY0801750,300,0
NY0807115,40,0
NY0810652,416,0
NY0816133,112,0
NY0816134,136,0
NY0816135,60,0
NY0817240,200,0
NY0830015,500,0
NY0900210,81,0
NY0900211,2947,0
NY0900213,1228,0
NY0900215,750,0
NY0900216,2700,0
NY0900217,24173,0
NY0900220,11162,0
NY0900222,500,0
NY0900223,2550,1
NY0900225,90,0
NY0900226,1300,0
NY0900230,175,0
NY0900242,110,0
NY0901532,162,0
NY0901534,76,0
NY0901535,54,0
NY0901539,143,0
NY0901541,43,0
NY0901542,225,0
NY0904192,3001,0
NY0907942,108,0
NY0907950,50,0
NY0910809,46,0
NY0919482,650,0
NY0920775,843,0
NY0921233,40,0
NY0930006,150,0
NY0930016,19,0
NY0930036,450,0
NY0930048,400,0
NY0930113,690,0
NY0930121,28,1
NY0930128,30,1
NY0930133,22,0
NY0930139,48,0
NY0930151,594,0
NY0930183,25,0
NY0930204,135,0
NY0930208,70,0
NY1000234,2156,0
NY1000237,950,0
NY1000238,4050,0
NY1000239,6750,0
NY1000240,1385,0
NY1000241,1750,0
NY1000244,2000,0
NY1000245,2000,0
NY1000247,140,0
NY1006319,150,0
NY1006320,44,0
NY1006321,120,0
NY1006322,35,1
NY1006323,50,0
NY1006324,38,0
NY1006325,60,1
NY1006326,36,0
NY1006327,210,0
NY1006328,70,0
NY1006330,95,0
NY1006331,112,0
NY1006332,63,0
NY1009225,235,0
NY1010294,420,0
NY1010474,114,0
NY1010757,50,0
NY1010758,100,0
NY1010854,51,0
NY1010856,40,0
NY1010860,15,0
NY1010861,75,0
NY1010862,147,0
NY1010865,69,0
NY1010867,53,0
NY1012333,40,0
NY1012338,55,0
NY1018149,78,0
NY1020880,325,1
NY1021889,46,0
NY1022335,40,0
NY1030054,35,0
NY1030069,54,0
NY1030073,485,0
NY1030187,49,0
NY1030223,200,1
NY1030232,35,0
NY1030257,63,0
NY1030269,35,0
NY1030308,25,0
NY1030335,25,0
NY1100632,122,0
NY1100634,64,0
NY1100635,54,0
NY1100636,60,0
NY1100638,253,0
NY1100641,355,0
NY1100642,36,1
NY1100643,70,0
NY1101753,650,0
NY1101754,20095,0
NY1101755,4300,0
NY1101757,4368,0
NY1101758,1306,0
NY1101759,1107,0
NY1101760,51,0
NY1101762,55,0
NY1101763,154,0
NY1101764,64,1
NY1103502,1400,0
NY1112374,131,0
NY1117122,27,0
NY1120552,43,1
NY1121643,30,0
NY1130008,30,0
NY1130011,48,0
NY1200248,260,0
NY1200249,400,0
NY1200250,350,0
NY1200251,142,0
NY1200253,150,0
NY1200254,93,0
NY1200255,600,0
NY1200256,136,0
NY1200257,3833,0
NY1200258,617,0
NY1200259,160,0
NY1200260,150,0
NY1200261,352,2
NY1200262,481,0
NY1200263,480,0
NY1200264,48,0
NY1200265,175,0
NY1200266,1182,0
NY1200267,700,0
NY1200268,650,0
NY1200269,600,0
NY1200270,3800,0
NY1200272,1280,1
NY1200273,164,0
NY1200274,3010,0
NY1205152,144,0
NY1205399,361,0
NY1206333,61,1
NY1206335,49,0
NY1206336,40,0
NY1206338,222,0
NY1208176,56,0
NY1220347,165,0
NY1230026,36,0
NY1300425,2800,0
NY1301337,150,0
NY1302108,115,0
NY1302110,300,0
NY1302112,103,0
NY1302115,210,0
NY1302116,100,0
NY1302117,100,0
NY1302118,190,0
NY1302119,100,0
NY1302121,700,0
NY1302122,53,0
NY1302123,78,0
NY1302124,200,0
NY1302125,24,0
NY1302126,100,0
NY1302127,200,0
NY1302128,25,0
NY1302130,150,0
NY1302135,100,0
NY1302136,100,0
NY1302759,1001,0
NY1302760,14370,1
NY1302761,800,0
NY1302762,1150,0
NY1302763,300,0
NY1302764,500,0
NY1302765,4101,0
NY1302766,3788,0
NY1302767,400,0
NY1302768,1544,0
NY1302770,1450,0
NY1302771,2000,0
NY1302772,2100,1
NY1302773,880,0
NY1302775,2730,0
NY1302776,6000,0
NY1302777,1164,0
NY1302778,1303,0
NY1302779,564,0
NY1302783,5522,0
NY1302785,150,0
NY1302787,1200,0
NY1302788,1610,0
NY1302790,350,0
NY1302791,160,0
NY1302794,1050,0
NY1302796,6928,0
NY1302797,350,0
NY1302798,275,0
NY1302799,160,0
NY1302802,450,0
NY1302803,400,0
NY1302804,235,0
NY1302805,900,0
NY1302807,300,0
NY1302808,403,0
NY1302810,115,0
NY1302812,43000,0
NY1302813,500,0
NY1303212,190,1
NY1303214,70,0
NY1303216,2303,0
NY1303217,50,0
NY1303218,60,0
NY1303219,450,0
NY1303221,18,0
NY1303222,70,0
NY1303224,30,0
NY1303225,504,0
NY1303228,150,0
NY1303230,483,0
NY1303232,600,0
NY1305651,2246,0
NY1310291,500,0
NY1310450,200,0
NY1310659,100,0
NY1310660,30,0
NY1310661,150,0
NY1310662,370,0
NY1310664,185,0
NY1310666,36,0
NY1310667,37,0
NY1310668,56,0
NY1310806,999,0
NY1310814,100,0
NY1312479,190,0
NY1313839,1400,0
NY1314504,200,0
NY1315971,80,4
NY1316138,250,0
NY1316151,204,0
NY1316152,187,0
NY1316170,350,0
NY1316987,79,0
NY1318861,25,0
NY1319115,75,0
NY1319167,3000,0
NY1319255,1500,0
NY1320264,87,0
NY1320272,100,0
NY1320803,1450,0
NY1321117,100,1
NY1321356,500,0
NY1321409,80,0
NY1321410,200,0
NY1321440,750,0
NY1321478,1225,0
NY1321892,100,0
NY1321942,200,0
NY1321999,140,0
NY1322057,300,0
NY1322156,400,0
NY1322659,100,0
NY1322691,300,0
NY1322771,90,0
NY1322895,300,0
NY1330010,2100,0
NY1330021,200,0
NY1330086,60,0
NY1330108,600,0
NY1330141,200,0
NY1330164,60,0
NY1330222,149,0
NY1330246,30,0
NY1330288,900,0
NY1330291,30639,0
NY1330310,480,0
NY1330311,560,0
NY1330320,980,0
NY1330334,30,0
NY1330337,250,0
NY1330342,168,0
NY1330454,400,0
NY1330461,50,0
NY1330550,1180,0
NY1330557,80,0
NY1330601,600,0
NY1330614,750,0
NY1330629,805,0
NY1330640,400,0
NY1330652,25,1
NY1330656,1300,0
NY1330660,14000,0
NY1330674,400,0
NY1330699,300,0
NY1330729,115,0
NY1330735,100,0
NY1330765,719,0
NY1330769,972,0
NY1330770,50,0
NY1330798,40,0
NY1330809,180,0
NY1400397,3100,0
NY1400398,2666,0
NY1400399,92697,0
NY1400411,4050,0
NY1400421,29018,0
NY1400422,276000,0
NY1400423,200,1
NY1400430,760,0
NY1400433,6610,0
NY1400443,313380,0
NY1400445,12338,0
NY1400447,160,0
NY1400448,404,0
NY1400451,19500,0
NY1400515,9744,0
NY1400516,95,0
NY1400517,1496,0
NY1400537,3100,0
NY1400539,4266,0
NY1400832,150,0
NY1400836,90,0
NY1400839,120,2
NY1400840,35,0
NY1400841,90,0
NY1400842,99,1
NY1402933,40,0
NY1404543,23557,0
NY1404556,72571,0
NY1404560,1400,0
NY1410126,1680,0
NY1410142,15423,0
NY1410670,120,0
NY1410671,75,0
NY1415379,1512,0
NY1419231,30,0
NY1420549,10287,0
NY1421762,24582,0
NY1421897,7250,0
NY1422651,5801,0
NY1430017,360,0
NY1450017,465,0
NY1450020,445,0
NY1450021,48,0
NY1450055,25,0
NY1500275,980,0
NY1500276,980,0
NY1500277,800,0
NY1500278,350,0
NY1500279,500,0
NY1500280,900,0
NY1500281,300,0
NY1500282,660,0
NY1500283,2300,0
NY1500284,5000,0
NY1500285,428,1
NY1500286,800,0
NY1500287,3100,0
NY1500289,60,0
NY1500290,1831,0
NY1500291,400,0
NY1500292,2750,0
NY1500293,3700,0
NY1500294,234,0
NY1500295,87,0
NY1500296,927,0
NY1500299,1571,0
NY1500300,980,0
NY1500305,250,0
NY1501562,100,0
NY1503497,100,0
NY1505390,136,0
NY1510497,2400,0
NY1511360,240,0
NY1516260,900,0
NY1518736,130,0
NY1520370,158,0
NY1521744,40,0
NY1600001,375,0
NY1600003,115,0
NY1600005,273,0
NY1600006,1100,0
NY1600007,900,0
NY1600008,13232,0
NY1600009,980,0
NY1600011,5345,0
NY1600012,5500,1
NY1600355,160,0
NY1610672,90,0
NY1612265,1100,0
NY1613600,160,0
NY1613603,100,0
NY1700017,1500,0
NY1700018,17991,0
NY1700019,8154,0
NY1700022,1000,0
NY1700023,1180,0
NY1701506,78,0
NY1701509,250,1
NY1701510,17,0
NY1701511,46,0
NY1701512,58,0
NY1701513,145,0
NY1701514,45,0
NY1704499,850,0
NY1710673,20,0
NY1710675,20,1
NY1710676,66,0
NY1713869,41,0
NY1716113,60,0
NY1721823,126,0
NY1721824,350,0
NY1722439,46,0
NY1722718,610,0
NY1730010,48,0
NY1730071,60,0
NY1730083,140,0
NY1800542,785,1
NY1800544,15475,0
NY1800547,16541,0
NY1800548,706,0
NY1800551,1679,0
NY1800554,5445,0
NY1800850,75,0
NY1818326,126,0
NY1819060,40,0
NY1830035,200,0
NY1830042,864,0
NY1830045,744,0
NY1830046,632,0
NY1830051,1119,0
NY1830053,1129,0
NY1830054,64,0
NY1900024,1700,0
NY1900025,1400,1
NY1900026,8000,1
NY1900027,4010,0
NY1900028,1100,0
NY1900029,490,0
NY1900030,1030,0
NY1900031,438,0
NY1900032,420,0
NY1900033,629,0
NY1901873,37,0
NY1901970,250,0
NY1902012,2000,0
NY1904222,145,0
NY1905404,90,2
NY1906316,251,0
NY1906318,424,0
NY1911541,856,0
NY1912253,33,0
NY1913369,27,0
NY1915264,2000,0
NY1916985,38,0
NY1916986,150,0
NY1917161,100,0
NY1919224,201,1
NY1920318,545,0
NY1921452,166,1
NY1921639,108,0
NY1921715,63,0
NY1921944,456,0
NY1922367,76,0
NY1922836,250,0
NY1922996,25,0
NY1930000,105,0
NY1930059,35,0
NY1930072,376,0
NY1930097,200,0
NY1930124,200,0
NY2000126,900,0
NY2000129,800,0
NY2000130,90,0
NY2000131,450,0
NY2000135,400,1
NY2004501,2008,0
NY2022252,80,0
NY2100651,23,0
NY2100653,84,1
NY2100654,77,0
NY2100655,217,0
NY2100958,70,0
NY2102299,2166,0
NY2102300,1024,0
NY2102301,2995,0
NY2102303,700,0
NY2102304,90,0
NY2102305,535,0
NY2102306,7606,5
NY2102307,8053,1
NY2102308,4605,0
NY2102309,550,0
NY2102310,2985,0
NY2102311,740,0
NY2102312,1275,0
NY2102313,508,0
NY2102314,80,0
NY2102316,72,1
NY2102321,45,0
NY2102324,186,0
NY2102327,780,0
NY2102342,862,0
NY2108817,125,0
NY2110147,150,0
NY2110537,100,0
NY2110538,130,0
NY2118728,50,0
NY2122025,50,0
NY2130008,36,0
NY2130045,105,0
NY2130062,354,0
NY2130074,192,0
NY2201395,540,0
NY2202257,90,1
NY2202328,2000,0
NY2202329,1900,0
NY2202330,900,0
NY2202331,1600,0
NY2202332,1200,0
NY2202333,1500,0
NY2202334,3600,0
NY2202335,2100,0
NY2202336,420,0
NY2202337,1100,0
NY2202338,644,0
NY2202340,450,0
NY2202341,1800,0
NY2202343,2200,0
NY2202344,950,0
NY2202346,27861,2
NY2202347,180,0
NY2202348,600,1
NY2202349,1734,1
NY2202350,625,0
NY2202351,1000,0
NY2202352,750,0
NY2202356,60,0
NY2212214,34000,0
NY2215918,750,0
NY2220874,315,0
NY2220914,548,0
NY2221206,7140,0
NY2221333,195,0
NY2221870,480,0
NY2222513,303,0
NY2222606,30,0
NY2230018,2600,0
NY2230021,400,0
NY2230022,650,0
NY2230027,700,0
NY2230028,500,0
NY2230066,1857,1
NY2230075,150,1
NY2230085,70,0
NY2230094,725,1
NY2230095,240,1
NY2230096,200,0
NY2230099,1500,0
NY2230102,1500,0
NY2230105,480,0
NY2230107,500,0
NY2230110,770,0
NY2230115,270,0
NY2230132,690,0
NY2230145,140,0
NY2235000,400,0
NY2235001,600,0
NY2402358,782,0
NY2402359,320,0
NY2402360,310,0
NY2402361,850,0
NY2402362,900,0
NY2402363,300,0
NY2402364,700,0
NY2402365,4000,1
NY2402366,850,0
NY2402367,310,0
NY2402368,820,0
NY2402369,350,0
NY2430039,350,0
NY2430060,350,0
NY2430145,300,0
NY2500701,160,0
NY2500703,328,0
NY2500792,79,0
NY2500794,60,0
NY2500795,1500,0
NY2500796,200,0
NY2500804,90,0
NY2500945,36,0
NY2501012,3000,0
NY2501013,2201,0
NY2501015,8900,0
NY2501016,3000,1
NY2501017,8000,0
NY2501019,9892,0
NY2501020,438,0
NY2501021,2900,0
NY2501023,3500,0
NY2501024,1600,0
NY2501026,524,0
NY2501027,2700,0
NY2510300,430,0
NY2512259,25,0
NY2520786,40,0
NY2525000,220,0
NY2530004,89,0
NY2530005,2605,0
NY2530017,60,0
NY2530023,187,0
NY2600033,595,0
NY2600961,50,0
NY2600973,90,0
NY2600974,30,1
NY2600976,49,1
NY2602371,2900,0
NY2602373,558,0
NY2602374,545,0
NY2602375,150,0
NY2602376,300,0
NY2602377,4107,0
NY2602378,390,0
NY2602379,600,0
NY2602380,460,0
NY2602381,11393,0
NY2603518,100,0
NY2603521,2199,0
NY2613319,2620,0
NY2621115,120,0
NY2622401,75,0
NY2622902,30,0
NY2630002,125,0
NY2701039,25918,0
NY2701047,525262,1
NY2701118,7800,0
NY2701993,171,1
NY2704518,210000,1
NY2800136,20700,1
NY2800137,2300,0
NY2800138,1080,4
NY2800139,2250,0
NY2800140,740,0
NY2800141,535,0
NY2800142,900,0
NY2800143,1700,0
NY2801592,81,0
NY2801593,50,0
NY2801595,40,0
NY2801596,80,0
NY2801597,150,0
NY2801600,100,0
NY2810477,330,0
NY2811730,3000,1
NY2820402,50,0
NY2830029,432,1
NY2900000,110000,0
NY2902815,13500,0
NY2902816,6700,0
NY2902817,33000,0
NY2902818,9005,0
NY2902820,2556,0
NY2902821,8744,0
NY2902822,20000,0
NY2902823,45000,0
NY2902824,23272,0
NY2902825,18000,0
NY2902826,28000,0
NY2902827,56000,0
NY2902828,2000,0
NY2902829,48000,0
NY2902830,120000,0
NY2902831,58000,1
NY2902833,7500,0
NY2902834,35000,0
NY2902835,220000,2
NY2902836,43000,0
NY2902837,43000,0
NY2902838,280,0
NY2902839,20600,0
NY2902840,135000,2
NY2902841,31400,0
NY2902843,4700,0
NY2902844,8700,0
NY2902845,34000,0
NY2902846,1600,0
NY2902848,24700,0
NY2902850,1000,0
NY2902851,17000,0
NY2902852,2900,0
NY2902853,13400,0
NY2902854,44700,0
NY2902856,20500,0
NY2902857,32031,0
NY2902858,7287,0
NY2902859,1500,0
NY2912267,34000,0
NY3100556,577,0
NY3100557,5839,0
NY3100558,2781,0
NY3100561,16257,0
NY3100563,21105,0
NY3100564,21165,0
NY3100566,1917,0
NY3100568,50193,0
NY3100571,8100,0
NY3100572,31568,0
NY3100573,9304,0
NY3100574,6050,0
NY3100577,6920,0
NY3100580,7710,0
NY3100583,2723,0
NY3100585,18117,0
NY3100586,1213,0
NY3100587,5993,0
NY3100588,4117,0
NY3116262,2021,0
NY3201447,100,0
NY3201456,48,0
NY3201459,72,1
NY3201466,60,0
NY3201470,126,0
NY3201473,44,0
NY3201476,320,0
NY3201477,78,0
NY3201481,290,0
NY3201483,45,0
NY3202240,25,0
NY3202384,2300,0
NY3202385,2800,0
NY3202386,3000,0
NY3202387,450,0
NY3202389,800,0
NY3202394,3150,0
NY3202403,330,0
NY3202404,618,0
NY3202405,31795,0
NY3202407,2700,0
NY3202409,525,0
NY3202410,400,0
NY3202411,126250,0
NY3202412,1155,0
NY3202415,1742,0
NY3202416,770,0
NY3202419,3142,0
NY3202420,100,0
NY3202470,2672,0
NY3203514,450,0
NY3203515,120,0
NY3203519,682,0
NY3203520,445,0
NY3210747,115,0
NY3212121,42,0
NY3218204,78,0
NY3221818,87,0
NY3222694,1710,1
NY3230025,512,0
NY3230037,2345,0
NY3233160,1925,0
NY3233173,35,0
NY3290077,30,0
NY3290094,330,0
NY3300981,400,0
NY3300985,129,0
NY3300989,58,0
NY3300991,78,1
NY3300992,200,0
NY3304307,9200,0
NY3304310,152,0
NY3304312,1519,3
NY3304316,1400,3
NY3304331,2610,3
NY3304334,192000,4
NY3304335,930,0
NY3304336,350000,0
NY3304337,50,0
NY3304343,16200,0
NY3304344,16000,0
NY3304347,3500,3
NY3315600,450,0
NY3316112,13600,0
NY3316125,100,0
NY3316126,80,0
NY3318329,200,0
NY3318538,72,0
NY3321981,44,0
NY3322466,75,0
NY3400707,90,0
NY3400715,156,0
NY3400719,56,0
NY3400784,835,0
NY3401150,11264,0
NY3401151,13000,1
NY3401154,2190,0
NY3401155,1814,0
NY3401156,13334,0
NY3401160,1709,0
NY3401161,1250,0
NY3401162,2118,0
NY3401163,475,0
NY3401164,2341,0
NY3401165,1320,0
NY3401166,2443,0
NY3401170,3420,0
NY3401178,2625,0
NY3401180,302,0
NY3401182,1615,0
NY3404514,2680,0
NY3404515,8532,0
NY3411680,125,0
NY3411948,3781,0
NY3417176,125,0
NY3420254,32,0
NY3421320,51,0
NY3422723,400,0
NY3430008,6800,0
NY3430021,1000,1
NY3430034,2175,0
NY3430041,203,1
NY3430047,1067,0
NY3430049,400,0
NY3430050,40,0
NY3501315,215,0
NY3501317,250,0
NY3501320,340,1
NY3501323,30,0
NY3501324,175,0
NY3501325,52,0
NY3501326,250,0
NY3501327,475,0
NY3501329,28,0
NY3501331,34,0
NY3501332,169,0
NY3501333,111,0
NY3501334,36,0
NY3501335,250,0
NY3501336,325,0
NY3502273,50,0
NY3503033,260,0
NY3503034,45,0
NY3503040,213,0
NY3503524,3448,0
NY3503525,768,0
NY3503526,9700,0
NY3503527,2884,1
NY3503528,5600,2
NY3503529,723,0
NY3503530,3383,0
NY3503531,5000,0
NY3503532,4101,0
NY3503533,3150,0
NY3503534,30000,0
NY3503535,12000,0
NY3503536,83,0
NY3503539,120,0
NY3503540,196,0
NY3503541,544,0
NY3503542,4519,0
NY3503544,200,0
NY3503547,43,0
NY3503549,29000,0
NY3503550,465,0
NY3503552,1090,0
NY3503553,7600,0
NY3503554,9000,0
NY3503555,180,0
NY3503557,1100,0
NY3503558,800,0
NY3503559,7007,0
NY3503561,6800,0
NY3503563,230,0
NY3503565,74,0
NY3503566,1700,0
NY3503567,7700,0
NY3503568,130,0
NY3503569,38,0
NY3503570,183,0
NY3503573,10845,0
NY3503574,326,0
NY3503576,591,0
NY3503577,500,1
NY3503578,22282,0
NY3503580,25667,0
NY3503582,784,0
NY3503584,18450,1
NY3503585,184,0
NY3503586,54,0
NY3503588,118,0
NY3503590,144,0
NY3503591,300,2
NY3503592,1000,0
NY3503595,208,0
NY3503596,488,0
NY3503598,150,0
NY3503600,121,0
NY3503602,100,0
NY3503605,822,0
NY3503606,312,1
NY3503607,300,0
NY3503611,100,0
NY3503614,134,0
NY3503615,450,0
NY3503620,131,0
NY3503621,300,0
NY3503625,550,0
NY3503626,250,0
NY3503627,51623,0
NY3503632,308,0
NY3503633,128,0
NY3503638,56,0
NY3503889,180,0
NY3505650,1868,0
NY3505660,125,0
NY3505661,323,0
NY3505663,1147,0
NY3505664,130,0
NY3510136,21,0
NY3510449,850,1
NY3510479,259,0
NY3510480,215,0
NY3510560,300,0
NY3510586,892,0
NY3510587,850,0
NY3510641,3400,0
NY3510680,30,0
NY3510681,290,0
NY3510766,130,0
NY3510816,25,0
NY3511338,4000,0
NY3511887,8000,0
NY3512132,1850,0
NY3512133,225,0
NY3512264,1500,0
NY3513621,80,0
NY3513627,75,0
NY3516857,525,1
NY3517037,74,0
NY3517484,250,0
NY3517527,1580,0
NY3518029,193,0
NY3519648,25,0
NY3520965,179,0
NY3521112,20,0
NY3521334,1144,0
NY3522546,47,0
NY3530051,210,0
NY3530052,50,0
NY3530057,2200,0
NY3530065,276,0
NY3530066,864,0
NY3530071,217,0
NY3530149,565,0
NY3530183,180,0
NY3530190,262,0
NY3530191,147,0
NY3530193,96,0
NY3530201,45,0
NY3530231,25,0
NY3530371,600,0
NY3600596,6000,0
NY3600597,1898,0
NY3600598,2150,0
NY3600599,1418,0
NY3600600,6500,0
NY3600602,1200,0
NY3600604,175,0
NY3600757,450,0
NY3604569,2800,0
NY3612220,225,0
NY3612221,2600,0
NY3622603,1564,0
NY3623006,2725,0
NY3630002,1220,0
NY3630012,949,0
NY3630017,1525,0
NY3630023,2482,0
NY3630044,75,0
NY3630094,3000,0
NY3630096,50,0
NY3630405,25,0
NY3700906,139,1
NY3700907,150,0
NY3700908,300,0
NY3700911,90,0
NY3700916,230,0
NY3700920,54,0
NY3700921,250,0
NY3700923,120,0
NY3700927,45,1
NY3700929,40,0
NY3700938,50,0
NY3700940,40,0
NY3700941,120,0
NY3700942,95,0
NY3700943,60,0
NY3700994,25,0
NY3701000,375,0
NY3701001,240,0
NY3701002,43,0
NY3701003,90,0
NY3704353,1463,0
NY3704355,16600,0
NY3704359,2100,0
NY3704360,150,0
NY3704361,29400,0
NY3704363,2138,0
NY3704364,2398,0
NY3704365,1469,0
NY3715923,450,0
NY3720098,45,0
NY3721559,50,0
NY3725000,84,1
NY3730001,90,0
NY3730037,9044,0
NY3730045,300,0
NY3730101,2000,0
NY3730129,66,0
NY3730165,3950,0
NY3730182,500,0
NY3730185,26,0
NY3730200,1464,0
NY3730203,219,0
NY3800144,620,0
NY3800145,1926,0
NY3800146,243,0
NY3800147,890,0
NY3800149,477,0
NY3800150,416,0
NY3800151,381,0
NY3800152,407,1
NY3800153,652,0
NY3800154,15954,0
NY3800155,1010,0
NY3800156,1200,2
NY3800157,524,0
NY3800158,1128,1
NY3800159,85,1
NY3800160,656,0
NY3801586,122,0
NY3801587,106,0
NY3801588,145,0
NY3801589,140,0
NY3801591,201,0
NY3804190,258,0
NY3805393,40,0
NY3808444,92,0
NY3810482,402,0
NY3810685,76,0
NY3810686,49,0
NY3817904,165,0
NY3820553,91,0
NY3820801,72,0
NY3821435,100,0
NY3822687,152,0
NY3822721,200,0
NY3830015,65,0
NY3830021,150,0
NY3830079,304,0
NY3830164,200,0
NY3901311,155,0
NY3901352,43,0
NY3901354,29,0
NY3901356,72,0
NY3902003,20,0
NY3902011,36,0
NY3902997,75,0
NY3903639,2162,0
NY3903640,376,0
NY3903641,5000,0
NY3903642,1350,0
NY3903644,1000,0
NY3903647,224,0
NY3903648,400,0
NY3903649,60,0
NY3903651,200,0
NY3903652,2666,1
NY3903653,84,0
NY3903654,500,0
NY3903655,1509,0
NY3903657,400,0
NY3903709,162,0
NY3903710,132,0
NY3903711,475,0
NY3903712,168,0
NY3903713,56,0
NY3903714,64,0
NY3903715,50,0
NY3903716,146,0
NY3903718,75,0
NY3905675,450,0
NY3905680,1350,0
NY3905681,295,0
NY3905682,100,0
NY3905683,500,0
NY3905684,172,0
NY3905685,440,0
NY3905686,200,0
NY3905688,128,0
NY3905689,300,0
NY3905692,292,0
NY3905694,203,0
NY3905695,120,0
NY3905696,273,0
NY3905697,300,0
NY3905698,150,0
NY3905699,432,0
NY3905700,400,0
NY3905702,276,0
NY3905703,125,0
NY3905705,400,0
NY3905706,222,0
NY3905707,1202,0
NY3905708,360,0
NY3905709,200,0
NY3905710,350,0
NY3905712,270,0
NY3905713,130,0
NY3905872,36,0
NY3907005,48,0
NY3909004,250,0
NY3909761,50,0
NY3910483,160,0
NY3914006,23,0
NY3915001,107,0
NY3915411,100,0
NY3916004,53,0
NY3916013,99,0
NY3916014,50,0
NY3917382,60,0
NY3919662,475,0
NY3919736,45,0
NY3920080,120,1
NY3920091,93,0
NY3920093,162,0
NY3920281,196,0
NY3920295,600,0
NY3920317,75,0
NY3920885,1500,0
NY3920886,315,0
NY3920935,96,0
NY3921008,40,0
NY3921009,23,0
NY3921640,380,0
NY3921641,103,0
NY3921697,875,0
NY3921698,250,0
NY3921704,432,0
NY3921710,120,0
NY3921718,230,0
NY3921719,300,0
NY3921720,500,0
NY3921721,1251,0
NY3921739,64,0
NY3921740,35,0
NY3922189,85,0
NY3922190,230,1
NY3925000,60,0
NY3930002,54,0
NY3930031,48,0
NY3930047,60,0
NY4100035,2413,0
NY4100041,4925,0
NY4100042,1250,0
NY4100043,240,0
NY4100044,9300,1
NY4100045,1102,0
NY4100046,1975,0
NY4100048,600,1
NY4100050,51401,0
NY4100051,15843,1
NY4100062,1100,0
NY4104503,700,0
NY4110144,7050,1
NY4110688,210,0
NY4110691,100,0
NY4110693,200,1
NY4110694,180,0
NY4110695,276,0
NY4110696,210,0
NY4110697,60,0
NY4110699,94,0
NY4110700,300,0
NY4110701,120,0
NY4114514,56,0
NY4117220,35,0
NY4117236,280,1
NY4117261,62,0
NY4118153,100,0
NY4121420,150,0
NY4130001,40,0
NY4130008,40,1
NY4130243,10226,0
NY4130300,249,0
NY4130313,93,0
NY4130317,1946,0
NY4130332,50,0
NY4130338,752,1
NY4130339,200,0
NY4301305,55,0
NY4301306,225,0
NY4301307,170,0
NY4301309,60,1
NY4303660,92,0
NY4303664,950,0
NY4303666,14700,0
NY4303673,270000,0
NY4303675,12000,0
NY4303907,50,0
NY4313899,300,0
NY4315999,55,0
NY4317075,50,0
NY4317681,3564,1
NY4320349,75,0
NY4320531,282,0
NY4325001,50,0
NY4330011,73,0
NY4330041,30,0
NY4404381,7055,0
NY4404384,465,0
NY4404385,4263,0
NY4404386,492,0
NY4404387,830,0
NY4404389,800,0
NY4404390,16729,0
NY4404391,395,0
NY4404392,2300,0
NY4404393,1685,0
NY4404394,10064,0
NY4404395,450,0
NY4404396,164,0
NY4404397,8312,0
NY4404398,1250,0
NY4404399,220,0
NY4404400,944,0
NY4404401,200,0
NY4404402,70,0
NY4404404,850,0
NY4410149,50,0
NY4410154,25,0
NY4410156,82,0
NY4410159,50,0
NY4410166,150,0
NY4410167,65,0
NY4410170,150,0
NY4410176,30,0
NY4410705,44,0
NY4417731,80,0
NY4420611,100,0
NY4421088,499,0
NY4430115,492,0
NY4430128,30,0
NY4430133,3235,0
NY4430137,165,0
NY4430138,165,0
NY4430146,25,0
NY4430165,180,0
NY4430200,25,0
NY4500162,6541,0
NY4500164,2283,0
NY4500165,800,0
NY4500166,5200,1
NY4500167,750,0
NY4500168,26525,0
NY4500169,2200,0
NY4500170,3900,0
NY4500171,1600,0
NY4500173,9800,0
NY4500175,35000,0
NY4500177,6600,0
NY4500178,4000,0
NY4500186,9490,0
NY4500187,1502,0
NY4501768,130,0
NY4501775,220,0
NY4501776,59,0
NY4501780,22,0
NY4501785,950,0
NY4501788,27,0
NY4501789,80,0
NY4501792,60,1
NY4501793,130,0
NY4501794,52,0
NY4501795,125,0
NY4501797,335,0
NY4501798,33,0
NY4501800,56,0
NY4501802,90,0
NY4501803,337,0
NY4501806,118,0
NY4501810,50,0
NY4501812,950,0
NY4501813,98,0
NY4501817,429,2
NY4501818,25,0
NY4501821,40,0
NY4501823,30,0
NY4501824,30,0
NY4501825,80,0
NY4501826,40,0
NY4501827,75,0
NY4503513,2000,0
NY4505644,400,0
NY4505658,10000,0
NY4508372,100,0
NY4508373,650,0
NY4510711,600,0
NY4510771,450,0
NY4510772,69,0
NY4511618,997,0
NY4511620,8950,0
NY4511623,800,0
NY4512612,80,0
NY4513992,102,0
NY4514027,75,0
NY4517170,120,0
NY4517767,19,0
NY4519064,40,0
NY4519111,15000,0
NY4519642,115,0
NY4521093,60,0
NY4521804,1300,0
NY4521831,188,0
NY4522501,3200,0
NY4530032,1295,0
NY4530080,300,0
NY4530219,40,0
NY4530222,1525,0
NY4530254,60,0
NY4530267,3000,0
NY4530283,756,0
NY4530301,100,0
NY4600064,380,1
NY4600067,1900,0
NY4600069,28000,0
NY4600070,61821,0
NY4600071,12800,0
NY4600072,180,0
NY4600073,22287,0
NY4600091,15000,0
NY4600093,900,0
NY4618789,64,0
NY4630007,42,0
NY4700093,560,0
NY4700094,4678,1
NY4700095,300,0
NY4700096,1500,0
NY4700097,918,0
NY4700098,922,0
NY4700099,504,0
NY4700100,54,0
NY4700101,1300,0
NY4701522,30,0
NY4701524,35,0
NY4710779,300,0
NY4710781,115,0
NY4710782,51,0
NY4717153,45,0
NY4730048,500,1
NY4800726,111,0
NY4800728,28,0
NY4800729,34,0
NY4801184,1635,0
NY4801185,810,0
NY4801186,68,0
NY4801188,2149,0
NY4801191,1340,0
NY4821864,57,0
NY4830034,30,0
NY4830037,201,1
NY4900686,50,0
NY4901194,650,0
NY4901195,990,0
NY4901198,9400,0
NY4901199,7000,0
NY4901200,372,1
NY4901201,99,0
NY4910589,50,0
NY4910642,213,0
NY4910643,63,0
NY4911003,50,0
NY4911004,100,0
NY4911740,1600,0
NY4912215,1820,0
NY4914541,150,0
NY4925000,200,0
NY4930001,400,0
NY4930002,333,0
NY4930009,432,0
NY4930010,228,0
NY4930090,150,0
NY4940015,250,0
NY4941316,100,0
NY4952683,50,0
NY4998097,30,0
NY4998098,50,0
NY5000658,65,0
NY5000660,40,0
NY5000661,38,0
NY5000664,39,0
NY5000665,42,0
NY5000667,40,0
NY5000730,38,0
NY5000733,78,0
NY5000735,68,0
NY5000739,137,0
NY5000743,100,0
NY5000744,200,0
NY5000747,220,0
NY5000748,35,0
NY5000750,55,0
NY5000753,44,0
NY5000754,40,0
NY5000755,39,1
NY5001203,1850,0
NY5001204,835,0
NY5001205,970,0
NY5001206,5400,0
NY5001207,2100,0
NY5001208,854,0
NY5001209,10300,0
NY5001211,410,0
NY5001212,4570,0
NY5001213,1150,0
NY5001214,260,0
NY5001215,9870,0
NY5001216,732,1
NY5001217,850,0
NY5001218,492,0
NY5001219,1400,0
NY5001220,1730,0
NY5001221,206,0
NY5001222,1750,0
NY5001223,569,0
NY5001226,485,0
NY5006496,41,0
NY5011945,405,0
NY5018387,58,1
NY5020177,33,0
NY5030056,70,0
NY5030080,128,0
NY5030103,490,0
NY5030104,280,0
NY5030105,801,0
NY5030106,75,0
NY5030109,100,0
NY5030110,300,0
NY5030112,29,0
NY5030113,95,0
NY5030114,50,0
NY5030125,400,0
NY5030150,25,0
NY5101291,40,0
NY5101296,75,0
NY5103243,500,0
NY5103263,81760,0
NY5103266,10587,0
NY5103271,42000,0
NY5103276,34522,0
NY5103280,4500,0
NY5103281,2000,0
NY5103294,380,0
NY5103700,14,0
NY5103703,2050,0
NY5103704,12500,0
NY5103705,35000,1
NY5105655,2050,0
NY5105656,19635,0
NY5110526,1100000,0
NY5110600,1400,0
NY5110607,300,0
NY5110623,100,0
NY5111891,3500,0
NY5111894,3088,0
NY5112134,897,0
NY5114323,34,0
NY5117671,11600,0
NY5130214,66,0
NY5201339,400,0
NY5201340,495,0
NY5201341,36,0
NY5201344,800,0
NY5201345,200,0
NY5201346,680,0
NY5201348,125,2
NY5201350,900,0
NY5201351,54,0
NY5201442,66,1
NY5203012,997,0
NY5203320,177,0
NY5203321,850,0
NY5203322,320,0
NY5203324,7850,0
NY5203328,359,0
NY5203329,3900,0
NY5203330,1500,0
NY5203331,99,0
NY5203335,68,0
NY5203337,8000,0
NY5203338,800,0
NY5203340,1000,0
NY5203344,879,0
NY5203346,2400,0
NY5203347,300,0
NY5203348,902,0
NY5203349,320,0
NY5203350,30,1
NY5203352,1400,0
NY5203353,50,0
NY5203356,60,0
NY5205653,150,0
NY5207183,1150,0
NY5208923,46,0
NY5210302,200,0
NY5210743,720,0
NY5211831,3250,0
NY5214752,40,0
NY5214753,70,0
NY5214954,240,0
NY5217115,45,0
NY5219594,24,0
NY5220222,146,0
NY5220223,331,0
NY5220232,75,0
NY5220343,82,0
NY5220961,100,0
NY5221008,440,0
NY5221394,184,0
NY5221877,66,0
NY5225004,600,0
NY5230003,80,0
NY5230008,120,0
NY5230098,48,0
NY5230111,50,0
NY5230115,40,0
NY5230189,872,0
NY5230201,300,0
NY5230210,285,0
NY5230211,1000,0
NY5230224,52,0
NY5230226,332,0
NY5230235,48,0
NY5230245,300,0
NY5230257,384,0
NY5230258,600,0
NY5230263,280,0
NY5230273,2900,0
NY5300244,300,0
NY5300245,725,0
NY5301406,69,0
NY5301408,80,0
NY5301414,45,0
NY5301415,150,0
NY5301416,200,0
NY5301417,32,0
NY5301419,250,0
NY5301421,240,0
NY5301422,100,0
NY5301424,99,0
NY5301425,180,0
NY5301427,130,0
NY5301428,120,0
NY5301429,200,0
NY5304406,800,0
NY5304407,896,0
NY5304408,613,0
NY5304409,4850,0
NY5304410,4830,0
NY5305667,715,0
NY5305668,160,0
NY5305670,3196,0
NY5305671,2150,0
NY5305672,2754,0
NY5310720,30,0
NY5315611,450,0
NY5318732,60,0
NY5321680,36,0
NY5330013,28,0
NY5330015,105,0
NY5330016,100,0
NY5330144,35,0
NY5404411,3170,0
NY5404412,2000,0
NY5404415,2470,0
NY5404416,29457,0
NY5404417,2300,0
NY5404419,13000,0
NY5404421,2300,0
NY5404422,265,0
NY5404425,250,0
NY5405793,110,0
NY5405794,50,0
NY5405797,50,0
NY5405800,342,0
NY5405805,253,0
NY5405807,45,0
NY5405808,160,1
NY5405809,90,0
NY5405812,250,0
NY5405813,26,0
NY5405814,80,0
NY5405815,40,1
NY5405816,40,1
NY5405820,45,0
NY5405825,110,0
NY5405826,125,0
NY5405827,252,0
NY5405829,37,0
NY5405831,215,0
NY5405832,447,0
NY5409757,52,0
NY5410468,110,0
NY5416959,3000,0
NY5416960,725,0
NY5416982,3100,0
NY5417118,37,0
NY5417686,31581,0
NY5420407,42,0
NY5421400,48,0
NY5421483,66,0
NY5421759,46,0
NY5421825,55,0
NY5421865,58,0
NY5422534,48,0
NY5430001,36,0
NY5430002,28,0
NY5430033,32,0
NY5430047,400,0
NY5430066,56,0
NY5430073,26,0
NY5430089,25,0
NY5501270,112,0
NY5501271,120,0
NY5501272,51,0
NY5501275,180,0
NY5501276,39,0
NY5501277,150,0
NY5501279,51,0
NY5501280,135,0
NY5501282,117,0
NY5501283,96,0
NY5501284,95,0
NY5501363,25,0
NY5501368,50,2
NY5501369,245,0
NY5501370,78,0
NY5501372,84,0
NY5501373,138,0
NY5501375,186,0
NY5501379,60,0
NY5501381,73,0
NY5501382,452,0
NY5501383,115,0
NY5501385,25,0
NY5503015,470,0
NY5503148,100,0
NY5503149,240,0
NY5503366,4300,0
NY5503367,4071,0
NY5503368,4000,1
NY5503369,2200,0
NY5503370,56,0
NY5503371,221,0
NY5503373,600,0
NY5503374,24000,0
NY5503377,3248,0
NY5503379,7523,1
NY5503380,450,0
NY5503381,477,0
NY5503382,4500,0
NY5503383,2200,0
NY5503384,225,0
NY5503385,382,0
NY5503386,4200,0
NY5503387,525,0
NY5503390,5500,0
NY5503391,402,0
NY5503392,600,0
NY5503393,1500,0
NY5503394,2400,0
NY5503396,140,0
NY5503405,135,0
NY5503406,89,0
NY5503408,105,0
NY5503413,80,0
NY5503416,75,0
NY5503745,75,0
NY5503746,100,0
NY5503747,168,0
NY5503748,50,0
NY5503751,2578,0
NY5503752,179,0
NY5505567,275,0
NY5505572,1750,0
NY5507077,78,0
NY5507116,265,0
NY5507411,688,0
NY5508770,45,0
NY5510549,750,0
NY5510590,1200,1
NY5510721,160,0
NY5510805,1800,0
NY5513815,54,0
NY5515075,36,0
NY5515079,45,0
NY5515690,810,0
NY5515691,325,0
NY5518027,80,0
NY5518034,150,0
NY5519179,880,0
NY5520381,80,0
NY5520539,55,0
NY5521293,42,0
NY5521386,85,0
NY5521421,35,0
NY5521422,90,0
NY5521482,402,0
NY5521658,76,1
NY5521677,65,0
NY5521830,325,0
NY5521945,40,0
NY5521949,67,0
NY5522155,70,0
NY5522738,65,0
NY5530003,40,0
NY5530009,32,0
NY5530040,45,0
NY5530041,460,0
NY5530045,270,0
NY5530046,280,0
NY5530232,750,0
NY5530242,33,0
NY5530244,40,0
NY5530246,65,0
NY5530247,410,0
NY5530250,426,0
NY5530260,212,0
NY5530280,1600,0
NY5530289,68,0
NY5530295,30,0
NY5530307,251,0
NY5530331,50,0
NY5530372,500,0
NY5600101,1800,0
NY5600102,885,0
NY5600103,493,0
NY5600104,14000,0
NY5600106,1800,0
NY5600108,2500,0
NY5600109,1100,0
NY5600110,315,0
NY5600112,3600,0
NY5600114,21200,0
NY5601499,45,0
NY5603495,345,0
NY5605392,275,0
NY5618220,470,0
NY5620267,680,1
NY5621317,180,0
NY5621608,125,0
NY5621848,132,0
NY5621911,100,0
NY5621920,190,0
NY5622708,180,0
NY5630037,100,0
NY5630038,50,0
NY5630045,45,0
NY5700116,495,0
NY5700117,3000,0
NY5700118,530,0
NY5700119,3300,0
NY5700120,2418,0
NY5700121,800,0
NY5700122,1665,0
NY5700123,7000,0
NY5700124,2800,0
NY5701546,150,0
NY5701548,32,0
NY5701551,75,0
NY5701552,72,0
NY5704191,1500,0
NY5710494,225,0
NY5718519,30,0
NY5722361,4500,0
NY5730027,1500,0
NY5730106,915,0
NY5730110,80,0
NY5730136,40,0
NY5801228,2269,0
NY5801231,6303,0
NY5801232,9142,0
NY5801233,10136,0
NY5801235,3580,0
NY5801237,600,0
NY5801239,1975,0
NY5801240,950,0
NY5801241,1709,0
NY5801242,1500,0
NY5801245,2200,0
NY5801247,7746,0
NY5801257,24267,0
NY5801258,6600,0
NY5821130,5800,0
NY5830003,204,0
NY5830007,168,0
NY5830010,40,1
NY5830093,130,0
NY5903150,300,0
NY5903154,650,0
NY5903156,500,0
NY5903418,300,0
NY5903419,9056,0
NY5903420,9190,0
NY5903422,2200,0
NY5903423,28369,0
NY5903424,216,0
NY5903425,8000,0
NY5903426,3848,0
NY5903427,5293,0
NY5903428,250,0
NY5903429,86624,0
NY5903432,6631,0
NY5903433,6485,0
NY5903435,59629,0
NY5903436,3100,0
NY5903437,11187,1
NY5903438,518,0
NY5903439,91,0
NY5903441,73893,0
NY5903442,17116,0
NY5903444,146732,0
NY5903445,2500,0
NY5903446,1200,0
NY5903448,300,0
NY5903449,125,0
NY5903450,9870,0
NY5903451,30000,0
NY5903452,24272,0
NY5903455,9550,0
NY5903456,57301,0
NY5903457,21649,0
NY5903461,11000,1
NY5903464,59559,0
NY5903465,211569,0
NY5903466,138,1
NY5903467,337,0
NY5903468,400,0
NY5903469,36000,0
NY5903470,253,0
NY5903472,329,0
NY5903475,366,0
NY5903476,356,0
NY5903478,195,0
NY5903479,805,0
NY5903482,6000,1
NY5903485,1768,1
NY5903487,67,0
NY5903492,225,0
NY5903769,26,0
NY5903831,150,0
NY5905442,44,0
NY5905657,625,0
NY5906656,100,0
NY5907678,2753,0
NY5910495,130,1
NY5910496,400,0
NY5912829,510,0
NY5916740,45,0
NY5917105,209,0
NY5917106,49,0
NY5917221,4700,0
NY5918381,956,0
NY5918382,320,1
NY5918395,892,1
NY5920064,156,1
NY5920065,480,0
NY5920450,150,0
NY5920685,630,0
NY5920706,150,2
NY5920776,95,0
NY5922908,212,0
NY5922909,1225,0
NY5922910,180,0
NY5922912,80,0
NY5930011,32,0
NY5930013,340,0
NY5930027,175,0
NY5930031,400,0
NY5930049,224,0
NY5930061,1500,0
NY5930069,40,0
NY5930081,56,0
NY5930082,17917,1
NY5930083,168,0
NY5930137,230,1
NY5931080,74,0
NY6000607,2659,0
NY6000608,2630,0
NY6000609,250,0
NY6000610,1135,0
NY6000611,60,0
NY6000612,270,0
NY6000613,3673,0
NY6000614,150,0
NY6000615,375,1
NY6000616,850,0
NY6000617,350,1
NY6000618,3850,1
NY6000619,140,0
NY6000620,490,0
NY6000621,160,0
NY6000622,50,0
NY6000763,80,2
NY6000765,140,0
NY6011605,440,0
NY6030008,2000,1
NY6030009,1600,1
NY6030013,450,0
NY6030016,175,0
NY6100683,30,0
NY6101261,720,0
NY6101262,1765,0
NY6101263,5248,0
NY6101264,100,0
NY6101265,460,0
NY6101266,3000,0
NY6130005,1416,0
NY6130010,400,0
NY6130011,332,0
NY6130026,500,0
NY6130053,153,0
NY7003493,8271000,0
OH0100012,21810,0
OH0100112,2043,1
OH0100203,1978,0
OH0100303,944,0
OH0100503,3170,1
OH0100603,1052,0
OH0200012,319,0
OH0200112,4125,0
OH0200412,7101,0
OH0200503,4109,0
OH0200712,480,0
OH0200811,65619,2
OH0201312,2261,0
OH0252212,462,0
OH0300112,20648,0
OH0300312,374,0
OH0300512,80,0
OH0300712,448,0
OH0300812,85,0
OH0300912,500,0
OH0301012,2641,1
OH0301112,150,0
OH0301212,735,0
OH0301512,81,0
OH0400012,1019,0
OH0400212,6009,0
OH0400411,12538,0
OH0400512,85,1
OH0400611,1764,0
OH0400711,32342,0
OH0400803,14757,0
OH0401012,1660,0
OH0401111,667,1
OH0401712,5924,0
OH0401812,3226,0
OH0500003,901,1
OH0500112,255,0
OH0500212,32725,0
OH0500303,3276,0
OH0500512,1428,0
OH0500603,859,1
OH0500703,1659,1
OH0501003,481,0
OH0501111,19311,0
OH0501214,6656,3
OH0501311,1994,0
OH0501503,5451,0
OH0501703,480,0
OH0600212,2410,0
OH0600312,45,0
OH0600412,3025,0
OH0600512,3034,0
OH0600612,9356,1
OH0600712,11000,0
OH0600912,831,1
OH0601012,946,0
OH0700011,6500,0
OH0700114,4278,0
OH0700315,400,0
OH0700412,26822,1
OH0700511,1382,1
OH0700612,2830,0
OH0700912,803,0
OH0701112,360,1
OH0701212,6980,0
OH0701303,315,0
OH0701412,1592,0
OH0701516,5097,2
OH0701612,3689,0
OH0701703,481,0
OH0800411,309,1
OH0800503,4331,0
OH0800603,925,0
OH0800811,2428,1
OH0801011,6607,0
OH0801511,952,0
OH0802012,32090,0
OH0900303,116572,0
OH0900512,1280,0
OH0900715,44907,0
OH0901712,51229,0
OH0902012,15600,0
OH0902112,3200,0
OH0902312,24000,0
OH0902612,1000,0
OH0902912,247,0
OH0903012,13012,0
OH0903912,42856,0
OH0904012,62447,0
OH1000012,3055,1
OH1000112,1200,2
OH1000412,51,0
OH1000512,100,1
OH1000612,200,0
OH1000812,2376,0
OH1100112,526,0
OH1100312,42,0
OH1100412,120,0
OH1100512,345,0
OH1100712,1644,0
OH1100812,1850,0
OH1100912,2089,0
OH1101012,500,0
OH1101112,70,0
OH1101212,11428,1
OH1101312,70,0
OH1137119,33,0
OH1200112,475,1
OH1200212,145,0
OH1200312,241,0
OH1200412,430,1
OH1200703,3008,0
OH1201003,8874,0
OH1201112,4221,0
OH1201203,383,0
OH1201412,234,0
OH1201512,120,0
OH1201712,80,0
OH1201812,2415,0
OH1202012,85,0
OH1202312,800,0
OH1202412,260,0
OH1202512,507,0
OH1202612,225,1
OH1202812,302,0
OH1203312,5800,0
OH1203412,538,0
OH1203712,100,0
OH1203812,90,0
OH1204212,1660,0
OH1204312,393,2
OH1204412,60680,0
OH1204912,203,0
OH1253012,215,0
OH1300116,2620,1
OH1300612,1573,0
OH1300812,12800,0
OH1301012,6700,0
OH1301212,2698,0
OH1301312,24092,0
OH1301411,2490,0
OH1302212,133059,0
OH1330912,88,0
OH1400111,4243,0
OH1400203,562,0
OH1400815,1240,0
OH1400912,2564,1
OH1401211,12401,0
OH1500112,106,0
OH1500312,6727,0
OH1500811,12586,0
OH1500912,4761,0
OH1501412,1833,0
OH1501512,2821,0
OH1501722,1238,0
OH1502011,16850,0
OH1502512,715,0
OH1502612,60,0
OH1502712,50,0
OH1502812,801,1
OH1502911,10300,1
OH1503412,125,0
OH1503512,46,0
OH1504112,103,0
OH1566312,200,0
OH1600012,13537,0
OH1600212,87,0
OH1600412,28,0
OH1600612,782,0
OH1600811,25,0
OH1601012,100,0
OH1601312,45,1
OH1700011,12570,1
OH1700112,4525,0
OH1700211,10453,2
OH1700612,160,0
OH1800003,13149,0
OH1800111,18789,0
OH1800212,4991,0
OH1800812,56,0
OH1801003,50942,0
OH1801212,1308955,0
OH1841012,2716,0
OH1900012,1174,0
OH1900112,2100,1
OH1900212,2000,0
OH1900512,513,0
OH1900714,13227,0
OH1900812,85,0
OH1900912,892,1
OH1901012,100,0
OH1901112,578,1
OH1901212,1650,0
OH1901312,2687,0
OH2000111,16494,1
OH2000212,3600,0
OH2000512,854,1
OH2000712,811,0
OH2000903,2372,1
OH2001003,483,1
OH2001103,500,1
OH2001203,268,1
OH2001403,40,1
OH2100011,1198,0
OH2100311,43895,0
OH2101412,150000,0
OH2200203,5131,0
OH2200403,1713,0
OH2200603,17241,0
OH2200703,1086,0
OH2200803,930,0
OH2201011,6893,0
OH2201111,3125,0
OH2201212,1371,0
OH2201411,25793,0
OH2201511,10594,0
OH2201703,54,0
OH2201803,6409,0
OH2300012,757,0
OH2300112,2995,0
OH2300212,1425,0
OH2300312,524,0
OH2300512,75,0
OH2300712,190,0
OH2301012,40400,0
OH2301112,1573,1
OH2301212,3200,0
OH2301412,1461,0
OH2301512,19141,0
OH2301712,960,0
OH2301812,490,0
OH2301912,15486,0
OH2302012,60,0
OH2302112,426,0
OH2302812,450,0
OH2302903,604,0
OH2303103,357,1
OH2303212,1428,0
OH2346603,1721,0
OH2400012,878,0
OH2400112,450,0
OH2400612,1356,1
OH2400714,14100,0
OH2400912,55,0
OH2437412,7685,0
OH2438714,200,0
OH2500103,14250,0
OH2500212,150,0
OH2500312,9286,0
OH2500512,74,1
OH2500612,180,0
OH2500712,750,0
OH2501003,8575,1
OH2501303,33258,0
OH2501512,3229,0
OH2501612,188,0
OH2501812,1600,1
OH2502112,505,2
OH2502212,3167,1
OH2502412,7100,0
OH2502512,5393,0
OH2502612,3562,0
OH2502712,865,0
OH2502812,2500,0
OH2502912,217,0
OH2503012,216,0
OH2503203,37847,0
OH2503411,39000,0
OH2503903,275,1
OH2504012,11294,0
OH2504303,151,0
OH2504412,1305946,0
OH2554603,1267,0
OH2566512,1317,0
OH2570717,266,1
OH2570736,130,0
OH2570758,350,0
OH2600011,5586,1
OH2600111,7568,3
OH2600311,3518,2
OH2600412,1340,0
OH2600603,562,1
OH2601011,3855,0
OH2601212,180,1
OH2601512,1269,0
OH2637812,1250,1
OH2700012,20995,0
OH2700112,7134,0
OH2700316,830,0
OH2800012,39,1
OH2800212,87,0
OH2800312,1520,0
OH2800412,5247,0
OH2800612,40,0
OH2801112,130,0
OH2801312,202,1
OH2801412,280,0
OH2801512,980,0
OH2801612,700,0
OH2801712,82,0
OH2801812,150,0
OH2801912,400,0
OH2802012,2748,0
OH2802112,180,0
OH2802211,120,1
OH2802412,950,0
OH2802512,1800,0
OH2802612,217,2
OH2802712,450,0
OH2803012,211,0
OH2803112,339,0
OH2803212,50,0
OH2803312,235,0
OH2803512,250,0
OH2803612,658,0
OH2803712,114,0
OH2804003,3000,0
OH2804112,339,0
OH2804212,650,1
OH2868112,570,0
OH2876919,50,0
OH2900212,360,0
OH2900612,34620,0
OH2901112,9475,1
OH2901712,1997,0
OH2902012,8948,0
OH2902422,538,0
OH2902512,360,0
OH2902812,29000,0
OH2903012,3761,0
OH2903312,11034,0
OH2903412,16551,0
OH2903512,41895,0
OH2903612,4000,0
OH2903912,857,0
OH2904203,996,0
OH2905003,184,0
OH2906103,4800,0
OH2956203,743,0
OH3000111,10520,0
OH3000603,8891,1
OH3000912,447,0
OH3001011,750,0
OH3001103,3225,0
OH3001212,5104,1
OH3100012,900,1
OH3100512,6000,0
OH3100612,230,0
OH3100712,2500,0
OH3100812,11600,0
OH3101112,15000,0
OH3101212,3486,1
OH3101703,19870,0
OH3101812,9506,0
OH3102212,9700,0
OH3102303,245,0
OH3102612,750200,0
OH3200012,1474,0
OH3200111,54040,0
OH3200411,1527,3
OH3200512,488,0
OH3200612,571,0
OH3200812,30,0
OH3200903,564,1
OH3248312,340,0
OH3300012,5334,0
OH3300112,943,1
OH3300212,875,0
OH3300312,1354,1
OH3300612,8360,1
OH3300712,710,1
OH3300912,603,0
OH3301212,49,0
OH3400112,483,0
OH3400214,3353,3
OH3400312,82,1
OH3400412,400,0
OH3400503,242,0
OH3400612,169,0
OH3400712,34,0
OH3400811,984,1
OH3400912,650,0
OH3401103,367,0
OH3401212,178,0
OH3401312,690,1
OH3401403,2370,0
OH3401503,257,0
OH3439717,191,0
OH3500112,1578,0
OH3500312,580,5
OH3500512,1150,2
OH3500603,1350,0
OH3500811,8858,0
OH3500912,70,0
OH3501203,450,0
OH3501403,265,0
OH3539212,440,0
OH3539214,267,0
OH3600312,4600,0
OH3600514,28421,0
OH3600614,6650,0
OH3600712,1315,0
OH3600915,1515,0
OH3700103,910,0
OH3700312,35,0
OH3700512,586,1
OH3700612,6704,0
OH3700803,449,0
OH3700912,32,1
OH3740512,361,1
OH3800012,1896,0
OH3800112,200,1
OH3800312,280,1
OH3800512,315,0
OH3800712,950,1
OH3800812,950,0
OH3800912,3151,0
OH3801012,197,2
OH3801112,428,0
OH3801412,1575,0
OH3801512,1270,1
OH3900011,8236,0
OH3900112,95,0
OH3900312,1476,1
OH3900811,1400,0
OH3901012,534,0
OH3901111,17466,0
OH3901411,1047,0
OH3901511,7099,1
OH3902403,18224,0
OH3902611,3226,1
OH3946612,586,0
OH3946712,5226,0
OH3946912,235,0
OH3946916,758,0
OH4000003,663,1
OH4000111,9691,1
OH4000411,3067,0
OH4001803,53,0
OH4001912,5846,0
OH4002012,15984,0
OH4100003,820,0
OH4100412,2000,1
OH4100512,665,0
OH4100803,2635,0
OH4100903,990,0
OH4101003,896,1
OH4101103,13983,0
OH4101203,340,0
OH4101612,3350,0
OH4101712,450,0
OH4101803,417,1
OH4102411,17000,2
OH4102512,320,1
OH4102712,1372,0
OH4102811,5676,0
OH4102903,481,2
OH4103003,3924,0
OH4103112,1019,1
OH4200112,994,0
OH4200212,2648,0
OH4200403,2300,0
OH4200812,16990,0
OH4201512,110,0
OH4201712,150,0
OH4202012,7710,0
OH4202112,47,0
OH4202312,240,0
OH4202712,74,0
OH4300411,3180,0
OH4301511,74500,0
OH4301611,31728,0
OH4302411,78379,0
OH4302911,40656,0
OH4303103,298,0
OH4400012,2167,0
OH4400711,11129,1
OH4400803,8130,1
OH4400912,574,0
OH4401212,4133,0
OH4401612,34942,0
OH4500212,65,0
OH4500312,48,0
OH4500512,57,0
OH4500612,5946,1
OH4500712,51,0
OH4500812,3415,0
OH4500912,10310,0
OH4501012,2368,0
OH4501512,5200,0
OH4501712,732,0
OH4502314,49934,0
OH4502512,9900,0
OH4502812,53,1
OH4503012,2235,1
OH4503112,120,0
OH4503312,115,0
OH4504012,374,0
OH4504203,493,0
OH4504312,236,0
OH4505412,17818,0
OH4505512,465,0
OH4564712,2746,0
OH4600012,834,0
OH4600112,13249,1
OH4600312,70,0
OH4600512,1215,0
OH4600812,67,1
OH4601312,40,0
OH4601512,1083,0
OH4601912,600,0
OH4602012,300,1
OH4602112,551,1
OH4602212,1651,0
OH4602412,1800,1
OH4602512,700,0
OH4602612,53,0
OH4602712,98,1
OH4634612,30,1
OH4700003,11797,0
OH4700203,23800,0
OH4700311,23659,0
OH4700411,68000,0
OH4700511,2769,0
OH4700603,2400,1
OH4700711,64152,0
OH4700803,29465,0
OH4700911,8600,1
OH4701103,9108,0
OH4701203,4165,0
OH4701411,1688,0
OH4701511,4802,0
OH4701803,73125,0
OH4701912,1550,0
OH4737516,570,0
OH4800112,327,0
OH4800603,14286,0
OH4800911,19950,0
OH4801012,100,0
OH4801303,21618,0
OH4801411,360000,1
OH4801503,6500,0
OH4801612,5200,0
OH4900012,45,0
OH4900112,420,0
OH4900212,2200,0
OH4900512,170,0
OH4900612,400,0
OH4900712,10256,1
OH4900812,2059,0
OH4901012,5176,0
OH4901112,4467,0
OH4901212,48,0
OH4901312,395,0
OH4901412,96,0
OH4901512,27,0
OH4901612,655,1
OH4901812,730,0
OH4902012,4488,1
OH4902112,175,0
OH5000503,7706,0
OH5000612,450,0
OH5000912,58,0
OH5001212,242,0
OH5001611,58551,0
OH5001812,50,1
OH5001911,6058,0
OH5002112,31,1
OH5002303,130530,0
OH5002812,25,1
OH5054212,3728,0
OH5100212,230,0
OH5100312,800,0
OH5100414,47102,0
OH5100612,158,0
OH5200012,50,0
OH5200112,25,0
OH5200212,58,1
OH5200412,2884,0
OH5200514,25956,0
OH5201412,2296,1
OH5201611,800,0
OH5201712,24356,0
OH5201903,46324,0
OH5202003,566,0
OH5202112,131,0
OH5202212,108,0
OH5202312,63,0
OH5260712,4708,0
OH5300012,6663,1
OH5300112,2446,1
OH5300212,1800,1
OH5300312,675,1
OH5300512,826,1
OH5300612,16087,0
OH5400011,11682,0
OH5400112,4774,0
OH5400212,1501,0
OH5400312,103,1
OH5400612,628,0
OH5401112,1120,0
OH5401212,142,0
OH5401312,2596,0
OH5402212,358,0
OH5500012,65,0
OH5500112,2718,0
OH5500312,50,0
OH5500412,461,0
OH5500612,487,2
OH5501211,20354,0
OH5501312,1226,0
OH5501612,26305,0
OH5501711,4890,0
OH5501912,70,1
OH5502203,526,0
OH5502303,2367,0
OH5502503,3742,0
OH5502703,521,0
OH5553612,29974,0
OH5600012,440,0
OH5600412,1620,0
OH5600503,2500,0
OH5600603,1860,0
OH5600711,2598,2
OH5600812,4334,1
OH5700203,5923,0
OH5700512,30,0
OH5700612,211,0
OH5700812,13463,0
OH5700912,975,0
OH5701012,5547,0
OH5701212,19790,0
OH5701315,150207,0
OH5701503,83033,0
OH5701812,3770,0
OH5701915,9572,0
OH5702112,490,0
OH5702212,141,1
OH5702403,9000,0
OH5702512,7000,0
OH5702712,400,0
OH5702812,8361,1
OH5703012,4813,0
OH5703512,141407,0
OH5703612,43439,0
OH5703715,1500,1
OH5750618,125,1
OH5750619,95,1
OH5800112,823,0
OH5800412,671,0
OH5800512,1780,0
OH5800712,70,1
OH5800912,503,1
OH5801003,700,0
OH5801103,520,0
OH5801203,68,0
OH5900112,2079,0
OH5900412,55,0
OH5900512,229,0
OH5900712,3503,0
OH5901012,1710,0
OH6000212,2000,0
OH6000303,266,1
OH6000412,21540,0
OH6000612,1340,0
OH6001411,6540,5
OH6001711,2491,0
OH6001912,974,0
OH6002112,1852,0
OH6002212,2800,0
OH6002712,29381,0
OH6045817,480,0
OH6100011,3300,0
OH6100103,2670,0
OH6100203,815,0
OH6100303,1989,1
OH6100403,279,1
OH6100503,2368,0
OH6200712,1421,0
OH6201003,3110,1
OH6201212,82,1
OH6201312,77,0
OH6202411,865,1
OH6202603,4400,0
OH6203211,6500,0
OH6203311,5000,1
OH6205011,20428,0
OH6205111,2288,0
OH6300012,1741,0
OH6300212,48,0
OH6300312,727,2
OH6300411,3605,3
OH6300712,1550,0
OH6333512,40,0
OH6400003,563,0
OH6400111,2534,0
OH6400212,819,0
OH6400411,5161,2
OH6400503,652,0
OH6400812,50,0
OH6400912,1706,1
OH6401003,605,0
OH6401111,1490,0
OH6401212,991,0
OH6401403,2950,1
OH6401503,59,0
OH6401603,4029,0
OH6401803,305,0
OH6401903,146,0
OH6402303,2340,0
OH6402403,250,0
OH6402503,450,0
OH6402703,1802,1
OH6434912,98,0
OH6434914,175,0
OH6500012,4529,0
OH6500312,148,1
OH6500412,13927,0
OH6500712,62,0
OH6500812,10057,0
OH6501312,69,0
OH6501512,400,1
OH6501612,830,0
OH6501712,3376,1
OH6501812,330,1
OH6502112,1999,1
OH6502312,72,0
OH6502412,80,0
OH6502512,275,0
OH6502812,118,0
OH6503012,1038,1
OH6503312,170,0
OH6503412,293,1
OH6503512,3497,0
OH6503703,128,0
OH6600012,480,0
OH6600312,1229,0
OH6600712,2181,0
OH6600912,4433,0
OH6601412,51,0
OH6601803,873,0
OH6602303,91,0
OH6602412,15487,0
OH6700003,191,0
OH6700212,122,1
OH6700312,665,0
OH6700322,150,1
OH6700412,180,1
OH6700512,766,0
OH6700612,197,0
OH6700812,498,0
OH6701312,354,0
OH6701412,2325,0
OH6701612,1406,1
OH6701812,29662,0
OH6702212,1207,0
OH6702312,350,0
OH6702412,231,1
OH6702512,316,0
OH6702812,8606,1
OH6703012,234,0
OH6703112,495,0
OH6703211,16000,0
OH6703312,574,0
OH6703912,185,0
OH6704212,250,0
OH6704712,375,0
OH6704812,1777,0
OH6705003,15105,0
OH6705112,178,0
OH6705212,1496,0
OH6705312,339,0
OH6705512,122,0
OH6705912,178,0
OH6789112,15852,0
OH6800112,2050,0
OH6800212,96,0
OH6800311,387,1
OH6800512,539,0
OH6800612,990,0
OH6800712,2950,0
OH6800812,1800,0
OH6800912,1681,1
OH6801212,492,0
OH6801312,1385,1
OH6801412,471,0
OH6801612,8400,0
OH6900112,2137,0
OH6900212,1153,0
OH6900512,1542,0
OH6900612,2348,0
OH6900711,4393,3
OH6900812,976,0
OH6900912,1204,0
OH6901012,46,0
OH6901303,1001,1
OH6901412,265,0
OH7000012,1918,0
OH7000112,222,0
OH7000312,185,0
OH7000412,940,0
OH7000512,154,0
OH7000612,318,1
OH7000812,564,0
OH7000912,1100,0
OH7001012,300,0
OH7001212,78,0
OH7001412,142,0
OH7001512,85,0
OH7001612,766,0
OH7001712,177,0
OH7001912,160,0
OH7002012,69,1
OH7002112,51,0
OH7002212,4825,0
OH7002312,225,0
OH7002612,620,0
OH7002812,813,0
OH7002914,51000,3
OH7003112,140,0
OH7003212,170,0
OH7003312,280,0
OH7003512,6756,0
OH7003612,80,0
OH7003712,149,0
OH7003812,200,0
OH7004003,1874,0
OH7004112,95,0
OH7004412,96,0
OH7004511,9453,0
OH7004612,454,0
OH7004712,601,0
OH7004812,150,0
OH7004912,123,0
OH7005032,583,0
OH7005112,200,0
OH7005412,95,0
OH7005612,412,0
OH7005812,525,0
OH7005912,588,0
OH7006012,411,0
OH7006412,172,0
OH7006612,40,0
OH7006712,2050,0
OH7033512,150,0
OH7100012,900,0
OH7100112,21725,0
OH7100212,500,0
OH7100712,1100,0
OH7100912,1032,1
OH7101212,9000,1
OH7101412,35345,0
OH7200012,100,1
OH7200211,6325,0
OH7200311,18319,0
OH7200412,2506,0
OH7200512,446,0
OH7200912,2006,0
OH7201012,359,0
OH7300003,11059,0
OH7300111,40475,0
OH7300212,13820,0
OH7300303,8861,0
OH7300803,178,0
OH7300903,6458,0
OH7301203,537,0
OH7301303,845,0
OH7301503,76,0
OH7301603,115,0
OH7301703,352,0
OH7301903,64,0
OH7302103,59,0
OH7302203,36,0
OH7302403,34,0
OH7302503,134,0
OH7332513,132,0
OH7400011,1148,2
OH7400112,692,1
OH7400212,956,0
OH7400411,13441,0
OH7400512,1592,0
OH7400614,20279,0
OH7400712,281,0
OH7400812,550,0
OH7401212,128,1
OH7401312,75,0
OH7401412,65,0
OH7500012,1558,0
OH7500112,375,0
OH7500212,1250,0
OH7500312,1524,0
OH7500412,85,0
OH7500512,1462,0
OH7500612,200,0
OH7500712,471,0
OH7500812,184,0
OH7500912,87,0
OH7501112,290,0
OH7501214,20614,1
OH7501312,56,0
OH7501412,248,0
OH7501512,83,0
OH7541912,640,0
OH7600011,22232,1
OH7600212,1031,0
OH7600512,2113,0
OH7600912,5323,0
OH7601412,116,0
OH7601503,1606,0
OH7601612,850,0
OH7601912,440,0
OH7602012,225,0
OH7602112,95,0
OH7602212,198,0
OH7602512,95,0
OH7602712,563,1
OH7603012,9186,0
OH7603112,1085,0
OH7603312,172,0
OH7603412,100,0
OH7603812,3684,0
OH7603912,50,0
OH7604112,1957,0
OH7604312,24747,0
OH7604512,95636,0
OH7605012,76,0
OH7605212,182,0
OH7605412,273,0
OH7605512,122,0
OH7605712,928,2
OH7606012,325,1
OH7606612,125,0
OH7606922,50,0
OH7607303,6690,0
OH7607412,50,0
OH7608012,81,0
OH7608112,107113,0
OH7674412,32,0
OH7675212,210,0
OH7676612,80,0
OH7677628,41,0
OH7700006,50,0
OH7700011,280000,1
OH7700312,138,0
OH7700411,31298,0
OH7700812,25,1
OH7701012,51114,1
OH7701212,164,0
OH7701612,8385,1
OH7701812,3068,0
OH7702212,100,0
OH7702512,410,0
OH7702703,5042,0
OH7703212,68,0
OH7703812,246,0
OH7704012,120,1
OH7704212,725,0
OH7704303,2519,0
OH7704503,35437,1
OH7704703,18394,0
OH7704812,79,0
OH7704912,136,0
OH7705312,155,0
OH7707112,40,0
OH7707212,178,0
OH7707312,120,0
OH7707412,240,0
OH7708012,136,1
OH7708112,352,0
OH7708812,143,0
OH7709012,55,0
OH7709412,336,0
OH7800212,25,0
OH7800312,571,0
OH7800512,7105,1
OH7800812,99,1
OH7801012,69,0
OH7801103,14122,0
OH7801415,8518,0
OH7802003,4236,0
OH7802311,6109,0
OH7802403,21961,0
OH7802512,58,0
OH7802711,4019,0
OH7802912,250,0
OH7803203,9931,0
OH7803503,2858,0
OH7803712,71,0
OH7803811,49130,0
OH7803911,908,2
OH7804303,8270,0
OH7804403,3515,0
OH7804512,305,0
OH7804712,39,0
OH7806112,740,0
OH7806303,6396,0
OH7806403,1708,0
OH7806503,835,0
OH7900112,795,0
OH7900212,998,0
OH7900412,13253,0
OH7900512,1240,0
OH7900612,2147,1
OH7900812,17410,0
OH7900912,3882,0
OH7901212,2610,0
OH7901312,2220,1
OH7901512,1056,0
OH7901612,6587,0
OH7901711,9224,0
OH7902012,441,0
OH7902103,370,0
OH8000012,100,0
OH8000212,792,0
OH8000314,25571,0
OH8000412,2200,1
OH8100112,1100,0
OH8100312,576,0
OH8100412,705,0
OH8100611,10846,3
OH8100911,405,1
OH8200003,970,0
OH8200212,1920,0
OH8200512,360,1
OH8300012,90,0
OH8300212,175,1
OH8300412,11690,0
OH8300512,39508,0
OH8300912,3360,1
OH8301012,3410,0
OH8301112,1541,1
OH8301312,3891,0
OH8301412,19263,0
OH8301512,81975,0
OH8301803,950,0
OH8302012,4100,1
OH8303803,1675,0
OH8304112,20700,0
OH8304203,13216,0
OH8346912,145,0
OH8361413,180,0
OH8400012,6441,1
OH8400112,1900,0
OH8400212,9892,0
OH8400312,603,0
OH8400412,18707,0
OH8400512,896,0
OH8400612,1582,1
OH8400712,2744,0
OH8401112,770,1
OH8402503,2189,0
OH8402703,7215,0
OH8402803,1520,0
OH8402903,446,0
OH8403112,3000,0
OH8403203,3022,0
OH8500112,1190,0
OH8500312,2171,1
OH8500412,2000,0
OH8500612,3051,0
OH8500712,63,0
OH8500812,420,0
OH8500912,79,0
OH8501012,120,1
OH8501612,222,0
OH8501712,153,0
OH8501912,756,0
OH8502212,150,0
OH8502312,425,1
OH8502512,300,0
OH8502712,8452,0
OH8503012,6491,0
OH8503112,169,0
OH8503412,1514,0
OH8503512,1232,0
OH8503712,480,0
OH8503812,110,0
OH8503912,75,0
OH8504212,225,0
OH8504311,1410,0
OH8504412,450,2
OH8504512,26618,0
OH8504912,55,2
OH8505012,84,0
OH8505212,109,0
OH8561412,25,0
OH8562512,119,0
OH8563912,85,0
OH8600012,8729,0
OH8600312,1881,0
OH8600512,783,0
OH8600812,50,0
OH8600912,4280,1
OH8601012,345,1
OH8601112,50,0
OH8601212,180,0
OH8601312,1449,0
OH8601512,750,0
OH8601712,1259,0
OH8601812,1760,0
OH8601912,225,0
OH8700311,31578,0
OH8700412,985,0
OH8700711,1500,0
OH8701112,40,1
OH8701412,181,0
OH8701611,3432,0
OH8701712,1326,0
OH8701803,27000,0
OH8701912,270,0
OH8702412,272,0
OH8702503,400,0
OH8702712,45,1
OH8703112,941,0
OH8703211,3648,0
OH8704103,4776,0
OH8704203,9629,0
OH8704312,60,0
OH8752212,3615,0
OH8752812,19758,1
OH8753213,76,0
OH8800012,3674,0
OH8800312,814,0
OH8800412,862,0
OH8800511,6698,0
OK1010203,6952,4
OK1010207,5685,0
OK1010214,4320,1
OK1010302,2547,3
OK1010304,950,1
OK1010314,5536,4
OK1010318,4825,4
OK1010319,307,4
OK1010401,2988,4
OK1010402,2005,3
OK1010408,952,2
OK1010412,3000,4
OK1010414,1145,0
OK1010601,15545,1
OK1010604,6270,2
OK1010803,778,2
OK1010806,6804,4
OK1010807,1212,4
OK1010808,6256,3
OK1010809,23000,2
OK1010812,2307,1
OK1010814,24893,1
OK1010815,3000,3
OK1010816,1150,0
OK1010820,3410,4
OK1010821,16036,3
OK1010822,2610,2
OK1010824,224,1
OK1010828,8883,2
OK1010829,12,0
OK1010830,11250,4
OK1010840,7000,0
OK1010848,17587,4
OK1011101,1649,3
OK1011102,2785,0
OK1011201,2100,4
OK1011303,92757,0
OK1011305,2551,1
OK1011306,1146,4
OK1011401,3940,4
OK1011501,18717,3
OK1011502,3746,0
OK1011503,1509,3
OK1020101,3000,3
OK1020103,3025,2
OK1020104,10,4
OK1020105,581,3
OK1020106,2200,3
OK1020110,412,3
OK1020205,3276,1
OK1020206,8510,1
OK1020208,3104,1
OK1020210,13460,1
OK1020212,2842,0
OK1020301,3000,3
OK1020302,5000,1
OK1020303,2731,2
OK1020404,19702,2
OK1020405,2100,2
OK1020409,2020,0
OK1020418,413000,0
OK1020419,5675,2
OK1020420,28774,0
OK1020504,29990,1
OK1020506,6098,4
OK1020508,1451,4
OK1020510,3450,4
OK1020511,496,1
OK1020512,998,2
OK1020514,2766,3
OK1020515,3481,2
OK1020529,3574,4
OK1020535,2774,4
OK1020603,2203,3
OK1020604,280,4
OK1020605,1872,1
OK1020606,2051,3
OK1020609,18206,4
OK1020611,731,4
OK1020616,5,1
OK1020623,5444,4
OK1020625,1680,4
OK1020702,3142,3
OK1020703,404,0
OK1020705,2811,1
OK1020706,3113,3
OK1020707,1364,4
OK1020708,13495,3
OK1020709,6096,2
OK1020710,1300,4
OK1020723,79408,0
OK1020724,825,3
OK1020801,104868,1
OK1020803,4732,3
OK1020805,22128,1
OK1020806,55935,0
OK1020807,560,3
OK1020902,644000,0
OK1020903,9925,0
OK1020909,3935,0
OK1020910,13000,2
OK1020911,1670,0
OK1021101,7668,4
OK1021202,27155,0
OK1021203,404,4
OK1021204,1555,3
OK1021205,335,0
OK1021206,5230,4
OK1021209,2230,4
OK1021210,3262,4
OK1021220,53000,2
OK1021221,150,2
OK1021222,250,2
OK1021301,3800,2
OK1021304,1243,4
OK1021305,361,4
OK1021306,2584,4
OK1021313,8110,0
OK1021401,34748,1
OK1021410,350,4
OK1021417,733,3
OK1021418,25375,0
OK1021501,298,2
OK1021502,456,2
OK1021503,3971,3
OK1021504,1964,0
OK1021505,5400,1
OK1021506,7725,2
OK1021507,11782,0
OK1021508,116330,0
OK1021509,9450,3
OK1021512,15873,1
OK1021513,10470,4
OK1021527,4363,4
OK1021528,4251,0
OK1021529,25792,4
OK1021602,4000,1
OK1021603,1422,0
OK1021604,950,1
OK1021607,38310,3
OK1021611,6472,3
OK1021612,4025,0
OK1021613,704,0
OK1021614,7311,1
OK1021616,432,0
OK1021620,1007,2
OK1021621,710,4
OK1021622,4700,1
OK1021640,2400,2
OK1021643,2000,4
OK1021649,7982,1
OK1021650,397,1
OK1021666,3750,0
OK1021668,1600,1
OK1021674,2482,0
OK1021678,2578,2
OK1021691,2800,3
OK1021696,1428,3
OK1021701,14458,2
OK1021702,90,2
OK1021703,200,1
OK1021707,272,2
OK1021711,1493,1
OK1021713,1200,0
OK1021721,1640,1
OK1021727,200,1
OK1021731,200,1
OK1021733,200,2
OK1021756,860,1
OK1021763,208,1
OK1021770,675,2
OK1021773,1688,2
OK1021775,1075,0
OK1021778,26,2
OK1221615,653,3
OK1221626,1110,3
OK1221630,1925,1
OK1221637,3395,0
OK1221638,1805,0
OK1221644,400,1
OK1221645,1500,2
OK2000145,27,1
OK2000201,600,0
OK2000202,550,0
OK2000203,268,1
OK2000206,214,3
OK2000207,355,1
OK2000208,1630,0
OK2000210,443,1
OK2000211,230,0
OK2000302,1500,1
OK2000304,825,1
OK2000402,412,0
OK2000404,1570,0
OK2000405,87,1
OK2000406,532,1
OK2000453,98,1
OK2000501,10510,0
OK2000502,1023,0
OK2000505,1595,0
OK2000508,4375,0
OK2000510,857,1
OK2000511,150,1
OK2000533,70,1
OK2000547,1617,1
OK2000602,2816,2
OK2000606,960,0
OK2000607,650,0
OK2000608,1258,3
OK2000610,141,0
OK2000611,363,0
OK2000612,1240,1
OK2000701,165,1
OK2000702,2815,3
OK2000703,944,1
OK2000704,564,0
OK2000705,302,0
OK2000707,506,0
OK2000713,820,1
OK2000716,2312,1
OK2000725,54,0
OK2000802,275,5
OK2000803,708,1
OK2000804,109,1
OK2000805,1637,0
OK2000806,1521,4
OK2000808,277,5
OK2000809,2600,1
OK2000810,667,1
OK2000811,336,1
OK2000812,1060,1
OK2000816,3900,1
OK2000902,16212,2
OK2000904,600,2
OK2000907,350,0
OK2000908,750,5
OK2000909,7542,2
OK2000910,22498,0
OK2000922,18576,2
OK2000930,907,0
OK2001001,1600,1
OK2001003,2000,3
OK2001007,4863,1
OK2001032,135,1
OK2001104,50,1
OK2001189,95,0
OK2001201,300,0
OK2001204,2300,2
OK2001205,932,5
OK2001207,611,2
OK2001249,104,0
OK2001302,315,0
OK2001303,1483,1
OK2001408,3000,0
OK2001409,2086,0
OK2001411,5750,1
OK2001412,55083,3
OK2001431,75,1
OK2001446,300,1
OK2001468,145,1
OK2001475,22,4
OK2001477,285,3
OK2001483,170,4
OK2001501,396,1
OK2001601,762,1
OK2001602,2325,0
OK2001604,1840,1
OK2001607,2371,0
OK2001608,627,1
OK2001609,350,5
OK2001610,3300,1
OK2001612,1022,1
OK2001643,77,1
OK2001702,3000,1
OK2001801,800,3
OK2001802,274,1
OK2001807,1100,1
OK2001901,1435,1
OK2001902,2876,0
OK2001903,555,0
OK2001910,3700,1
OK2001994,2500,0
OK2002001,1238,0
OK2002002,10833,0
OK2002009,393,0
OK2002015,97,0
OK2002023,40,1
OK2002040,960,1
OK2002121,136,1
OK2002135,802,1
OK2002145,150,1
OK2002146,157,1
OK2002151,35,0
OK2002157,819,1
OK2002166,504,0
OK2002170,785,1
OK2002201,129,0
OK2002202,150,1
OK2002203,668,2
OK2002205,860,0
OK2002207,372,0
OK2002301,429,1
OK2002303,326,0
OK2002304,1200,1
OK2002305,496,0
OK2002318,43,0
OK2002401,600,1
OK2002402,320,3
OK2002410,1366,0
OK2002412,49347,1
OK2002413,147,1
OK2002415,1225,0
OK2002416,725,0
OK2002417,577,0
OK2002420,239,0
OK2002444,1980,0
OK2002501,2850,0
OK2002502,610,1
OK2002503,1575,1
OK2002511,1680,0
OK2002514,1570,1
OK2002516,1445,0
OK2002521,756,0
OK2002601,24,1
OK2002603,635,1
OK2002604,300,1
OK2002605,455,3
OK2002607,80,1
OK2002608,4500,1
OK2002609,1278,0
OK2002610,1632,1
OK2002613,50,1
OK2002633,2425,1
OK2002664,200,0
OK2002701,224,0
OK2002702,982,1
OK2002703,104,1
OK2002704,1172,1
OK2002705,417,1
OK2002706,344,0
OK2002711,147,4
OK2002801,114,1
OK2002802,2924,1
OK2002803,999,0
OK2002804,1425,1
OK2002806,81,5
OK2002901,2264,1
OK2002902,1132,0
OK2003001,198,0
OK2003002,1097,0
OK2003003,1200,0
OK2003201,300,0
OK2003224,2180,0
OK2003301,318,1
OK2003304,894,0
OK2003306,2662,3
OK2003404,1200,0
OK2003405,386,1
OK2003501,310,1
OK2003503,600,0
OK2003504,459,1
OK2003505,587,0
OK2003511,2783,1
OK2003517,163,0
OK2003518,420,0
OK2003520,317,0
OK2003603,3299,1
OK2003604,2243,0
OK2003605,372,0
OK2003616,1500,1
OK2003632,2,0
OK2003701,81,0
OK2003702,5073,2
OK2003703,1110,4
OK2003704,2058,1
OK2003705,400,1
OK2003715,250,5
OK2003722,237,1
OK2003802,280,1
OK2003805,880,1
OK2003806,440,1
OK2003880,5,2
OK2004101,2395,1
OK2004103,448,1
OK2004104,649,0
OK2004105,2525,0
OK2004203,289,0
OK2004204,1411,0
OK2004205,33,2
OK2004206,1146,0
OK2004207,8907,1
OK2004211,188,0
OK2004230,1618,1
OK2004257,350,1
OK2004301,2626,0
OK2004302,300,0
OK2004303,2000,0
OK2004305,350,0
OK2004401,195,3
OK2004402,326,3
OK2004403,199,2
OK2004404,2690,3
OK2004405,424,0
OK2004407,1000,3
OK2004501,1600,1
OK2004506,925,1
OK2004538,212,4
OK2004539,475,1
OK2004617,225,0
OK2004701,6693,0
OK2004702,688,1
OK2004703,600,1
OK2004704,7900,0
OK2004707,2000,1
OK2004709,275,0
OK2004711,1897,0
OK2004734,83,0
OK2004902,133,1
OK2004913,1500,1
OK2004919,175,1
OK2005001,4929,0
OK2005012,4800,1
OK2005104,1030,0
OK2005111,1765,1
OK2005201,436,1
OK2005202,293,3
OK2005204,325,1
OK2005207,250,0
OK2005401,446,1
OK2005402,1000,1
OK2005501,4020,1
OK2005503,650,0
OK2005504,5500,0
OK2005506,4190,1
OK2005507,1727,1
OK2005508,24645,0
OK2005509,3746,1
OK2005510,3926,0
OK2005513,400,1
OK2005519,20307,1
OK2005521,853,1
OK2005522,168,1
OK2005529,93,1
OK2005531,83,1
OK2005532,172,1
OK2005534,100,1
OK2005535,99,1
OK2005539,105,0
OK2005542,120,1
OK2005603,1465,1
OK2005604,750,1
OK2005701,275,1
OK2005703,387,1
OK2005708,450,0
OK2005741,200,1
OK2005744,65,1
OK2005766,42,1
OK2005801,652,0
OK2005804,700,1
OK2005805,458,0
OK2005806,140,1
OK2005809,1025,1
OK2005810,2645,1
OK2005811,906,1
OK2005812,55,1
OK2005813,13704,0
OK2005840,750,1
OK2005859,560,1
OK2005860,500,1
OK2005883,51,0
OK2005901,335,0
OK2005904,400,1
OK2005905,168,1
OK2005910,289,1
OK2005931,3200,0
OK2006011,1400,0
OK2006012,2572,0
OK2006013,376,1
OK2006045,46,1
OK2006061,8371,1
OK2006201,22600,1
OK2006202,937,1
OK2006203,465,1
OK2006205,390,0
OK2006206,800,1
OK2006215,4250,0
OK2006301,2939,0
OK2006302,1136,0
OK2006304,225,1
OK2006311,100,1
OK2006362,5172,1
OK2006363,90,2
OK2006367,40,1
OK2006374,45,1
OK2006501,177,1
OK2006502,200,1
OK2006505,800,0
OK2006701,2500,1
OK2006704,1479,1
OK2006705,150,1
OK2006708,210,1
OK2006720,6899,0
OK2006756,450,0
OK2006759,136,0
OK2006905,1610,0
OK2006906,960,0
OK2006907,4600,1
OK2006969,6426,1
OK2007001,400,1
OK2007002,1200,0
OK2007003,11442,1
OK2007004,277,0
OK2007005,1198,0
OK2007006,1788,0
OK2007009,935,0
OK2007010,135,0
OK2007013,880,1
OK2007022,87,2
OK2007062,50,0
OK2007101,916,4
OK2007102,60,1
OK2007103,1110,5
OK2007104,375,4
OK2007107,1500,3
OK2007501,500,1
OK2007502,2903,4
OK2007503,524,1
OK2007505,2057,1
OK2007507,526,3
OK2007508,127,1
OK2007511,1032,1
OK2007603,5208,1
OK2007604,993,1
OK2007701,15000,1
OK2007706,315,0
OK2007707,755,1
OK2007708,185,0
OK2007709,1226,1
OK2007710,920,1
OK2007733,40,0
OK2007741,175,1
OK3000104,2000,0
OK3000105,1675,1
OK3000106,2598,1
OK3000107,1025,0
OK3000108,316,0
OK3000109,1596,0
OK3000202,156,0
OK3000303,1105,4
OK3000305,125,4
OK3000306,500,4
OK3000501,330,0
OK3000606,123,1
OK3000704,8325,2
OK3000725,990,0
OK3000805,1168,1
OK3000806,530,1
OK3000901,316,2
OK3000903,1700,1
OK3000909,618,3
OK3000911,25,1
OK3001004,131,0
OK3001118,413,1
OK3001119,273,0
OK3001125,99,1
OK3001126,418,0
OK3001203,373,2
OK3001209,235,4
OK3001214,850,4
OK3001414,34000,0
OK3001501,360,1
OK3001502,150,1
OK3001503,140,1
OK3001504,219,0
OK3001505,366,1
OK3001506,377,1
OK3001601,23000,0
OK3001602,2800,0
OK3001603,382,1
OK3001654,3000,2
OK3001659,47,0
OK3001664,50,0
OK3001669,50,0
OK3001675,134,1
OK3001676,1000,0
OK3001678,51,0
OK3001680,1200,1
OK3001681,25,0
OK3001687,42,0
OK3001701,150,2
OK3001702,320,2
OK3001801,315,1
OK3001802,4250,2
OK3001804,392,1
OK3001805,293,2
OK3001806,162,1
OK3001902,12788,2
OK3001904,5810,1
OK3001916,3500,1
OK3001920,575,1
OK3001921,148,1
OK3001933,114,1
OK3001934,250,1
OK3002001,345,0
OK3002004,748,0
OK3002011,437,1
OK3002109,877,1
OK3002134,465,0
OK3002135,100,1
OK3002138,400,2
OK3002142,293,1
OK3002157,750,1
OK3002201,436,1
OK3002401,405,0
OK3002402,3231,0
OK3002403,300,1
OK3002404,110,1
OK3002406,334,1
OK3002408,288,0
OK3002414,32,0
OK3002415,300,1
OK3002416,75,0
OK3002418,86,1
OK3002419,553,0
OK3002503,1340,1
OK3002505,1107,0
OK3002515,862,3
OK3002601,890,0
OK3002603,3930,1
OK3002703,400,1
OK3002706,200,1
OK3002707,100,1
OK3002801,188,0
OK3002802,175,1
OK3002901,206,0
OK3003101,560,4
OK3003112,564,4
OK3003201,1225,0
OK3003202,200,4
OK3003204,800,1
OK3003301,446,0
OK3003302,84,2
OK3003303,4617,2
OK3003304,205,3
OK3003309,607,5
OK3003310,230,2
OK3003311,425,4
OK3003401,8398,2
OK3003404,41,1
OK3003405,800,4
OK3003601,920,2
OK3003602,1000,0
OK3003603,765,3
OK3003604,50,1
OK3003605,1765,1
OK3003616,244,2
OK3003703,900,0
OK3003801,272,0
OK3003804,135,0
OK3003807,473,5
OK3003903,1500,4
OK3003904,2750,2
OK3003908,175,4
OK3004001,9077,2
OK3004003,1758,0
OK3004005,1817,4
OK3004006,1643,4
OK3004007,4700,3
OK3004009,3870,4
OK3004010,1593,0
OK3004011,302,0
OK3004012,450,3
OK3004013,2180,1
OK3004014,1002,0
OK3004015,7939,4
OK3004016,1400,2
OK3004040,1800,0
OK3004046,425,4
OK3004048,498,0
OK3004102,400,0
OK3004104,881,4
OK3004107,575,3
OK3004108,1044,0
OK3004109,266,4
OK3004201,258,0
OK3004202,201,0
OK3004203,225,1
OK3004513,1050,2
OK3004605,218,0
OK3004608,6280,1
OK3004610,43,1
OK3004611,8784,0
OK3004615,2100,0
OK3004616,3360,1
OK3004617,4183,1
OK3004627,538,1
OK3004636,315,0
OK3004637,450,0
OK3004708,473,0
OK3004709,550,2
OK3004710,2966,1
OK3004713,250,1
OK3004801,1847,1
OK3004804,1614,0
OK3004806,3842,1
OK3004809,150,2
OK3004810,354,3
OK3004811,792,2
OK3004812,971,1
OK3004814,755,3
OK3004817,600,1
OK3004820,999,1
OK3004903,920,3
OK3004907,1761,4
OK3004920,200,2
OK3004939,1900,4
OK3005002,1260,0
OK3005004,500,5
OK3005102,1000,3
OK3005103,1710,0
OK3005104,783,1
OK3005105,2550,5
OK3005106,2280,4
OK3005107,4135,5
OK3005118,250,4
OK3005119,300,4
OK3005122,250,4
OK3005127,450,4
OK3005134,60,4
OK3005201,142,1
OK3005203,2100,0
OK3005205,950,1
OK3005301,1580,0
OK3005302,225,2
OK3005303,205,4
OK3005304,500,1
OK3005305,790,1
OK3005307,70,2
OK3005308,450,2
OK3005309,600,4
OK3005321,1050,4
OK3005401,1823,3
OK3005402,2250,1
OK3005557,500,1
OK3005602,1913,2
OK3005603,240,1
OK3005604,2355,3
OK3005605,1890,3
OK3005606,2377,1
OK3005607,625,3
OK3005608,2357,2
OK3005610,1460,1
OK3005611,8370,2
OK3005613,917,4
OK3005701,450,0
OK3005704,930,1
OK3005717,100,4
OK3005721,561,4
OK3005736,6647,0
OK3005738,125,0
OK3005739,275,0
OK3005744,302,2
OK3005745,50,1
OK3005747,1800,0
OK3005748,700,0
OK3005752,150,0
OK3005801,433,1
OK3005902,225,1
OK3005911,685,2
OK3005913,415,2
OK3005921,1775,1
OK3005923,93,0
OK3006001,820,3
OK3006003,2500,0
OK3006030,3000,0
OK3006039,1227,2
OK3006040,478,1
OK3006101,2300,3
OK3006104,800,3
OK3006105,790,2
OK3006106,1268,2
OK3006107,872,3
OK3006108,2040,3
OK3006109,300,4
OK3006110,2000,3
OK3006111,889,2
OK3006112,4221,3
OK3006115,1750,3
OK3006123,1071,2
OK3006139,38,3
OK3006205,441,1
OK3006215,4863,0
OK3006218,1162,1
OK3006222,896,2
OK3006303,1200,0
OK3006310,402,4
OK3006311,375,4
OK3006314,313,0
OK3006402,959,4
OK3006403,1200,0
OK3006408,719,0
OK3006410,725,4
OK3006503,568,1
OK3006603,2750,2
OK3006604,3040,0
OK3006605,1037,0
OK3006606,3375,0
OK3006612,1589,2
OK3006628,1560,1
OK3006629,2668,0
OK3006631,445,2
OK3006648,176,0
OK3006650,10750,2
OK3006701,315,4
OK3006702,387,4
OK3006703,337,4
OK3006802,600,1
OK3006804,1040,1
OK3006806,2948,1
OK3006809,1750,0
OK3006812,1445,1
OK3006815,250,1
OK3006820,250,1
OK3007101,278,3
OK3007201,16924,0
OK3007202,1200,0
OK3007213,1400,0
OK3007218,23000,1
OK3007221,2475,0
OK3007223,12500,0
OK3007231,225,1
OK3007232,500,0
OK3007243,18750,1
OK3007251,500,1
OK3007305,153,2
OK3007306,2400,4
OK3007330,1500,2
OK3007338,106,4
OK3007351,767,3
OK3007401,1375,0
OK3007402,3490,2
OK3007403,2250,1
OK3007406,130,1
OK3007407,750,2
OK3007408,564,1
OK3007409,900,1
OK3007414,494,1
OK3007415,258,3
OK3007501,202,0
OK3007504,190,0
OK3007505,859,0
OK3007601,275,0
OK3007602,426,1
OK3007603,42,1
OK3007605,356,0
OK3007607,148,1
OK3007701,328,1
OK4001117,2300,0
OK4001118,3250,5
OK4001470,50,3
OK4001499,80,0
OK4002610,50,1
OK4002619,659,0
OK4002654,32,2
OK4002663,46,1
OK4004216,99,1
OK4005573,200,1
OK4005577,125,0
OK4005580,75,1
OK4005589,155,1
OK5002135,160,1
OK5005518,385,1
OK5005519,603,1
OK5005525,96,1
OK5005539,39,0
OK5005543,225,1
OK5005547,120,0
OK5005548,175,1
OK5005553,30,1
OK5005560,438,1
OK6002158,1295,0
OK6002161,100,1
OK6002168,55,1
OK6002173,62,2
OK7005529,200,1
OK7005566,1800,1
OK8005538,300,2
OK8005550,2100,0
OK8005579,318,1
OR4100001,400,0
OR4100002,159,3
OR4100003,875,0
OR4100004,130,1
OR4100006,40,0
OR4100012,57997,0
OR4100013,100,0
OR4100014,60,0
OR4100018,300,0
OR4100020,125,0
OR4100023,150,0
OR4100024,110,0
OR4100025,78,0
OR4100027,150,0
OR4100028,140,0
OR4100029,55,1
OR4100037,55,0
OR4100041,1810,1
OR4100042,46,0
OR4100043,63,0
OR4100045,215,1
OR4100046,628,0
OR4100047,20946,0
OR4100048,165,0
OR4100049,30,0
OR4100050,95,0
OR4100051,100,0
OR4100052,85,0
OR4100053,85,0
OR4100054,350,0
OR4100055,10181,0
OR4100057,575,0
OR4100058,310,0
OR4100059,300,0
OR4100060,350,1
OR4100061,1800,0
OR4100062,2580,0
OR4100063,1630,0
OR4100064,1238,0
OR4100065,4125,0
OR4100066,480,0
OR4100067,1133,0
OR4100068,350,0
OR4100069,140,0
OR4100071,112,1
OR4100073,10349,0
OR4100074,3000,0
OR4100076,2070,1
OR4100077,400,0
OR4100078,135,0
OR4100079,1400,0
OR4100080,500,0
OR4100081,88045,0
OR4100083,175,0
OR4100086,740,0
OR4100087,800,0
OR4100090,45,0
OR4100091,35332,0
OR4100094,470,0
OR4100100,77704,0
OR4100105,80,0
OR4100106,900,0
OR4100111,740,0
OR4100112,450,1
OR4100113,6469,0
OR4100114,70,0
OR4100117,62,0
OR4100118,100,0
OR4100121,80,1
OR4100122,120,0
OR4100123,300,0
OR4100124,350,1
OR4100125,150,0
OR4100129,310,1
OR4100130,5749,0
OR4100134,300,0
OR4100135,2500,1
OR4100138,250,0
OR4100139,40,0
OR4100140,180,0
OR4100141,83,0
OR4100142,400,0
OR4100143,100,0
OR4100144,170,0
OR4100149,7120,1
OR4100150,3150,0
OR4100151,125,1
OR4100152,1906,0
OR4100153,2730,1
OR4100154,443,0
OR4100157,18754,0
OR4100158,85,0
OR4100159,80,1
OR4100161,250,1
OR4100163,265,4
OR4100164,1710,0
OR4100165,666,1
OR4100168,45,0
OR4100169,1662,0
OR4100171,2270,1
OR4100172,1398,1
OR4100174,452,1
OR4100178,19785,0
OR4100180,76,0
OR4100184,730,0
OR4100186,950,0
OR4100187,29918,0
OR4100189,110,0
OR4100193,152,0
OR4100194,2188,0
OR4100195,90,0
OR4100196,300,0
OR4100199,600,1
OR4100200,1195,0
OR4100202,1500,2
OR4100203,1995,0
OR4100204,742,0
OR4100205,34500,0
OR4100209,50,1
OR4100213,3953,0
OR4100214,84,5
OR4100217,50,1
OR4100218,14490,0
OR4100220,27,0
OR4100221,65,1
OR4100222,250,0
OR4100223,90,0
OR4100224,91,0
OR4100225,61468,0
OR4100229,90,1
OR4100230,200,0
OR4100231,325,0
OR4100232,80,0
OR4100236,10879,0
OR4100237,45,0
OR4100238,255,0
OR4100239,63,5
OR4100240,168,2
OR4100244,900,0
OR4100246,5585,0
OR4100248,17911,0
OR4100250,124,2
OR4100251,100,0
OR4100252,2535,0
OR4100253,155,0
OR4100254,1398,0
OR4100257,100,1
OR4100259,1107,0
OR4100260,1194,2
OR4100261,610,0
OR4100262,2960,0
OR4100264,75,0
OR4100265,70,0
OR4100266,90,0
OR4100267,9554,0
OR4100268,165,2
OR4100270,632,0
OR4100273,1717,0
OR4100276,187,0
OR4100278,2107,0
OR4100279,5750,0
OR4100280,60,1
OR4100282,130,0
OR4100284,135,0
OR4100285,150,0
OR4100286,99,0
OR4100287,176000,0
OR4100289,110,0
OR4100290,150,0
OR4100291,175,0
OR4100292,35,1
OR4100295,80,1
OR4100296,9963,1
OR4100297,1051,0
OR4100299,9561,0
OR4100301,4921,0
OR4100302,200,0
OR4100304,34,1
OR4100305,26838,0
OR4100306,250,0
OR4100307,470,0
OR4100311,837,0
OR4100312,625,0
OR4100313,2500,0
OR4100315,200,2
OR4100317,220,0
OR4100318,1780,0
OR4100319,2571,0
OR4100320,440,0
OR4100321,12121,1
OR4100323,864,0
OR4100324,5609,0
OR4100326,1523,0
OR4100329,1500,0
OR4100333,1335,0
OR4100335,25,0
OR4100336,200,0
OR4100337,300,2
OR4100338,2500,0
OR4100340,175,1
OR4100341,80,0
OR4100342,37138,0
OR4100343,70,0
OR4100344,44,1
OR4100348,250,0
OR4100349,50,0
OR4100350,60,0
OR4100354,140,0
OR4100356,184,0
OR4100357,73932,0
OR4100358,138,0
OR4100359,2954,0
OR4100360,1510,0
OR4100361,1200,0
OR4100362,395,0
OR4100363,346,0
OR4100364,800,0
OR4100366,3684,1
OR4100367,250,1
OR4100368,190,0
OR4100369,1187,0
OR4100370,43,0
OR4100371,290,0
OR4100372,20000,0
OR4100374,100,2
OR4100375,70,0
OR4100381,92,0
OR4100382,1645,0
OR4100384,75,0
OR4100385,8577,0
OR4100386,5973,0
OR4100387,6000,0
OR4100389,3478,0
OR4100391,100,0
OR4100392,60,1
OR4100393,510,0
OR4100394,168,1
OR4100399,10300,0
OR4100402,330,1
OR4100403,2133,0
OR4100405,3012,0
OR4100406,95,0
OR4100407,65,0
OR4100408,3348,0
OR4100409,65,1
OR4100410,1617,0
OR4100411,175,0
OR4100414,1182,0
OR4100418,7000,0
OR4100419,45,1
OR4100421,250,0
OR4100422,65,0
OR4100423,60,0
OR4100425,290,0
OR4100431,114,1
OR4100437,180,0
OR4100438,250,0
OR4100439,250,0
OR4100443,40475,0
OR4100446,150,1
OR4100450,110,1
OR4100452,4423,0
OR4100453,13460,0
OR4100454,1166,0
OR4100455,96,0
OR4100457,40000,0
OR4100458,225,0
OR4100459,310,0
OR4100460,3100,0
OR4100461,4000,0
OR4100462,250,0
OR4100463,1800,0
OR4100464,2476,1
OR4100466,220,1
OR4100472,114,0
OR4100473,18945,0
OR4100474,125,0
OR4100475,126,0
OR4100476,150,0
OR4100477,60,0
OR4100479,255,0
OR4100482,275,1
OR4100483,20830,0
OR4100490,173,0
OR4100491,350,0
OR4100492,1264,0
OR4100493,1300,0
OR4100497,34515,0
OR4100498,150,0
OR4100500,3940,0
OR4100501,11700,0
OR4100504,815,1
OR4100505,3200,0
OR4100506,600,0
OR4100507,600,1
OR4100508,600,0
OR4100510,420,1
OR4100513,106068,0
OR4100514,135,1
OR4100515,55,0
OR4100517,100,0
OR4100518,907,0
OR4100520,1830,0
OR4100521,90,0
OR4100522,7145,0
OR4100523,200,0
OR4100525,115,2
OR4100528,20946,0
OR4100533,138,0
OR4100534,10298,0
OR4100537,11651,0
OR4100538,2738,0
OR4100540,723,3
OR4100541,115,1
OR4100542,350,0
OR4100543,468,0
OR4100544,3650,0
OR4100546,510,0
OR4100547,700,0
OR4100548,140,0
OR4100549,3500,0
OR4100550,3501,0
OR4100551,2656,0
OR4100552,150,0
OR4100554,1700,0
OR4100556,1800,1
OR4100557,25138,0
OR4100558,75,0
OR4100560,250,0
OR4100561,38,0
OR4100562,70,0
OR4100564,45,0
OR4100565,39,2
OR4100566,10439,0
OR4100567,200,0
OR4100568,152,1
OR4100573,60,0
OR4100575,65,1
OR4100576,3663,0
OR4100577,501,0
OR4100579,3285,0
OR4100581,954,0
OR4100582,3200,0
OR4100583,49,0
OR4100585,500,1
OR4100587,14465,0
OR4100588,60,4
OR4100594,19928,0
OR4100599,180,0
OR4100601,172,1
OR4100602,79,1
OR4100603,800,0
OR4100605,362,0
OR4100606,75,0
OR4100608,175,0
OR4100609,1000,0
OR4100610,80,0
OR4100611,245,0
OR4100612,867,0
OR4100613,16996,0
OR4100614,75,0
OR4100615,125,0
OR4100616,75,0
OR4100617,150,0
OR4100619,50,0
OR4100624,4670,0
OR4100625,5900,0
OR4100626,1326,0
OR4100628,150,0
OR4100629,135,0
OR4100630,300,1
OR4100632,120,0
OR4100635,50003,0
OR4100638,900,1
OR4100639,800,1
OR4100644,340,0
OR4100653,1500,0
OR4100657,666200,0
OR4100660,11000,0
OR4100661,1034,0
OR4100662,212,0
OR4100665,224600,0
OR4100667,4500,0
OR4100668,65443,0
OR4100670,1200,0
OR4100672,712,0
OR4100673,841,0
OR4100680,60,0
OR4100681,400,0
OR4100682,11000,0
OR4100683,110,0
OR4100688,45,2
OR4100689,1932,0
OR4100690,85,1
OR4100691,50,0
OR4100692,70,2
OR4100693,37566,0
OR4100694,80,0
OR4100695,240,0
OR4100696,135,0
OR4100697,100,0
OR4100699,4836,2
OR4100702,980,1
OR4100703,165,2
OR4100704,1650,1
OR4100705,575,0
OR4100706,1224,0
OR4100707,75,1
OR4100708,1400,0
OR4100712,2345,0
OR4100714,161,1
OR4100715,35,1
OR4100717,7000,0
OR4100719,9499,1
OR4100720,28800,0
OR4100722,350,1
OR4100723,270,0
OR4100724,13410,0
OR4100725,2500,0
OR4100726,2050,0
OR4100727,434,0
OR4100730,105,0
OR4100731,199820,0
OR4100733,300,1
OR4100741,75,0
OR4100743,55,0
OR4100744,38585,0
OR4100745,452,0
OR4100746,60,0
OR4100748,300,1
OR4100755,561,2
OR4100757,200,0
OR4100762,70,0
OR4100765,100,1
OR4100768,13900,0
OR4100770,220,0
OR4100772,110,0
OR4100774,165,0
OR4100776,195,0
OR4100779,150,0
OR4100781,250,1
OR4100782,100,0
OR4100783,381,0
OR4100784,54,0
OR4100786,200,4
OR4100787,45,1
OR4100789,12991,1
OR4100791,100,1
OR4100792,8710,1
OR4100793,90,0
OR4100795,900,1
OR4100796,40,1
OR4100797,421,1
OR4100798,6000,0
OR4100799,7482,0
OR4100802,200,0
OR4100804,160,1
OR4100805,100,2
OR4100807,200,0
OR4100808,132,1
OR4100810,31,0
OR4100811,6494,0
OR4100812,350,0
OR4100816,19885,0
OR4100821,1235,0
OR4100823,10484,1
OR4100824,40,0
OR4100825,45,0
OR4100826,3778,0
OR4100827,90,1
OR4100828,500,0
OR4100831,60,0
OR4100832,139,0
OR4100833,275,0
OR4100835,200,0
OR4100836,84,0
OR4100837,62100,0
OR4100839,6300,1
OR4100840,125,1
OR4100841,38,0
OR4100842,2115,0
OR4100843,8400,0
OR4100844,3140,0
OR4100845,208,0
OR4100846,4300,0
OR4100847,8060,0
OR4100851,10322,0
OR4100854,24,2
OR4100857,6293,0
OR4100860,1400,0
OR4100861,150,0
OR4100862,4000,0
OR4100863,60,1
OR4100867,4500,1
OR4100869,13010,0
OR4100871,300,0
OR4100872,130,0
OR4100878,62500,0
OR4100881,150,0
OR4100882,170,0
OR4100884,936,0
OR4100885,60,0
OR4100886,310,0
OR4100887,1930,1
OR4100888,60,0
OR4100889,255,0
OR4100890,1052,0
OR4100892,440,0
OR4100893,5265,0
OR4100895,299,0
OR4100898,180,0
OR4100899,3645,0
OR4100901,16185,0
OR4100902,360,2
OR4100904,4388,0
OR4100906,28106,0
OR4100907,2866,0
OR4100909,900,0
OR4100910,150,1
OR4100911,97,4
OR4100912,218,0
OR4100913,235,0
OR4100914,8256,0
OR4100915,2162,0
OR4100917,1837,0
OR4100919,275,0
OR4100920,5200,0
OR4100922,2100,0
OR4100923,50,0
OR4100925,3000,0
OR4100926,2300,0
OR4100929,32,0
OR4100930,840,0
OR4100931,130,0
OR4100932,9100,0
OR4100933,170,1
OR4100935,460,1
OR4100936,1500,0
OR4100937,60,0
OR4100939,268,0
OR4100941,78,0
OR4100942,40,0
OR4100944,28000,0
OR4100945,100,0
OR4100947,175,0
OR4100949,714,0
OR4100950,550,0
OR4100951,188,0
OR4100952,400,0
OR4100953,2239,0
OR4100954,25915,0
OR4100957,8300,0
OR4100958,1050,1
OR4100959,29455,0
OR4100960,750,0
OR4100962,88,0
OR4100964,70,2
OR4100966,1006,0
OR4100968,1199,0
OR4100970,1735,0
OR4100971,2160,0
OR4100972,34,0
OR4100975,276,0
OR4100977,39,1
OR4100978,202,0
OR4100982,50,1
OR4100983,70,2
OR4100984,100,0
OR4100985,1628,0
OR4100988,34,1
OR4100990,52,0
OR4100991,99,0
OR4100992,50,0
OR4100994,325,0
OR4100995,31,0
OR4100996,60,0
OR4100997,120,0
OR4100998,75,2
OR4100999,28,2
OR4101002,60,0
OR4101003,94,0
OR4101004,45,0
OR4101005,125,0
OR4101007,90,0
OR4101009,42,1
OR4101012,50,0
OR4101013,88,1
OR4101020,70,0
OR4101021,57,0
OR4101022,80,1
OR4101023,55,0
OR4101025,39,3
OR4101031,70,0
OR4101032,150,0
OR4101033,155,0
OR4101035,75,0
OR4101037,60,0
OR4101041,40,0
OR4101043,50,0
OR4101044,450,0
OR4101045,150,0
OR4101046,90,0
OR4101050,60,0
OR4101052,150,0
OR4101053,600,0
OR4101054,200,0
OR4101059,3000,0
OR4101062,115,0
OR4101063,260,0
OR4101065,60,0
OR4101067,72,1
OR4101068,550,0
OR4101070,120,0
OR4101073,30,0
OR4101075,559,1
OR4101080,200,0
OR4101094,150,1
OR4101095,291,0
OR4101096,740,0
OR4101097,289,0
OR4101099,300,0
OR4101104,150,0
OR4101105,60,0
OR4101109,550,0
OR4101119,160,2
OR4101122,140,1
OR4101123,60,0
OR4101125,95,0
OR4101126,85,0
OR4101128,78,0
OR4101129,60,0
OR4101131,140,2
OR4101138,100,1
OR4101139,160,5
OR4101143,108,1
OR4101144,130,1
OR4101145,400,0
OR4101148,110,1
OR4101149,2655,0
OR4101150,165,0
OR4101153,75,0
OR4101154,60,3
OR4101155,120,0
OR4101157,71,0
OR4101158,100,1
OR4101159,80,1
OR4101160,180,0
OR4101163,130,0
OR4101165,40,5
OR4101169,148,1
OR4101171,70,0
OR4101172,375,4
OR4101173,450,0
OR4101174,800,1
OR4101175,140,1
OR4101177,80,0
OR4101181,1800,0
OR4101182,175,0
OR4101184,50,0
OR4101191,58,1
OR4101194,60,0
OR4101195,335,0
OR4101200,136,0
OR4101201,75,1
OR4101203,585,0
OR4101207,75,0
OR4101208,183,0
OR4101209,96,1
OR4101214,110,0
OR4101216,33,0
OR4101217,32,0
OR4101221,30,0
OR4101222,300,0
OR4101223,200,0
OR4101230,190,0
OR4101231,320,0
OR4101232,432,0
OR4101233,90,1
OR4101241,60,0
OR4101243,550,0
OR4101246,497,2
OR4101251,125,0
OR4101252,150,1
OR4101254,65,2
OR4101256,100,0
OR4101258,30,0
OR4101259,130,0
OR4101260,45,1
OR4101262,350,0
OR4101264,26,1
OR4101267,300,0
OR4101276,34,0
OR4101282,80,1
OR4101285,275,0
OR4101288,90,0
OR4101289,300,0
OR4101292,90,0
OR4101296,80,0
OR4101304,100,0
OR4101305,428,0
OR4101309,150,0
OR4101310,80,1
OR4101311,70,0
OR4101317,130,0
OR4101322,120,0
OR4101323,40,0
OR4101324,56,0
OR4101326,42,0
OR4101327,352,1
OR4101329,250,0
OR4101330,33,0
OR4101334,150,0
OR4101339,99,0
OR4101344,160,0
OR4101345,40,0
OR4101346,75,0
OR4101350,50,0
OR4101351,225,0
OR4101352,91,1
OR4101353,40,0
OR4101354,250,0
OR4101355,400,0
OR4101358,90,0
OR4101361,80,0
OR4101366,60,0
OR4101367,45,0
OR4101371,150,0
OR4101373,80,0
OR4101375,90,0
OR4101381,47,0
OR4101382,120,0
OR4101386,50,0
OR4101388,468,0
OR4101392,710,3
OR4101397,165,0
OR4101398,45,0
OR4101399,59,1
OR4101401,430,1
OR4101402,285,1
OR4101403,104,0
OR4101405,350,0
OR4101411,45,0
OR4101415,125,0
OR4101416,26,0
OR4101418,250,0
OR4101419,35,0
OR4101420,350,0
OR4101423,90,1
OR4101424,33,2
OR4101426,50,0
OR4101428,165,0
OR4101429,300,0
OR4101431,31,0
OR4101434,26,0
OR4101437,60,0
OR4101438,26,0
OR4101439,3153,0
OR4101441,450,0
OR4101443,60,0
OR4101448,300,2
OR4101449,70,1
OR4101450,40,1
OR4101456,113,0
OR4101457,380,1
OR4101460,150,0
OR4101461,60,1
OR4101463,40,0
OR4101464,110,0
OR4101465,75,1
OR4101466,104,0
OR4101467,44,0
OR4101470,258,0
OR4101471,150,0
OR4101472,75,0
OR4101474,25,0
OR4101475,770,0
OR4101476,150,0
OR4101478,2526,0
OR4101480,70,1
OR4101483,85,0
OR4101484,45,0
OR4101488,75,1
OR4101495,40,1
OR4101496,2807,0
OR4101498,155,0
OR4101500,65,0
OR4101501,45,0
OR4101502,39,0
OR4101503,250,0
OR4101506,1200,0
OR4101507,80,0
OR4101508,40,0
OR4101509,75,0
OR4101510,74,0
OR4101511,33940,0
OR4101512,30000,1
OR4101513,92632,0
OR4101514,200,0
OR4101515,340,2
OR4101516,35,0
OR4101517,60,0
OR4101518,130,2
OR4101519,40,3
OR4101520,1000,0
OR4101521,400,0
OR4101522,60,0
OR4101523,150,0
OR4101525,170,0
OR4101527,90,2
OR4101528,72,1
OR4101533,2615,0
OR4101534,41,0
OR4101537,160,0
OR4101538,25,0
OR4101539,153,0
OR4101543,30,0
OR4101548,30,0
OR4101549,600,0
OR4101551,66,0
OR4101553,126,0
OR4101555,28,0
OR4101560,221,0
OR4101564,28,0
OR4101565,50,0
OR4101567,50,0
OR4105069,35,0
OR4105086,150,2
OR4105108,32,1
OR4105114,60,2
OR4105117,45,1
OR4105157,97,0
OR4105159,32,0
OR4105200,80,0
OR4105239,41,0
OR4105252,40,0
OR4105258,41,0
OR4105290,30,0
OR4105302,27,1
OR4105308,90,0
OR4105317,29,0
OR4105364,60,0
OR4105372,30,0
OR4105384,38,1
OR4105392,40,1
OR4105395,50,0
OR4105398,32,0
OR4105410,70,1
OR4105426,30,0
OR4105548,50,0
OR4105553,260,1
OR4105562,34,0
OR4105567,71,0
OR4105581,36,3
OR4105730,120,0
OR4105734,80,0
OR4105737,45,1
OR4105782,28,1
OR4105798,200,1
OR4105854,40,2
OR4105860,56,1
OR4105879,60,1
OR4105917,38,0
OR4105940,20,1
OR4105946,70,0
OR4105949,70,0
OR4105998,78,0
OR4106024,33,0
OR4106041,55,0
OR4106047,46,0
OR4106049,35,0
OR4106054,30,1
OR4106090,70,0
OR4106110,58,0
OR4106113,33,1
OR4106114,80,1
OR4106118,84,0
OR4106138,54,0
OR4106154,18,0
OR4106155,30,4
OR4106166,60,0
OR4106203,80,0
OR4106213,20,0
OR4190159,37,0
OR4190170,150,0
OR4190192,285,0
OR4190269,160,0
OR4190661,36,1
OR4190668,50,0
OR4190670,175,0
OR4190906,50,0
OR4190921,82,1
OR4191232,60,0
OR4191531,65,1
OR4191535,60,0
OR4191540,100,0
OR4191541,60,0
OR4191556,33,4
OR4191717,203,0
OR4191894,60,0
OR4191919,72,0
OR4192048,69,1
OR4192063,48,0
OR4192104,90,0
OR4192123,32,0
OR4193461,150,0
OR4193688,70,2
OR4193698,200,0
OR4193784,450,0
OR4193797,48,0
OR4194026,40,0
OR4194151,52,0
OR4194214,135,0
OR4194256,59,0
OR4194280,62,1
OR4194398,64,3
OR4194454,60,0
OR4194489,108,2
OR4194548,200,1
OR4194556,70,0
OR4194601,200,0
OR4194761,100,2
OR4194910,72,0
OR4194998,45,1
OR4195017,50,0
OR4195063,225,0
OR4195088,25,0
OR4195168,97,1
OR4195210,50,0
OR4195241,275,0
OR4195304,27,2
OR4195342,30,1
OR4195560,110,0
OR4195699,46,0
PA1090001,28727,0
PA1090002,190,1
PA1090005,5900,0
PA1090007,920,0
PA1090017,130,0
PA1090022,24400,0
PA1090026,63007,0
PA1090030,300,0
PA1090037,13342,1
PA1090040,650,0
PA1090043,38500,0
PA1090044,25,0
PA1090046,15000,0
PA1090048,30,0
PA1090049,56,1
PA1090050,60,0
PA1090052,750,0
PA1090053,62,0
PA1090055,40,0
PA1090057,1450,0
PA1090058,980,1
PA1090060,120,1
PA1090063,16000,2
PA1090064,600,0
PA1090069,36000,0
PA1090070,21588,0
PA1090074,33171,0
PA1090078,59001,0
PA1090079,52621,3
PA1090081,8700,0
PA1090082,12800,0
PA1090089,36750,0
PA1090091,974,2
PA1090093,2100,0
PA1090097,900,0
PA1090098,700,0
PA1090099,160,0
PA1090101,90,0
PA1090102,75,0
PA1090103,97,0
PA1090104,3042,1
PA1090106,175,0
PA1090107,2200,0
PA1090117,5770,0
PA1090121,25,0
PA1090122,1800,0
PA1090123,281,0
PA1090125,4497,0
PA1090127,14699,0
PA1090128,8655,0
PA1090129,2100,0
PA1090130,3017,0
PA1090131,6800,0
PA1090133,1295,0
PA1090135,150,0
PA1090137,4760,0
PA1090138,714,0
PA1090140,750,0
PA1090144,2605,0
PA1090147,600,0
PA1090148,1704,0
PA1090153,960,0
PA1090157,1284,0
PA1090158,300,0
PA1090159,4150,0
PA1090160,220,0
PA1090162,300,0
PA1090163,452,0
PA1090164,99,0
PA1090165,25,0
PA1150002,95,0
PA1150004,300,1
PA1150005,1108,0
PA1150006,675,0
PA1150007,120,1
PA1150011,250,0
PA1150013,151,0
PA1150015,50,0
PA1150017,70,0
PA1150019,160,0
PA1150020,80,0
PA1150026,9900,0
PA1150029,75,0
PA1150030,130,0
PA1150035,35518,0
PA1150039,140,0
PA1150044,930,0
PA1150049,95,0
PA1150051,550,1
PA1150065,60,4
PA1150066,5280,0
PA1150069,250,1
PA1150070,54,1
PA1150077,16599,1
PA1150078,70,0
PA1150081,40,0
PA1150083,200,1
PA1150089,8151,0
PA1150094,461,0
PA1150098,48600,0
PA1150105,2873,0
PA1150106,36960,0
PA1150108,6328,0
PA1150109,1406,0
PA1150126,265,1
PA1150127,2892,1
PA1150131,440,1
PA1150137,8800,0
PA1150144,180,0
PA1150145,129,0
PA1150150,30,1
PA1150157,98,0
PA1150164,87,0
PA1150165,4770,0
PA1150166,49508,0
PA1150168,100,0
PA1150177,473,0
PA1150183,91,0
PA1150186,2000,0
PA1150189,60,1
PA1150190,80,1
PA1150191,1641,0
PA1150195,1600,0
PA1150200,55,1
PA1150202,99,1
PA1150204,120,2
PA1150208,65,0
PA1150209,250,0
PA1150210,130,0
PA1150213,180,0
PA1150215,900,0
PA1150216,450,1
PA1150220,2907,0
PA1150223,152,0
PA1150224,29,1
PA1150226,45,0
PA1150834,900,1
PA1230004,140437,0
PA1230006,196,1
PA1230012,7809,0
PA1230026,40,0
PA1230886,53,0
PA1460005,112,0
PA1460006,32,0
PA1460007,150,0
PA1460008,1200,0
PA1460010,72,0
PA1460012,25,0
PA1460015,810,0
PA1460020,20000,0
PA1460022,8470,0
PA1460023,3100,0
PA1460025,90,0
PA1460027,323,0
PA1460028,12901,0
PA1460030,130,0
PA1460033,26000,0
PA1460034,91941,0
PA1460035,250,0
PA1460036,4600,0
PA1460037,36000,2
PA1460038,220,0
PA1460039,2500,0
PA1460042,5200,0
PA1460046,88885,0
PA1460048,72496,0
PA1460050,7700,0
PA1460055,8200,0
PA1460062,315,0
PA1460064,165,2
PA1460068,1100,0
PA1460069,3600,0
PA1460071,139,0
PA1460073,822600,1
PA1460075,640,0
PA1460077,1300,0
PA1460085,11400,0
PA1460086,50,0
PA1460087,508,0
PA1460092,500,1
PA1510001,1600000,0
PA2080002,90,0
PA2080003,2050,0
PA2080004,80,0
PA2080007,360,0
PA2080009,93,1
PA2080010,336,0
PA2080011,65,0
PA2080012,65,0
PA2080013,100,0
PA2080015,84,0
PA2080017,43,0
PA2080019,200,0
PA2080020,1362,0
PA2080023,23,0
PA2080025,100,1
PA2080027,300,0
PA2080028,15569,0
PA2080029,5000,1
PA2080030,1763,0
PA2080032,500,0
PA2080033,700,0
PA2080034,700,0
PA2350002,80,0
PA2350004,904,0
PA2350005,150,0
PA2350010,75,0
PA2350012,275,1
PA2350013,120,0
PA2350014,99,0
PA2350019,150,0
PA2350025,150,0
PA2350026,370,0
PA2350027,600,0
PA2350028,747,1
PA2350029,145,0
PA2350032,330,0
PA2350033,175,1
PA2350034,300,0
PA2350039,168,2
PA2350043,97,1
PA2350051,353,1
PA2350053,500,0
PA2350054,117,1
PA2350055,382,0
PA2350056,77,0
PA2350057,556,0
PA2350061,60,1
PA2350062,150,0
PA2350063,48,1
PA2350065,68,0
PA2350066,55,0
PA2350070,120,0
PA2359001,12560,0
PA2359006,2851,0
PA2359008,137142,0
PA2359014,3188,0
PA2400003,490,2
PA2400007,63,0
PA2400008,55,0
PA2400012,112,0
PA2400017,95,0
PA2400023,500,1
PA2400027,91,1
PA2400029,250,0
PA2400031,98,2
PA2400034,340,0
PA2400036,150,2
PA2400038,384,0
PA2400039,86,0
PA2400041,175,1
PA2400042,25,0
PA2400043,99,2
PA2400048,3230,0
PA2400049,80,1
PA2400050,280,1
PA2400051,480,0
PA2400052,86,1
PA2400053,386,0
PA2400054,4610,0
PA2400055,200,1
PA2400060,60,0
PA2400063,25,1
PA2400066,165,0
PA2400068,75,0
PA2400070,125,0
PA2400072,69,0
PA2400073,91,0
PA2400076,7563,1
PA2400078,420,0
PA2400079,150,0
PA2400083,95,0
PA2400085,107,0
PA2400088,150,0
PA2400089,203,0
PA2400090,2900,0
PA2400091,3472,0
PA2400095,434,0
PA2400096,79,1
PA2400101,82,0
PA2400102,175,0
PA2400103,200,0
PA2400104,2450,0
PA2400107,85,0
PA2400108,1200,0
PA2400109,375,0
PA2400111,552,0
PA2400113,90,0
PA2400114,2646,0
PA2400115,628,0
PA2400116,66,2
PA2400117,100,0
PA2400126,60,0
PA2400128,195,0
PA2400136,47,0
PA2400139,118,0
PA2400140,1383,0
PA2400142,65,1
PA2400144,106,0
PA2400146,140,0
PA2400147,222,0
PA2400149,442,0
PA2401021,1291,0
PA2408001,45000,0
PA2408007,1017,0
PA2408011,125,0
PA2408012,275,0
PA2409002,58467,0
PA2409003,9773,0
PA2409010,52640,0
PA2409011,52002,0
PA2409013,11987,0
PA2450002,229,1
PA2450004,50,0
PA2450005,118,3
PA2450006,100,1
PA2450008,389,0
PA2450009,100,0
PA2450010,30,0
PA2450012,50,0
PA2450015,1200,2
PA2450018,54,0
PA2450020,876,0
PA2450022,850,1
PA2450023,13000,3
PA2450025,34,0
PA2450027,150,0
PA2450028,129,0
PA2450033,160,0
PA2450034,30000,0
PA2450038,50,1
PA2450039,1450,0
PA2450040,300,0
PA2450044,1500,0
PA2450049,3200,0
PA2450053,3800,0
PA2450054,120,0
PA2450056,309,0
PA2450063,17860,0
PA2450064,300,0
PA2450065,4300,1
PA2450068,172,1
PA2450070,389,0
PA2450076,84,3
PA2450079,95,0
PA2450080,310,3
PA2450083,100,2
PA2450084,77,0
PA2450086,500,0
PA2450087,108,0
PA2450088,65,1
PA2450089,80,1
PA2450092,95,2
PA2450093,541,0
PA2450097,60,0
PA2450098,60,0
PA2450099,600,0
PA2450104,60,4
PA2450105,740,0
PA2450106,48,0
PA2450107,36,0
PA2450111,70,2
PA2450113,1100,0
PA2450115,187,1
PA2450117,99,3
PA2450119,1580,0
PA2450122,2100,0
PA2450123,60,3
PA2450124,330,1
PA2450129,171,1
PA2450133,1753,0
PA2450136,45,0
PA2450138,48,3
PA2450140,70,2
PA2450141,440,0
PA2450142,84,0
PA2450143,50,0
PA2450146,50,0
PA2450147,30,0
PA2450766,90,0
PA2520005,45,0
PA2520031,70,3
PA2520033,8321,1
PA2520034,2943,0
PA2520035,1048,0
PA2520036,1100,0
PA2520037,6533,0
PA2520040,121,1
PA2520042,73,0
PA2520044,2900,1
PA2520046,2420,0
PA2520048,90,0
PA2520051,300,0
PA2520052,110,0
PA2520054,225,2
PA2520056,100,0
PA2520058,150,1
PA2520061,80,0
PA2520062,7016,0
PA2520065,1321,0
PA2520066,690,0
PA2520070,1200,1
PA2520073,39,0
PA2520075,204,0
PA2520085,468,0
PA2520086,93,1
PA2520087,35,0
PA2520089,140,0
PA2520091,125,0
PA2520092,125,0
PA2520095,50,0
PA2520096,2450,0
PA2520100,89,0
PA2520103,120,0
PA2520107,500,1
PA2520110,53,1
PA2520201,179,2
PA2520207,115,1
PA2520208,75,0
PA2520209,101,0
PA2520981,169,0
PA2521031,58,0
PA2570001,100,0
PA2570003,400,0
PA2570004,325,0
PA2570005,425,1
PA2580001,90,0
PA2580010,44,0
PA2580012,174,0
PA2580015,51,0
PA2580019,979,0
PA2580021,77,0
PA2580022,40,0
PA2580023,1890,0
PA2580024,4230,0
PA2580025,563,0
PA2580026,225,0
PA2580027,100,0
PA2580035,90,1
PA2580036,47,1
PA2580038,40,1
PA2580039,325,1
PA2580040,90,0
PA2580042,96,1
PA2580046,77,0
PA2580047,50,0
PA2580048,150,0
PA2590006,50,0
PA2590008,130,1
PA2590013,85,1
PA2590017,40,0
PA2590018,57,0
PA2590029,75,0
PA2590031,615,0
PA2590033,1650,0
PA2590035,2660,0
PA2590036,590,0
PA2590038,4100,0
PA2590041,64,0
PA2590042,8225,0
PA2590043,1300,0
PA2590044,325,0
PA2590045,400,0
PA2590048,220,0
PA2590049,400,0
PA2590050,691,0
PA2590051,300,3
PA2590053,200,3
PA2590812,3000,0
PA2640004,144,0
PA2640006,85,0
PA2640008,48,0
PA2640010,41,0
PA2640012,200,0
PA2640014,115,0
PA2640015,100,0
PA2640017,90,0
PA2640018,5500,0
PA2640019,86,3
PA2640020,3200,0
PA2640022,350,0
PA2640023,499,2
PA2640024,86,0
PA2640025,3775,0
PA2640028,1800,0
PA2640031,160,0
PA2640032,1100,0
PA2640036,2200,1
PA2640042,44,2
PA2640044,400,0
PA2640046,200,1
PA2640047,1100,0
PA2640048,800,0
PA2640049,263,1
PA2640050,75,1
PA2640051,320,0
PA2640052,300,0
PA2640054,62,0
PA2640055,35,0
PA2640056,44,0
PA2640057,124,0
PA2640063,57,0
PA2640064,60,0
PA2640065,99,0
PA2640066,200,3
PA2640299,66,2
PA2640703,100,0
PA2640846,180,1
PA2640905,130,1
PA2660004,63,0
PA2660006,25,1
PA2660008,62,0
PA2660010,563,1
PA2660011,789,0
PA2660012,315,0
PA2660014,5349,0
PA2660015,150,1
PA2660016,300,0
PA2660017,625,0
PA2660018,210,0
PA2660019,415,0
PA2660020,85,0
PA2660024,76,0
PA2660027,92,1
PA2660031,273,2
PA2660033,280,4
PA2660034,32,2
PA2660035,76,0
PA2660036,2323,0
PA2660037,83,0
PA2660039,3100,0
PA2660042,39,0
PA2660043,38,0
PA2660044,65,0
PA2660047,28,0
PA2660050,38,0
PA2660054,30,0
PA2660334,50,0
PA2660950,233,0
PA3060002,2146,0
PA3060004,61,0
PA3060005,84,0
PA3060010,5353,1
PA3060012,7505,0
PA3060013,425,1
PA3060015,50,0
PA3060016,44,1
PA3060018,5100,0
PA3060026,29,0
PA3060028,50,1
PA3060029,4218,0
PA3060030,200,0
PA3060031,240,0
PA3060032,650,1
PA3060034,90,0
PA3060035,4990,0
PA3060036,300,0
PA3060037,710,0
PA3060038,22400,0
PA3060040,95,0
PA3060041,14200,0
PA3060042,47,0
PA3060043,1050,0
PA3060044,89,0
PA3060045,1800,0
PA3060047,2300,0
PA3060048,98,0
PA3060052,4245,0
PA3060053,2204,0
PA3060058,50,1
PA3060059,95100,1
PA3060061,450,0
PA3060064,300,0
PA3060065,90,0
PA3060066,75,0
PA3060067,13300,2
PA3060068,30,0
PA3060069,28508,0
PA3060070,80,0
PA3060072,2069,0
PA3060073,60,0
PA3060076,7920,0
PA3060078,4300,1
PA3060080,7070,0
PA3060081,8000,2
PA3060082,10400,0
PA3060083,8500,0
PA3060085,1010,0
PA3060087,375,0
PA3060088,24951,0
PA3060092,200,1
PA3060094,410,0
PA3060095,771,0
PA3060096,500,0
PA3060098,2598,1
PA3060100,2150,0
PA3060105,75,1
PA3060106,50,2
PA3060108,120,0
PA3060112,70,0
PA3060113,90,2
PA3060115,1350,0
PA3060118,215,0
PA3060123,145,1
PA3060126,100,0
PA3060127,156,0
PA3060129,135,0
PA3060131,60,0
PA3060132,49,0
PA3060133,214,0
PA3060134,600,0
PA3060135,626,0
PA3060136,50,0
PA3060137,250,0
PA3060141,80,0
PA3061153,75,0
PA3130002,968,0
PA3130004,9300,0
PA3130006,265,2
PA3130008,145,0
PA3130009,9000,0
PA3130011,152,0
PA3130012,7000,0
PA3130013,2890,1
PA3130015,2612,1
PA3130017,130,0
PA3130021,900,0
PA3130022,210,0
PA3130026,2850,0
PA3130027,63,1
PA3130029,90,0
PA3130030,150,2
PA3130031,90,0
PA3130035,41,1
PA3130037,490,3
PA3130038,50,0
PA3130040,450,4
PA3130043,2853,0
PA3130044,2274,0
PA3130049,125,1
PA3130050,114,0
PA3130051,461,0
PA3130052,60,2
PA3130053,500,1
PA3130054,132,0
PA3390001,40,0
PA3390005,68,0
PA3390010,65,0
PA3390011,90,0
PA3390018,375,0
PA3390020,570,0
PA3390024,118000,0
PA3390028,268,0
PA3390031,90,0
PA3390032,14000,1
PA3390033,3039,0
PA3390035,122,0
PA3390036,40,0
PA3390039,4450,1
PA3390044,6598,0
PA3390045,2117,0
PA3390046,2570,0
PA3390047,509,0
PA3390049,164,0
PA3390055,2910,0
PA3390062,8522,0
PA3390065,14500,0
PA3390068,645,0
PA3390073,47693,0
PA3390075,1046,0
PA3390076,256,0
PA3390077,7300,0
PA3390078,965,0
PA3390079,475,0
PA3390080,88,0
PA3390081,13063,0
PA3390085,158,0
PA3390087,1300,0
PA3390089,600,0
PA3390090,1475,0
PA3390091,130,0
PA3390093,2000,0
PA3390097,520,0
PA3390113,90,0
PA3390115,290,0
PA3391001,1392,0
PA3391038,44,2
PA3480006,48,3
PA3480007,33,2
PA3480008,60,2
PA3480011,53,0
PA3480012,90,0
PA3480013,37,0
PA3480015,800,1
PA3480022,61,0
PA3480023,90,0
PA3480024,2668,0
PA3480026,150,0
PA3480027,5700,1
PA3480028,170,0
PA3480029,60,0
PA3480030,153,0
PA3480032,3000,2
PA3480035,75,1
PA3480037,65,0
PA3480038,9008,0
PA3480039,78,0
PA3480040,67,0
PA3480041,30,0
PA3480043,30,1
PA3480044,85,0
PA3480045,400,0
PA3480046,117259,0
PA3480049,800,0
PA3480050,96867,0
PA3480052,5800,0
PA3480053,70,0
PA3480054,50,2
PA3480055,23763,0
PA3480056,87,0
PA3480057,40000,0
PA3480058,240,0
PA3480059,1100,0
PA3480063,150,0
PA3480066,2680,0
PA3480072,72,0
PA3480075,335,0
PA3480076,316,1
PA3480079,90,0
PA3480080,260,1
PA3480082,225,0
PA3480089,400,0
PA3480814,725,0
PA3540002,40,0
PA3540011,5584,0
PA3540012,8000,2
PA3540014,6700,0
PA3540015,920,0
PA3540017,7100,0
PA3540021,225,0
PA3540023,340,0
PA3540024,3000,1
PA3540025,200,0
PA3540026,495,0
PA3540027,250,1
PA3540030,4200,0
PA3540032,5583,0
PA3540035,7275,0
PA3540036,380,1
PA3540037,2711,1
PA3540038,31850,0
PA3540039,823,0
PA3540040,110,1
PA3540041,6000,0
PA3540042,50,1
PA3540043,350,0
PA3540044,9500,0
PA3540045,3150,0
PA3540046,2515,0
PA3540047,3870,0
PA3540049,2500,1
PA3540053,73,0
PA3540054,735,0
PA3540058,80,1
PA3540061,466,0
PA3540062,260,0
PA3540069,160,0
PA3540070,956,0
PA3540071,568,0
PA3540072,105,0
PA3540073,40,0
PA3540075,500,0
PA4050001,300,0
PA4050002,5127,0
PA4050003,910,0
PA4050004,200,0
PA4050005,50,1
PA4050007,91,0
PA4050008,98,1
PA4050009,240,0
PA4050012,2048,0
PA4050020,715,0
PA4050021,1675,1
PA4050023,295,1
PA4050024,205,0
PA4050025,320,0
PA4050027,75,3
PA4050028,100,0
PA4050029,801,0
PA4050030,250,0
PA4050032,200,0
PA4050033,500,2
PA4050034,115,0
PA4050035,1724,1
PA4050036,392,1
PA4050037,1626,0
PA4050038,750,0
PA4070009,3162,0
PA4070011,2550,0
PA4070012,2350,0
PA4070013,250,0
PA4070016,185,0
PA4070017,8523,0
PA4070019,3182,0
PA4070021,6500,0
PA4070022,1800,0
PA4070023,62500,2
PA4070026,165,0
PA4070030,3160,0
PA4070031,300,0
PA4070033,95,0
PA4070034,1400,0
PA4070045,350,0
PA4070047,180,1
PA4070050,31,0
PA4070054,35,1
PA4070056,98,0
PA4070058,2500,0
PA4070059,95,0
PA4070060,44,0
PA4070297,80,0
PA4070298,85,0
PA4110001,92,0
PA4110003,4500,0
PA4110004,850,0
PA4110005,55,0
PA4110006,1000,1
PA4110007,760,0
PA4110009,8500,2
PA4110010,81,1
PA4110011,3130,3
PA4110013,2100,0
PA4110014,170,0
PA4110015,723,0
PA4110016,463,0
PA4110017,22617,2
PA4110020,75,0
PA4110021,4236,1
PA4110023,3152,2
PA4110024,1805,0
PA4110027,6500,2
PA4110028,40,0
PA4110030,1700,0
PA4110034,49500,0
PA4110038,2500,0
PA4110041,4400,1
PA4110042,216,1
PA4110043,3152,1
PA4110046,1388,0
PA4110058,670,3
PA4110060,3200,1
PA4110061,488,1
PA4110065,480,0
PA4110067,1500,0
PA4110077,1650,1
PA4110297,1746,0
PA4110299,989,0
PA4110800,2072,0
PA4140014,130,0
PA4140043,100,0
PA4140046,100,1
PA4140048,57,0
PA4140057,45,1
PA4140075,9500,1
PA4140077,1900,1
PA4140078,300,0
PA4140079,290,0
PA4140080,1001,0
PA4140081,1515,0
PA4140082,6000,0
PA4140083,2750,0
PA4140084,902,2
PA4140085,1212,1
PA4140087,20865,0
PA4140088,615,0
PA4140089,425,0
PA4140090,3456,0
PA4140092,75,0
PA4140094,140,0
PA4140095,37000,0
PA4140096,72000,0
PA4140098,2850,0
PA4140101,97,0
PA4140104,72,0
PA4140107,670,0
PA4140108,550,0
PA4140109,1500,0
PA4140110,140,0
PA4140111,250,0
PA4140118,3300,0
PA4140119,700,0
PA4140120,3250,0
PA4140123,300,0
PA4140124,300,0
PA4140125,75,0
PA4140127,32,1
PA4140129,60,0
PA4140131,684,0
PA4140132,175,0
PA4140133,185,0
PA4140134,75,0
PA4180035,1800,0
PA4180048,10000,0
PA4180049,9700,0
PA4180050,75,0
PA4180051,115,0
PA4180052,402,0
PA4180055,425,1
PA4180058,2610,1
PA4180062,600,0
PA4180064,481,2
PA4180065,273,1
PA4180066,87,0
PA4180067,3000,0
PA4180069,43,0
PA4180070,25,0
PA4180071,37,1
PA4190008,29382,0
PA4190011,1644,0
PA4190012,508,1
PA4190013,15282,0
PA4190014,1333,0
PA4190015,350,1
PA4190016,1220,0
PA4190017,969,1
PA4190019,475,0
PA4190020,272,0
PA4190021,80,1
PA4190025,40,0
PA4190026,60,1
PA4190285,118,1
PA4190286,21,1
PA4190291,60,0
PA4190298,70,1
PA4190840,419,0
PA4290003,95,0
PA4290004,276,0
PA4290005,2000,0
PA4310011,403,0
PA4310012,13776,0
PA4310014,43,0
PA4310015,570,0
PA4310016,5801,2
PA4310017,57,0
PA4310019,650,0
PA4310021,815,0
PA4310022,450,1
PA4310023,350,0
PA4310025,1200,1
PA4310026,350,0
PA4310027,225,0
PA4310028,2200,0
PA4310030,442,0
PA4310031,750,0
PA4310032,800,0
PA4310038,1450,0
PA4310050,1108,0
PA4310051,162,0
PA4310298,90,0
PA4340001,150,1
PA4340002,850,0
PA4340003,100,0
PA4340005,175,0
PA4340006,60,1
PA4340007,1000,0
PA4340008,4450,0
PA4340009,1000,0
PA4340010,950,0
PA4340016,177,1
PA4340017,499,0
PA4340018,135,0
PA4340019,80,3
PA4410002,88,1
PA4410005,410,0
PA4410010,75,1
PA4410011,38,0
PA4410016,100,0
PA4410019,195,4
PA4410020,98,2
PA4410025,85,1
PA4410027,325,0
PA4410030,360,0
PA4410031,120,0
PA4410035,518,0
PA4410152,250,1
PA4410153,250,0
PA4410154,224,0
PA4410156,6600,0
PA4410160,60,0
PA4410161,2700,1
PA4410164,175,0
PA4410165,2900,0
PA4410166,200,0
PA4410169,150,1
PA4410171,400,1
PA4410173,51000,0
PA4410174,598,0
PA4410175,4983,0
PA4410176,2050,0
PA4410178,2800,0
PA4410179,250,0
PA4410180,825,0
PA4410182,90,0
PA4410187,98,0
PA4440008,480,0
PA4440010,29432,0
PA4440011,478,0
PA4440013,270,0
PA4440017,167,0
PA4440018,60,0
PA4470007,4992,0
PA4470008,250,0
PA4490004,100,0
PA4490007,11043,1
PA4490011,200,0
PA4490016,705,0
PA4490018,450,1
PA4490019,19,0
PA4490020,432,0
PA4490021,50,0
PA4490023,30209,0
PA4490024,43000,0
PA4490298,282,0
PA4550005,5584,0
PA4550006,225,0
PA4550008,435,0
PA4550009,2400,0
PA4550011,805,0
PA4550012,935,0
PA4550013,685,2
PA4550014,980,0
PA4550015,845,0
PA4550016,1600,0
PA4550018,285,0
PA4550019,725,0
PA4550022,1700,0
PA4550024,350,0
PA4550028,672,0
PA4550800,1000,0
PA4560002,218,1
PA4560003,300,0
PA4560004,180,0
PA4560006,75,0
PA4560009,25,0
PA4560012,2566,0
PA4560013,9463,0
PA4560014,75,0
PA4560016,70,0
PA4560017,576,0
PA4560018,350,0
PA4560019,494,0
PA4560020,1250,0
PA4560021,910,0
PA4560024,3000,0
PA4560025,1246,0
PA4560028,284,0
PA4560029,2468,0
PA4560030,2900,0
PA4560031,1400,0
PA4560033,645,0
PA4560035,449,0
PA4560036,700,0
PA4560037,645,0
PA4560038,1625,0
PA4560041,725,0
PA4560042,6309,0
PA4560045,1984,0
PA4560046,3800,0
PA4560048,7800,0
PA4560049,750,0
PA4560050,97,1
PA4560054,100,0
PA4560057,1374,0
PA4600003,425,2
PA4600005,64,0
PA4600007,200,0
PA4600010,990,0
PA4600012,3690,0
PA4600015,333,0
PA5020003,3151,0
PA5020004,2200,2
PA5020006,3700,0
PA5020007,1708,2
PA5020008,1861,0
PA5020009,3200,0
PA5020010,5804,0
PA5020011,38000,1
PA5020012,5565,2
PA5020013,2000,2
PA5020015,7781,1
PA5020018,10190,0
PA5020019,61949,0
PA5020021,1600,2
PA5020025,32644,0
PA5020027,48500,1
PA5020029,6750,0
PA5020031,3112,0
PA5020034,19031,2
PA5020036,39901,0
PA5020038,520000,0
PA5020039,686000,0
PA5020040,18500,0
PA5020041,27500,1
PA5020043,200000,0
PA5020045,16354,0
PA5020047,3204,0
PA5020050,6800,1
PA5020053,3405,0
PA5020055,4927,2
PA5020056,125000,1
PA5020067,1459,0
PA5020070,2200,0
PA5020076,4650,2
PA5020078,11460,1
PA5020082,266,0
PA5020083,843,0
PA5020084,725,0
PA5020108,13411,0
PA5030002,600,0
PA5030004,1875,0
PA5030005,2991,1
PA5030006,6744,0
PA5030008,4499,0
PA5030010,1680,0
PA5030011,900,4
PA5030012,1000,0
PA5030013,600,0
PA5030016,451,0
PA5030019,5849,0
PA5030020,460,0
PA5030021,95,0
PA5030022,300,0
PA5030024,900,0
PA5030025,2049,0
PA5030027,1500,0
PA5030034,323,0
PA5030043,8000,0
PA5030045,2000,0
PA5030047,1200,0
PA5030049,1230,4
PA5040002,90,1
PA5040006,15685,1
PA5040007,19000,0
PA5040008,19500,1
PA5040009,5799,0
PA5040010,4578,1
PA5040011,130,0
PA5040012,49500,0
PA5040017,7920,0
PA5040019,225,0
PA5040022,2176,0
PA5040026,50,0
PA5040028,150,0
PA5040036,1865,0
PA5040038,3100,3
PA5040039,6500,1
PA5040044,2750,0
PA5040048,200,0
PA5040049,100,0
PA5040051,60,0
PA5040055,2000,0
PA5040056,50,0
PA5040059,51,1
PA5040063,15000,0
PA5040078,70,1
PA5040080,3948,0
PA5040085,4276,0
PA5040086,222,2
PA5040087,700,0
PA5040847,100,2
PA5100004,65,0
PA5100009,180,0
PA5100012,43286,0
PA5100015,86,0
PA5100016,62,2
PA5100017,100,0
PA5100018,325,1
PA5100025,950,0
PA5100026,170,0
PA5100029,1100,0
PA5100033,1990,0
PA5100036,76,3
PA5100037,25,0
PA5100040,93,0
PA5100042,6669,0
PA5100043,44,0
PA5100045,240,0
PA5100049,1956,0
PA5100050,400,0
PA5100054,460,1
PA5100055,30,0
PA5100062,78,0
PA5100063,182,0
PA5100071,37,0
PA5100079,15778,0
PA5100080,44,0
PA5100087,56,0
PA5100093,4123,0
PA5100094,42000,1
PA5100099,225,1
PA5100104,80,2
PA5100105,200,1
PA5100127,150,1
PA5100135,3100,0
PA5100140,96,0
PA5100141,8700,0
PA5100143,63,0
PA5100145,150,0
PA5100147,3800,0
PA5100869,400,0
PA5260004,6000,1
PA5260005,7844,0
PA5260006,3630,1
PA5260009,9100,1
PA5260011,7000,0
PA5260013,3841,0
PA5260014,520,0
PA5260017,1110,4
PA5260019,35409,0
PA5260020,23125,0
PA5260022,11425,0
PA5260027,2695,1
PA5260032,3856,0
PA5260035,95,0
PA5260036,133000,1
PA5260042,300,1
PA5260043,250,1
PA5260045,1300,0
PA5260048,2800,0
PA5300012,4200,2
PA5300015,1500,0
PA5300017,40200,0
PA5320006,4023,1
PA5320007,400,0
PA5320009,1700,0
PA5320010,285,0
PA5320011,350,0
PA5320016,260,0
PA5320017,100,3
PA5320025,22360,0
PA5320026,883,0
PA5320029,250,0
PA5320034,500,4
PA5320040,4920,0
PA5320041,65,3
PA5320042,1932,0
PA5320046,625,0
PA5320048,650,0
PA5320109,9638,0
PA5630030,2600,2
PA5630039,27000,2
PA5630044,1250,2
PA5630045,10100,3
PA5630050,480,0
PA5630068,820,4
PA5630077,740,0
PA5630078,358,0
PA5630079,373,0
PA5650012,30,1
PA5650017,90,0
PA5650021,100,0
PA5650026,40,0
PA5650031,3100,0
PA5650032,143000,0
PA5650036,997,0
PA5650037,389,0
PA5650042,250,0
PA5650049,6500,0
PA5650060,30000,2
PA5650069,16000,0
PA5650070,47800,0
PA5650080,3293,0
PA5650081,2730,0
PA5650098,92,1
PA5650101,110,0
PA6120001,258,0
PA6120002,3300,0
PA6160001,10372,0
PA6160003,1040,1
PA6160004,925,1
PA6160005,1380,0
PA6160010,3150,0
PA6160011,120,0
PA6160012,1873,0
PA6160013,465,2
PA6160020,80,0
PA6160021,250,0
PA6160026,1500,3
PA6160027,857,0
PA6160030,490,1
PA6160039,300,1
PA6170004,325,0
PA6170008,14000,0
PA6170013,4500,0
PA6170016,7794,0
PA6170018,225,0
PA6170021,1400,0
PA6170023,8410,0
PA6170024,960,0
PA6170025,1980,0
PA6170034,450,0
PA6170036,1570,0
PA6170040,456,1
PA6170041,3700,1
PA6170045,1700,0
PA6170048,4155,0
PA6170052,1875,0
PA6170053,1828,0
PA6170345,430,0
PA6200002,100,0
PA6200003,225,0
PA6200004,2363,0
PA6200006,56,0
PA6200008,1136,0
PA6200010,61,1
PA6200013,54,0
PA6200014,2300,0
PA6200015,870,0
PA6200018,250,1
PA6200019,850,0
PA6200020,29,1
PA6200023,59,0
PA6200027,1600,0
PA6200028,69,0
PA6200031,150,0
PA6200033,35,0
PA6200035,256,0
PA6200036,17339,0
PA6200037,60,0
PA6200039,175,0
PA6200040,38,2
PA6200043,1500,0
PA6200044,125,0
PA6200046,100,0
PA6200049,200,0
PA6200050,1175,0
PA6200051,6146,0
PA6200052,26,0
PA6200053,44,0
PA6200054,34,2
PA6200062,99,0
PA6200063,100,1
PA6200065,78,0
PA6200066,125,2
PA6200067,225,1
PA6200071,338,0
PA6200072,1500,0
PA6200074,71,0
PA6200076,80,3
PA6200078,60,0
PA6200079,104,1
PA6200967,16,0
PA6240005,1131,2
PA6240006,286,0
PA6240007,2413,2
PA6240008,440,0
PA6240012,4700,0
PA6240016,19588,0
PA6240020,396,0
PA6240022,1763,0
PA6250004,90,0
PA6250005,80,2
PA6250007,5842,0
PA6250008,88,1
PA6250012,7800,0
PA6250014,90,1
PA6250017,77,0
PA6250018,60,0
PA6250020,110,0
PA6250021,70,0
PA6250022,7800,0
PA6250023,60,0
PA6250028,220001,0
PA6250035,150,0
PA6250038,96,0
PA6250039,800,0
PA6250040,3320,1
PA6250044,100,0
PA6250046,1500,0
PA6250049,3301,0
PA6250053,165,0
PA6250055,180,0
PA6250056,2935,0
PA6250061,4601,1
PA6250064,4295,1
PA6250065,1700,1
PA6250067,375,0
PA6250074,60,0
PA6250075,390,0
PA6250078,638,0
PA6250084,350,3
PA6250085,315,1
PA6250086,5848,0
PA6250087,4500,0
PA6250089,300,0
PA6250090,12500,0
PA6250092,797,0
PA6250094,450,0
PA6250096,1048,1
PA6250097,42,0
PA6250804,50,0
PA6270001,610,0
PA6270002,450,0
PA6270008,4320,0
PA6330002,4384,0
PA6330004,6220,0
PA6330007,1440,0
PA6330008,300,0
PA6330010,8419,0
PA6330011,2908,0
PA6330012,700,0
PA6330013,1500,0
PA6330014,354,1
PA6330020,250,1
PA6330840,700,0
PA6370003,1100,1
PA6370005,39,0
PA6370011,17200,0
PA6370014,80,0
PA6370015,56,1
PA6370016,55,0
PA6370017,60,0
PA6370019,60,0
PA6370025,75,1
PA6370032,832,0
PA6370034,43279,0
PA6370035,4500,0
PA6370041,425,1
PA6370042,120,0
PA6370047,61,1
PA6370049,75,0
PA6370054,1032,0
PA6370910,95,1
PA6420006,38,0
PA6420010,850,0
PA6420011,76,0
PA6420012,56,1
PA6420013,325,1
PA6420014,18500,1
PA6420016,850,0
PA6420017,140,1
PA6420018,972,0
PA6420019,5725,0
PA6420020,892,0
PA6420021,2591,0
PA6420022,234,0
PA6420023,2400,0
PA6420028,72,0
PA6420031,87,3
PA6420032,81,0
PA6430001,50,2
PA6430002,70,0
PA6430003,88,1
PA6430010,57,0
PA6430014,94,0
PA6430019,53,2
PA6430021,51,0
PA6430024,1000,0
PA6430036,443,1
PA6430037,8600,0
PA6430039,150,0
PA6430040,7871,0
PA6430041,47,0
PA6430042,70,1
PA6430043,680,1
PA6430046,244,0
PA6430049,2227,1
PA6430052,1100,0
PA6430054,48000,0
PA6430055,5029,0
PA6430056,956,0
PA6430057,2370,3
PA6430059,1600,0
PA6430061,3082,0
PA6430062,491,1
PA6430063,50,0
PA6430064,75,1
PA6430070,65,3
PA6430072,45,1
PA6430073,55,0
PA6430074,72,1
PA6430077,641,0
PA6430079,138,0
PA6430999,125,0
PA6530001,45,0
PA6530005,700,0
PA6530006,640,1
PA6530007,1300,0
PA6530009,3166,0
PA6530010,1200,1
PA6530011,450,4
PA6530013,1250,0
PA6530015,750,0
PA6610002,356,0
PA6610010,1058,4
PA6610011,185,0
PA6610014,550,0
PA6610016,557,0
PA6610017,360,1
PA6610019,915,0
PA6610020,9096,0
PA6610023,9608,0
PA6610025,846,0
PA6610028,523,0
PA6610029,205,0
PA6610031,4500,0
PA6610032,150,0
PA6610033,61,0
PA6610035,1835,0
PA6610036,1600,0
PA6610038,90,1
PA6610039,205,0
PA6610040,480,0
PA6610042,2417,0
PA6610044,1000,0
PA6610045,35,2
PA6610046,300,0
PA6610859,412,0
PA6620005,55,0
PA6620007,225,0
PA6620019,200,1
PA6620020,14650,0
PA6620021,840,1
PA6620028,1749,0
PA6620029,640,0
PA6620031,1075,0
PA6620032,1040,3
PA6620034,721,0
PA6620036,140,2
PA6620038,270,1
PA6620039,1957,0
PA6620043,37,0
PA6620371,98,0
PA7010001,1200,0
PA7010002,1039,0
PA7010003,1750,0
PA7010005,2150,0
PA7010006,58,1
PA7010007,250,0
PA7010011,225,0
PA7010012,2730,0
PA7010014,120,0
PA7010017,300,0
PA7010019,12425,0
PA7010020,2501,0
PA7010021,270,0
PA7010022,7300,0
PA7010023,350,1
PA7010025,3963,0
PA7010028,70,1
PA7010029,180,0
PA7010030,1095,0
PA7010032,441,0
PA7010033,267,0
PA7010034,800,0
PA7010035,1648,0
PA7010036,3221,0
PA7010038,275,0
PA7010039,80,0
PA7010041,437,0
PA7010044,150,0
PA7010046,185,0
PA7010048,760,0
PA7010053,425,0
PA7010055,230,0
PA7010056,456,0
PA7010057,398,0
PA7010066,450,0
PA7210001,80,0
PA7210002,26000,0
PA7210003,80,0
PA7210010,1700,0
PA7210013,175,0
PA7210022,54,0
PA7210028,45013,0
PA7210029,105127,0
PA7210034,282,0
PA7210037,3261,0
PA7210039,439,0
PA7210041,2070,1
PA7210043,17800,0
PA7210046,3500,0
PA7210048,790,1
PA7210049,8455,0
PA7210050,11695,0
PA7210053,400,0
PA7210055,250,0
PA7210056,162,0
PA7210057,450,1
PA7210059,179,0
PA7210061,265,0
PA7210063,3527,0
PA7210065,330,0
PA7210066,160,0
PA7210068,110,0
PA7220001,350,0
PA7220002,432,0
PA7220003,2700,0
PA7220004,135,1
PA7220005,738,0
PA7220007,108,0
PA7220009,272,2
PA7220015,110000,0
PA7220016,40,2
PA7220017,50200,0
PA7220020,75,0
PA7220022,3220,2
PA7220024,223,0
PA7220025,66,0
PA7220029,302,3
PA7220034,4600,0
PA7220036,6428,0
PA7220037,2390,0
PA7220038,9600,0
PA7220040,2278,0
PA7220045,1083,0
PA7220046,312,1
PA7220047,100,0
PA7220048,53,0
PA7220049,66540,0
PA7220055,36,0
PA7220057,1040,0
PA7220070,50,0
PA7280005,31048,0
PA7280010,75,2
PA7280014,5500,0
PA7280015,65,0
PA7280017,86,0
PA7280021,2350,1
PA7280025,450,0
PA7280026,6134,0
PA7280027,97,0
PA7280032,13200,0
PA7280033,278,1
PA7280038,28135,0
PA7280040,1705,1
PA7280042,950,0
PA7280043,12589,0
PA7280044,1080,0
PA7280045,4400,0
PA7280046,491,0
PA7280047,130,0
PA7280053,350,3
PA7280055,125,0
PA7280058,230,0
PA7280060,50,2
PA7280061,130,0
PA7280063,1149,0
PA7280064,204,0
PA7280066,57,0
PA7280071,27,0
PA7280074,530,0
PA7280903,912,0
PA7360001,1800,0
PA7360002,95,0
PA7360003,1200,0
PA7360004,175,0
PA7360005,1946,0
PA7360006,176,1
PA7360007,1100,1
PA7360010,150,0
PA7360014,65,0
PA7360015,150,0
PA7360016,250,0
PA7360017,3861,0
PA7360019,40,0
PA7360020,50,0
PA7360021,45,0
PA7360023,275,0
PA7360024,32,1
PA7360025,3707,0
PA7360029,38,0
PA7360031,120,0
PA7360032,140,0
PA7360038,45,0
PA7360039,483,0
PA7360045,24500,0
PA7360047,53,0
PA7360048,40,0
PA7360050,124,2
PA7360051,140,0
PA7360052,470,0
PA7360055,200,0
PA7360056,51,1
PA7360057,196,0
PA7360058,120000,1
PA7360061,71,0
PA7360063,20988,1
PA7360064,48,0
PA7360068,51,1
PA7360069,225,0
PA7360071,850,2
PA7360072,125,0
PA7360074,77,1
PA7360075,120,1
PA7360076,35,0
PA7360077,141,0
PA7360078,6701,0
PA7360079,314,0
PA7360081,34,0
PA7360083,4048,0
PA7360084,1640,0
PA7360090,304,1
PA7360091,15261,0
PA7360092,47,2
PA7360094,210,0
PA7360098,98,2
PA7360099,8490,0
PA7360100,72,2
PA7360101,50,0
PA7360103,96,1
PA7360104,60,0
PA7360108,30,0
PA7360109,300,0
PA7360110,80,0
PA7360112,3150,0
PA7360113,6735,1
PA7360114,81,0
PA7360116,8561,0
PA7360117,75,0
PA7360118,3100,0
PA7360119,1295,0
PA7360120,2846,0
PA7360121,166,0
PA7360122,120,1
PA7360123,25200,0
PA7360124,19000,0
PA7360126,9397,0
PA7360127,7950,0
PA7360128,4200,0
PA7360129,556,0
PA7360130,90,0
PA7360131,100,0
PA7360132,312,0
PA7360135,6215,0
PA7360138,121,0
PA7360140,7734,1
PA7360141,2430,0
PA7360143,4327,2
PA7360155,60,0
PA7360156,115,2
PA7360157,125,0
PA7360164,2968,0
PA7360166,330,0
PA7360167,750,0
PA7360170,92,0
PA7360172,98,1
PA7360176,31,0
PA7360182,30,0
PA7360183,50,0
PA7360184,30,0
PA7380001,100,0
PA7380004,72,0
PA7380005,490,0
PA7380007,3343,0
PA7380008,49,0
PA7380009,97,0
PA7380010,57000,0
PA7380012,40,0
PA7380014,200,0
PA7380016,160,0
PA7380018,280,0
PA7380019,40,0
PA7380022,50,0
PA7380023,375,0
PA7380024,485,0
PA7380025,9500,0
PA7380026,400,0
PA7380027,280,0
PA7380028,2335,0
PA7380029,293,0
PA7380031,900,0
PA7380032,1700,0
PA7380033,975,0
PA7380034,30,0
PA7380035,1200,0
PA7380039,125,0
PA7380040,780,0
PA7380044,3100,0
PA7380045,405,0
PA7380051,35,1
PA7500003,550,0
PA7500006,450,0
PA7500009,48,0
PA7500010,303,0
PA7500012,1170,0
PA7500013,50,0
PA7500014,934,0
PA7500015,248,0
PA7500016,100,0
PA7500017,45,1
PA7500018,321,0
PA7500019,2000,1
PA7500021,700,0
PA7500022,3200,0
PA7500024,234,0
PA7500025,144,0
PA7500028,150,0
PA7500029,84,2
PA7500030,186,1
PA7500031,249,0
PA7500032,55,0
PA7500034,60,0
PA7500035,60,1
PA7500036,42,1
PA7500037,76,0
PA7670003,140,0
PA7670005,400,3
PA7670006,250,0
PA7670021,225,0
PA7670022,65,0
PA7670024,330,0
PA7670025,117,2
PA7670027,35,0
PA7670034,125,0
PA7670038,35,1
PA7670040,81,0
PA7670041,52,0
PA7670050,2000,0
PA7670051,90,0
PA7670061,6480,0
PA7670062,5206,0
PA7670065,1332,0
PA7670066,34,0
PA7670067,28,0
PA7670070,1400,0
PA7670071,8962,0
PA7670072,1900,2
PA7670073,21097,0
PA7670076,40900,0
PA7670082,4464,0
PA7670085,12300,0
PA7670086,15882,0
PA7670088,4727,0
PA7670096,46,2
PA7670097,4076,0
PA7670100,206762,1
PA7670101,9960,0
PA7670110,97,0
PA7670112,50,0
PA7670113,705,0
PA7670114,54,0
PA7670119,200,0
PA7670121,145,0
PA7670122,80,0
PA7670125,70,0
PA7670128,40,0
PA7670129,125,3
PA7670131,475,0
PA7670136,40,0
PA7670138,226,0
PR0002000,25,0
PR0002591,1084637,5
PR0002611,1687,1
PR0002652,61626,1
PR0002662,28935,2
PR0002672,49937,0
PR0002682,27760,0
PR0002692,12138,0
PR0002702,13070,0
PR0002712,7746,0
PR0002722,16404,0
PR0002732,10405,0
PR0002752,4841,0
PR0002762,20927,0
PR0002772,26935,0
PR0002782,7465,0
PR0002792,2259,2
PR0002812,5612,0
PR0002822,15948,0
PR0002832,19657,0
PR0002842,734,0
PR0002872,9377,0
PR0002942,1746,0
PR0002962,15013,0
PR0002972,3591,0
PR0002982,2830,0
PR0003012,2830,0
PR0003022,1503,1
PR0003042,563,1
PR0003062,1388,0
PR0003122,886,1
PR0003142,4734,0
PR0003182,10077,0
PR0003192,1762,0
PR0003212,700,0
PR0003222,3402,0
PR0003232,603,0
PR0003262,13580,0
PR0003283,152342,1
PR0003293,124782,1
PR0003294,238,0
PR0003296,3978,0
PR0003303,25752,0
PR0003333,25832,1
PR0003343,47350,0
PR0003353,3455,0
PR0003363,7193,1
PR0003373,20356,0
PR0003383,10587,0
PR0003403,1567,0
PR0003423,2374,0
PR0003425,1330,0
PR0003435,1239,0
PR0003453,1265,0
PR0003523,708,0
PR0003533,2416,0
PR0003555,590,0
PR0003573,3853,0
PR0003633,1340,0
PR0003643,11139,0
PR0003712,3402,0
PR0003722,4285,0
PR0003732,1031,0
PR0003772,10018,1
PR0003802,4699,0
PR0003812,1818,0
PR0003822,198,0
PR0003824,113972,3
PR0003832,2411,0
PR0003834,5105,0
PR0003842,6325,0
PR0003862,3952,0
PR0003872,16896,0
PR0003882,4472,0
PR0003892,1426,0
PR0003904,39925,0
PR0003914,4603,0
PR0003924,3073,0
PR0003944,334,0
PR0004044,16992,1
PR0004054,7302,0
PR0004074,6881,0
PR0004084,6130,0
PR0004094,1501,0
PR0004114,935,0
PR0004134,798,0
PR0004204,2870,0
PR0004234,2248,2
PR0004244,844,0
PR0004314,35639,0
PR0004324,17326,2
PR0004344,2390,0
PR0004374,2221,0
PR0004444,3420,0
PR0004454,2814,0
PR0004464,924,1
PR0004474,3351,0
PR0004484,1092,0
PR0004494,1231,0
PR0004504,488,0
PR0004514,192,0
PR0004524,12979,2
PR0004534,4261,0
PR0004545,16354,0
PR0004555,521,0
PR0004564,2280,0
PR0004574,134,0
PR0004584,3354,0
PR0004604,6445,0
PR0004605,3538,2
PR0004614,294,0
PR0004624,702,0
PR0004625,2520,0
PR0004634,5658,0
PR0004635,18335,1
PR0004644,1316,0
PR0004654,9030,0
PR0004664,34259,1
PR0004665,2069,0
PR0004684,2665,0
PR0004695,34424,0
PR0004705,14912,1
PR0004745,37076,1
PR0004765,2005,0
PR0004815,9380,0
PR0004835,32222,0
PR0004845,2678,0
PR0004885,8977,0
PR0004895,9930,0
PR0004915,6237,0
PR0004925,39388,2
PR0004945,11022,1
PR0004955,5580,0
PR0005046,13233,2
PR0005066,34261,1
PR0005086,47352,0
PR0005096,25469,0
PR0005106,26470,0
PR0005136,2643,0
PR0005166,36835,2
PR0005186,1036,0
PR0005196,14728,0
PR0005236,190,0
PR0005286,595,0
PR0005296,68114,3
PR0005306,59044,0
PR0005316,9001,4
PR0005356,2662,2
PR0005376,38897,0
PR0005386,79822,0
PR0005416,4021,0
PR0005466,860,0
PR0005486,996,2
PR0005487,6162,0
PR0005496,3578,0
PR0005517,5444,0
PR0005536,374,0
PR0005537,14939,0
PR0005557,4961,0
PR0005587,2360,0
PR0005597,30235,0
PR0005607,37244,0
PR0115011,150,1
PR0116041,800,1
PR0116051,25,0
PR0132021,130,1
PR0132051,6411,0
PR0207002,800,1
PR0220042,305,1
PR0238002,150,1
PR0238012,1200,1
PR0238022,400,1
PR0238032,300,1
PR0238072,384,1
PR0238082,130,1
PR0238122,424,1
PR0242012,30,1
PR0242032,42,1
PR0242052,140,1
PR0242122,200,2
PR0247092,26,1
PR0272012,57,1
PR0272082,60,1
PR0272102,340,1
PR0272142,336,1
PR0272162,165,1
PR0272252,54,1
PR0272262,90,1
PR0272272,300,1
PR0272282,240,1
PR0272292,300,1
PR0272312,100,1
PR0302013,940,1
PR0302023,642,1
PR0302033,435,1
PR0302043,120,1
PR0302053,440,1
PR0302063,304,1
PR0302083,412,1
PR0303013,165,1
PR0303023,1100,1
PR0306023,374,1
PR0306053,250,1
PR0306083,174,1
PR0306093,427,1
PR0351023,600,1
PR0364013,1100,2
PR0364043,220,1
PR0364063,60,1
PR0367013,340,1
PR0367053,81,1
PR0377023,27,1
PR0401014,130,1
PR0401024,263,1
PR0401034,295,1
PR0401064,120,1
PR0401074,300,1
PR0401144,150,1
PR0401234,460,1
PR0401284,500,1
PR0401294,212,1
PR0401374,84,1
PR0401384,171,1
PR0401394,30,1
PR0422014,270,1
PR0422074,90,1
PR0422084,420,1
PR0422094,360,1
PR0431014,85,1
PR0431044,240,1
PR0439024,3000,1
PR0439034,240,1
PR0439044,210,1
PR0455014,150,1
PR0455044,240,1
PR0455054,680,1
PR0455114,720,1
PR0455134,720,1
PR0455164,500,0
PR0455214,81,1
PR0455234,293,1
PR0455274,80,1
PR0455294,500,1
PR0455314,248,1
PR0455324,131,1
PR0455334,450,1
PR0455344,110,0
PR0457024,400,1
PR0457044,128,1
PR0457054,240,1
PR0457064,93,1
PR0457094,1650,1
PR0457164,40,1
PR0458004,120,1
PR0458034,240,1
PR0458044,327,1
PR0458174,300,1
PR0458194,900,1
PR0458214,160,0
PR0458234,135,1
PR0458264,320,0
PR0458284,652,1
PR0458304,38,1
PR0458344,258,1
PR0458364,120,1
PR0476054,102,1
PR0476064,306,1
PR0476124,156,1
PR0476134,500,1
PR0476154,340,1
PR0476204,268,1
PR0476234,37,1
PR0476314,100,1
PR0476324,36,1
PR0476334,48,1
PR0478014,312,1
PR0478034,75,1
PR0478044,58,1
PR0478064,420,1
PR0478094,140,1
PR0478114,55,1
PR0505055,427,1
PR0505075,200,1
PR0505085,981,0
PR0510055,254,1
PR0510065,427,1
PR0510095,1762,1
PR0510115,228,1
PR0510125,147,1
PR0510145,644,1
PR0510165,232,1
PR0510195,720,1
PR0510215,534,1
PR0510225,97,1
PR0518075,192,1
PR0518105,63,1
PR0518135,115,1
PR0518145,166,2
PR0518155,60,1
PR0521025,641,1
PR0521035,256,1
PR0521075,315,1
PR0523025,47,1
PR0523055,659,1
PR0523095,335,1
PR0523105,902,1
PR0523125,116,1
PR0530045,275,1
PR0549015,180,1
PR0549085,93,1
PR0549095,88,1
PR0549105,120,1
PR0549115,30,1
PR0556015,652,1
PR0556025,600,2
PR0556035,474,1
PR0556045,85,1
PR0556055,255,1
PR0556075,70,1
PR0556085,320,1
PR0556125,84,1
PR0556135,25,1
PR0556145,53,1
PR0604016,657,1
PR0604036,347,1
PR0604046,854,1
PR0604056,387,1
PR0604066,614,1
PR0604076,435,2
PR0604086,536,1
PR0604096,93,1
PR0604176,320,1
PR0613016,311,1
PR0613036,312,1
PR0613046,745,1
PR0613056,216,1
PR0613106,506,1
PR0613196,50,1
PR0613246,160,1
PR0613256,240,1
PR0613266,402,1
PR0613296,290,1
PR0613366,1015,1
PR0613376,191,1
PR0613406,520,0
PR0613426,93,1
PR0613446,654,1
PR0613466,43,1
PR0613476,952,1
PR0613486,142,1
PR0613506,93,1
PR0613536,60,1
PR0619016,414,1
PR0627016,103,1
PR0644076,534,1
PR0644086,748,1
PR0644106,721,1
PR0644136,223,1
PR0653026,1428,2
PR0653056,172,1
PR0653066,400,1
PR0661046,260,1
PR0666016,214,1
PR0666026,224,1
PR0666036,197,1
PR0666046,187,1
PR0666056,256,1
PR0666066,331,1
PR0666076,161,1
PR0666086,53,1
PR0666096,144,1
PR0666106,192,1
PR0666116,120,1
PR0666126,43,1
PR0666136,80,1
PR0666166,243,1
PR0666176,120,1
PR0677016,1709,1
PR0677056,649,1
PR0677066,590,1
PR0677076,1608,1
PR0677146,1430,1
PR0677186,93,1
PR0677196,387,1
PR0677206,449,1
PR0677216,668,1
PR0724027,400,1
PR0724077,690,1
PR0724087,1120,1
PR0724097,500,1
PR0724117,450,1
PR0724127,43,1
PR0724137,260,1
PR0724147,300,1
PR0724157,240,1
PR0724167,25,1
PR0754057,1600,1
PR0754067,1800,1
PR0754077,840,1
PR0754097,700,1
PR0754107,900,1
PR0754127,70,1
RI1000009,45,0
RI1000015,694,0
RI1000016,7870,0
RI1000035,292,0
RI1000040,2671,1
RI1000045,180,0
RI1000098,200,1
RI1559511,94107,0
RI1559512,35298,0
RI1559513,300,0
RI1559517,27732,0
RI1559518,45828,0
RI1583825,75,0
RI1592010,42155,0
RI1592012,129,0
RI1592018,8969,0
RI1592021,98130,0
RI1592022,17090,2
RI1592023,1500,0
RI1592024,333142,0
RI1615610,47618,0
RI1615612,1426,0
RI1615614,3403,2
RI1615616,9460,0
RI1615619,2793,1
RI1615623,6170,0
RI1615624,22347,1
RI1615626,225,0
RI1615627,73289,0
RI1647511,300,0
RI1647512,470,2
RI1647515,49000,0
RI1647516,540,0
RI1647529,75,0
RI1647530,21235,0
RI1858410,9500,0
RI1858411,6000,0
RI1858419,3348,0
RI1858421,3968,0
RI1858422,19354,0
RI1858423,21664,0
RI1858428,8210,2
RI1858429,4432,2
RI1858430,9999,0
RI1858435,31,2
RI1900020,120,0
RI1900034,150,0
RI1900042,3213,0
RI1900046,320,0
RI1900051,2163,0
RI1900053,154,0
RI2000004,75,0
RI2000053,30,0
RI2000059,199,0
RI2000083,268,1
RI2000165,77,1
RI2051311,60,0
RI2519424,133,0
RI2519426,105,0
RI2585312,138,0
RI2585313,130,0
RI2674924,75,0
RI2674925,150,0
RI2674928,109,0
RI2753326,183,0
RI2814410,44,0
RI2882117,232,0
RI2942525,170,2
RI2943224,250,0
RI2973130,750,0
RI2980001,40,0
RI2980003,36,0
RI2980017,98,0
RI2980146,43,0
RI2980323,28,1
RI2980414,160,0
RI2980423,110,0
RI2980426,300,0
RI2980447,28,0
RI2980452,317,0
RI2980453,9999,0
RI2980461,471,1
RI2980473,125,1
RI2980475,300,1
RI2980476,2720,0
RI2980478,220,0
RI2980480,172,0
RI2980481,48,0
RI2980487,175,1
SC0110001,5650,1
SC0110002,2473,2
SC0120001,5200,0
SC0150014,268,0
SC0210001,51533,0
SC0210002,3660,0
SC0210003,26125,0
SC0210004,1210,0
SC0210005,456,0
SC0210006,796,0
SC0210007,7277,0
SC0210008,1152,0
SC0220001,877,0
SC0220002,1360,0
SC0220003,757,0
SC0220004,8935,0
SC0220005,1237,1
SC0220006,21197,0
SC0220007,1090,0
SC0220008,3837,0
SC0220010,301,0
SC0220012,7752,0
SC0220015,529,0
SC0220016,4361,0
SC0250004,243,1
SC0250005,97,0
SC0250009,145,0
SC0260016,47,0
SC0260038,83,1
SC0310001,3882,0
SC0310002,245,0
SC0310004,1962,0
SC0320002,2694,0
SC0410001,1874,0
SC0410003,4386,0
SC0410004,6762,0
SC0410006,5597,0
SC0410010,6693,0
SC0410011,2555,0
SC0410012,38204,0
SC0420001,7328,0
SC0420002,34960,0
SC0420003,17311,0
SC0420004,3990,0
SC0420005,11125,0
SC0420006,17430,0
SC0420007,21193,0
SC0420008,9586,0
SC0420009,13647,0
SC0420011,25,0
SC0450003,275,0
SC0450004,48,0
SC0450006,173,0
SC0450007,966,0
SC0450014,196,0
SC0450016,175,0
SC0450026,158,0
SC0450029,97,0
SC0450032,65,0
SC0450033,270,0
SC0450036,173,0
SC0450058,196,0
SC0450063,270,0
SC0450065,183,0
SC0450066,61,0
SC0450072,227,0
SC0450076,132,0
SC0510001,3735,0
SC0510002,3500,1
SC0510003,507,0
SC0510004,291,0
SC0610001,4693,0
SC0610002,3251,0
SC0610003,1934,0
SC0610004,318,0
SC0610005,340,0
SC0720001,18299,0
SC0720002,3536,0
SC0720003,164829,1
SC0720006,25558,0
SC0720009,3481,0
SC0750002,2318,2
SC0750013,1039,0
SC0750026,60,0
SC0750036,608,1
SC0750041,900,0
SC0750043,263,1
SC0760001,114,0
SC0760015,162,0
SC0760016,107,0
SC0760076,44,0
SC0810001,8956,0
SC0810003,800,0
SC0810004,43744,0
SC0820002,95345,0
SC0820004,156,0
SC0820008,25,0
SC0820009,12933,0
SC0850014,205,0
SC0850018,594,0
SC0860037,41,2
SC0860058,41,1
SC0860063,77,1
SC0870050,790,0
SC0870972,30,0
SC0910001,2644,0
SC0920001,1779,0
SC0920002,1247,0
SC0920003,504,0
SC1010001,327422,0
SC1010002,91500,0
SC1010003,2521,0
SC1010004,9530,0
SC1010005,5086,0
SC1010007,1980,0
SC1010008,9550,0
SC1010009,5939,0
SC1010504,713,0
SC1020002,22592,0
SC1050011,55,2
SC1060014,81,1
SC1060061,103,0
SC1060063,171,1
SC1070963,33,1
SC1110001,24290,0
SC1110002,4496,0
SC1120001,5746,1
SC1120002,9895,0
SC1120003,5456,1
SC1120004,5323,0
SC1220002,15668,0
SC1310001,6325,3
SC1310002,1670,0
SC1310003,3467,0
SC1310004,1239,0
SC1310005,948,0
SC1320003,25691,0
SC1320004,4743,0
SC1360008,96,0
SC1370300,87,0
SC1410002,5908,0
SC1410003,2096,0
SC1410004,723,0
SC1420002,1879,0
SC1450005,664,0
SC1450009,618,0
SC1450013,3521,0
SC1470304,154,0
SC1470863,272,0
SC1510001,121,0
SC1510002,176,0
SC1510003,103,1
SC1510004,11829,0
SC1510006,5848,0
SC1550002,98,0
SC1570924,54,0
SC1610001,7142,0
SC1610003,8711,0
SC1610004,1034,0
SC1620001,52288,0
SC1710001,6998,0
SC1710002,2076,0
SC1710003,1293,0
SC1720001,17963,0
SC1810001,2300,0
SC1810002,946,0
SC1810003,81750,0
SC1810004,821,0
SC1820001,40141,0
SC1820002,300,0
SC1820003,858,0
SC1820007,150,0
SC1820008,26536,0
SC1820009,200,0
SC1830031,999,0
SC1850009,275,0
SC1850010,925,0
SC1850011,1494,0
SC1850014,1648,0
SC1850015,156,0
SC1850016,883,0
SC1850017,231,0
SC1870050,1646,0
SC1870914,102,0
SC1920001,29200,0
SC1960002,48,0
SC2010001,10391,0
SC2010002,950,0
SC2020001,2550,1
SC2020002,1487,0
SC2020004,3500,0
SC2020005,1878,0
SC2070002,158,0
SC2110001,79745,0
SC2110006,801,0
SC2110007,9191,0
SC2110009,1133,0
SC2110010,1734,0
SC2110011,5083,0
SC2110012,2283,0
SC2210001,9092,1
SC2210003,3450,0
SC2220001,4941,0
SC2220002,4417,0
SC2220003,2550,0
SC2220004,1079,0
SC2220006,1132,0
SC2220007,726,0
SC2220010,41300,0
SC2220011,1790,0
SC2220013,3133,3
SC2310001,426057,0
SC2310005,54024,0
SC2320003,40006,0
SC2320004,3255,0
SC2350010,180,0
SC2350011,77,0
SC2350013,59,0
SC2350023,1195,0
SC2410001,52022,0
SC2410002,2880,0
SC2410003,3174,0
SC2450001,234,0
SC2450021,73,0
SC2450057,34,1
SC2460001,43,0
SC2510001,3467,0
SC2510002,2120,0
SC2510004,649,0
SC2510005,1865,0
SC2510006,2202,0
SC2510007,238,0
SC2510008,161,0
SC2510009,400,0
SC2610001,49375,0
SC2610008,27005,0
SC2610010,4350,0
SC2610011,43883,0
SC2620001,12740,0
SC2620003,17123,2
SC2620004,252840,0
SC2620009,25,0
SC2660048,10727,0
SC2660049,4415,0
SC2710001,2678,0
SC2750031,153,0
SC2760013,48,0
SC2810001,19076,0
SC2810002,541,0
SC2820001,25783,0
SC2820005,25485,0
SC2820006,3100,0
SC2910001,14074,0
SC2910002,947,0
SC2910003,2567,0
SC2920001,79107,0
SC2920002,25,0
SC3010001,13902,0
SC3010002,8938,0
SC3020001,44866,0
SC3050008,40,1
SC3050013,60,0
SC3110001,3810,0
SC3110002,373,0
SC3210001,24284,0
SC3210002,6814,0
SC3210003,17460,0
SC3210004,34028,0
SC3210006,1923,0
SC3210010,1001,0
SC3220001,10400,1
SC3220002,7550,0
SC3220003,47838,0
SC3250002,172,0
SC3250005,492,0
SC3250012,7146,0
SC3250013,146,0
SC3250014,134,0
SC3250015,455,0
SC3250016,278,0
SC3250017,134,0
SC3250018,55,0
SC3250019,122,0
SC3250020,92,0
SC3250021,335,0
SC3250022,65,0
SC3250023,54,0
SC3250024,50,1
SC3250025,57,0
SC3250028,60,0
SC3250029,311,0
SC3250030,43,0
SC3250031,367,0
SC3250035,683,0
SC3250038,94,0
SC3250042,136,0
SC3250045,124,0
SC3250047,300,0
SC3250050,419,0
SC3250051,43,0
SC3250052,493,0
SC3250054,197,0
SC3250057,375,0
SC3250058,1116,0
SC3250060,73,0
SC3250063,430,0
SC3250065,69,1
SC3250066,367,0
SC3250069,335,0
SC3250072,87,0
SC3250073,480,0
SC3250076,78,0
SC3250077,3937,0
SC3250088,36,0
SC3250097,878,0
SC3250099,277,0
SC3250102,70,0
SC3250103,67,0
SC3250104,75,0
SC3250105,336,0
SC3260012,174,0
SC3260022,122,0
SC3260027,1056,0
SC3260029,29,0
SC3260048,79,0
SC3260049,38,0
SC3260050,25,0
SC3260059,626,1
SC3260081,50,0
SC3260090,90,0
SC3260104,96,0
SC3260127,35,1
SC3260138,65,1
SC3260140,40,1
SC3260147,22,1
SC3260157,100,1
SC3260164,190,0
SC3260170,99,0
SC3260182,66,0
SC3260183,40,1
SC3260187,36,1
SC3260189,100,0
SC3260207,74,0
SC3270010,45,0
SC3270011,140,1
SC3270300,359,0
SC3270301,130,1
SC3270302,286,0
SC3270802,40,0
SC3310001,9104,0
SC3310002,7366,0
SC3310003,678,0
SC3320001,17120,0
SC3410001,9168,0
SC3410002,788,0
SC3410003,2445,0
SC3420001,5360,0
SC3420002,3552,0
SC3510001,1749,1
SC3520002,8500,2
SC3610001,9947,0
SC3610004,2415,1
SC3610005,1282,0
SC3620002,11157,0
SC3670108,50,1
SC3710001,6444,0
SC3710002,39772,0
SC3710003,9588,0
SC3710004,16010,0
SC3710005,468,0
SC3720001,16929,0
SC3750002,681,0
SC3750006,283,0
SC3750007,93,0
SC3750008,38,0
SC3750010,823,1
SC3750012,165,0
SC3750022,32,0
SC3750023,4108,0
SC3750025,1703,0
SC3750026,115,0
SC3750027,62,0
SC3750029,560,0
SC3770002,40,0
SC3770300,864,0
SC3810001,47463,0
SC3810002,1710,0
SC3810003,1498,0
SC3810004,1274,0
SC3810005,1218,0
SC3810006,555,0
SC3810008,775,0
SC3810009,700,0
SC3810010,1378,0
SC3810011,2388,0
SC3810012,280,0
SC3820001,2350,0
SC3820002,2660,0
SC3820003,25,0
SC3850004,21,0
SC3910001,10263,1
SC3910002,36098,0
SC3910003,3349,0
SC3910004,17896,0
SC3910005,3495,0
SC3910006,8320,0
SC3920001,3283,0
SC3920002,14845,0
SC3920003,6334,0
SC3920007,3234,0
SC3920008,8700,0
SC3920010,9568,0
SC3950004,36,0
SC3950005,133,0
SC3950007,70,0
SC3950008,23,0
SC3950009,23,0
SC3970300,33,0
SC3970301,114,0
SC3970303,552,0
SC4010001,354068,1
SC4010002,700,0
SC4010501,31000,0
SC4020002,2200,0
SC4050004,64,0
SC4050006,130,0
SC4050008,484,0
SC4050011,126,0
SC4050012,356,0
SC4050013,190,0
SC4050014,352,0
SC4050015,799,0
SC4050019,208,1
SC4050031,647,0
SC4050042,55,0
SC4060001,37,1
SC4060005,135,0
SC4060006,132,0
SC4060008,68,0
SC4060009,34,1
SC4060010,16,1
SC4060012,24,1
SC4060014,70,0
SC4060019,180,0
SC4060021,12,1
SC4060024,21,0
SC4060032,110,0
SC4060038,90,1
SC4060052,32,0
SC4060064,81,0
SC4110001,3390,2
SC4110002,1575,0
SC4120001,4535,0
SC4150011,29,0
SC4160011,55,0
SC4210001,166364,0
SC4210003,5143,0
SC4220002,41007,0
SC4220003,1851,0
SC4220006,89531,0
SC4220007,32038,0
SC4220010,18152,0
SC4310001,53070,0
SC4310002,455,0
SC4310003,665,0
SC4310501,10000,0
SC4320001,3912,0
SC4320002,1200,0
SC4320003,12545,0
SC4320005,645,0
SC4320006,3282,0
SC4350006,1180,0
SC4350007,327,0
SC4350008,150,0
SC4350014,36,0
SC4350016,412,0
SC4360010,128,0
SC4360011,259,0
SC4360012,173,1
SC4360021,80,1
SC4360037,280,0
SC4410001,13076,0
SC4410002,1886,0
SC4410003,555,3
SC4420001,7368,0
SC4420002,2790,1
SC4420003,2464,1
SC4420007,3109,2
SC4420010,496,5
SC4510001,850,0
SC4510002,6009,0
SC4510003,317,0
SC4510004,3191,1
SC4510005,585,0
SC4510007,7099,1
SC4550001,45,0
SC4610001,11137,0
SC4610002,89850,0
SC4610003,25000,0
SC4610004,654,0
SC4610005,573,0
SC4610006,8400,0
SC4610008,10500,0
SC4610009,280,0
SC4620001,2200,1
SC4620002,30225,2
SC4620003,18273,1
SC4650004,122,0
SC4650008,570,0
SC4650009,183,0
SC4650012,36,0
SC4650016,65,0
SC4650017,503,0
SC4650018,114,0
SC4650019,54,0
SC4650020,359,0
SC4650025,95,0
SC4650028,173,0
SC4650031,175,0
SC4650034,191,0
SC4650035,212,0
SC4650037,81,0
SC4650040,121,0
SC4650041,152,0
SC4650042,52,0
SC4650046,59,0
SC4650047,52,0
SC4650048,90,0
SC4650051,41,0
SC4650052,88,0
SC4650053,209,0
SC4650056,70,0
SC4650057,137,0
SC4650059,70,0
SC4650061,193,0
SC4650062,108,0
SC4650063,446,0
SC4660001,99,0
SC4660003,58,0
SC4660007,550,0
SC4660009,290,0
SC4660045,92,1
SC4660055,93,0
SC4660063,221,0
SC4660064,300,0
SC4660073,114,0
SC4660077,168,1
SC4660081,1225,1
SC4660087,25,0
SC4660088,35,0
SC4660092,157,0
SC4660093,60,1
SC4660095,75,0
SC4660098,128,0
SC4660100,111,0
SC4660101,142,0
SC4660103,93,0
SC4660105,53,0
SC4660108,50,0
SC4660111,65,0
SC4660112,40,0
SC4660115,340,1
SD4600002,698,0
SD4600004,820,0
SD4600007,412,0
SD4600008,470,0
SD4600009,69,0
SD4600010,4000,1
SD4600011,60,0
SD4600012,120,0
SD4600013,247,0
SD4600014,350,0
SD4600015,89,0
SD4600019,108,2
SD4600020,27989,5
SD4600021,340,0
SD4600022,460,0
SD4600023,80,0
SD4600025,212,0
SD4600028,698,0
SD4600030,40,0
SD4600031,590,0
SD4600032,105,0
SD4600034,1271,0
SD4600036,148,0
SD4600037,5617,0
SD4600039,310,0
SD4600040,248,1
SD4600041,200,1
SD4600042,255,0
SD4600043,4500,0
SD4600044,350,0
SD4600045,275,0
SD4600046,14000,3
SD4600048,11048,0
SD4600050,38,1
SD4600053,400,0
SD4600058,1200,0
SD4600059,1056,0
SD4600060,475,0
SD4600062,649,1
SD4600065,88,0
SD4600066,511,0
SD4600067,288,1
SD4600071,23377,0
SD4600072,28,0
SD4600075,150,0
SD4600076,471,0
SD4600077,126,2
SD4600078,346,0
SD4600079,575,0
SD4600080,642,0
SD4600081,89,1
SD4600082,3066,0
SD4600085,918,0
SD4600086,2473,0
SD4600087,266,0
SD4600088,363,0
SD4600090,108,0
SD4600091,1148,0
SD4600092,1218,0
SD4600093,634,0
SD4600094,323,1
SD4600096,142,1
SD4600097,561,0
SD4600099,96,0
SD4600101,1919,0
SD4600102,89,0
SD4600104,1156,0
SD4600105,3633,0
SD4600106,153,0
SD4600108,199,0
SD4600110,525,0
SD4600112,2190,0
SD4600113,94,0
SD4600114,725,0
SD4600115,241,0
SD4600116,2124,0
SD4600117,755,0
SD4600118,480,0
SD4600119,749,1
SD4600120,320,0
SD4600121,813,0
SD4600124,367,0
SD4600125,693,0
SD4600127,2372,1
SD4600128,337,0
SD4600130,2236,0
SD4600133,215,0
SD4600134,1329,0
SD4600135,75,0
SD4600137,33,0
SD4600138,1228,0
SD4600139,240,1
SD4600140,392,0
SD4600142,1162,0
SD4600143,166,0
SD4600145,1221,0
SD4600146,48,0
SD4600147,1380,0
SD4600148,10297,0
SD4600150,3396,0
SD4600151,393,0
SD4600152,200,1
SD4600153,256,1
SD4600154,420,0
SD4600155,416,1
SD4600158,682,0
SD4600159,872,0
SD4600160,28,1
SD4600161,112,0
SD4600162,164,1
SD4600163,3395,0
SD4600164,346,0
SD4600165,848,0
SD4600166,332,0
SD4600167,579,0
SD4600168,379,0
SD4600169,14263,0
SD4600173,422,0
SD4600174,292,0
SD4600175,145,0
SD4600176,121,0
SD4600179,88,0
SD4600181,543,0
SD4600182,265,0
SD4600184,572,2
SD4600185,710,0
SD4600186,45,0
SD4600187,554,0
SD4600189,283,0
SD4600192,1156,0
SD4600193,2571,0
SD4600194,434,1
SD4600195,115,0
SD4600196,159,0
SD4600197,111,0
SD4600198,569,0
SD4600199,6191,0
SD4600201,894,0
SD4600202,1500,0
SD4600203,19,0
SD4600204,205,0
SD4600205,614,0
SD4600207,3544,0
SD4600211,1349,0
SD4600212,190,0
SD4600214,15651,0
SD4600215,3261,0
SD4600217,468,0
SD4600218,47,1
SD4600220,461,0
SD4600221,475,0
SD4600222,583,0
SD4600223,1481,0
SD4600224,679,0
SD4600225,206,0
SD4600226,3042,0
SD4600227,143,0
SD4600229,391,0
SD4600230,117,0
SD4600233,658,0
SD4600235,1025,0
SD4600236,1567,1
SD4600237,140,0
SD4600238,759,0
SD4600241,129,0
SD4600242,14091,0
SD4600245,782,0
SD4600246,1256,0
SD4600247,229,0
SD4600248,472,0
SD4600250,267,0
SD4600252,159,0
SD4600253,155,0
SD4600257,170,0
SD4600260,150,0
SD4600263,1200,0
SD4600264,1200,0
SD4600265,267,0
SD4600268,48,0
SD4600269,27,0
SD4600270,180,0
SD4600271,491,0
SD4600272,68,0
SD4600273,70,0
SD4600274,11408,0
SD4600277,2214,0
SD4600282,269,0
SD4600283,379,0
SD4600284,181,0
SD4600286,198,0
SD4600287,255,0
SD4600288,1325,0
SD4600290,785,0
SD4600291,645,0
SD4600292,25,0
SD4600294,216462,0
SD4600297,110,0
SD4600300,230,0
SD4600304,5965,0
SD4600310,2479,0
SD4600311,13803,0
SD4600314,110,0
SD4600315,192,0
SD4600316,180,1
SD4600317,2108,1
SD4600318,321,0
SD4600320,94,1
SD4600321,7020,0
SD4600324,223,0
SD4600326,288,2
SD4600327,423,0
SD4600329,40,1
SD4600331,36,0
SD4600332,1250,0
SD4600333,206,0
SD4600334,575,0
SD4600335,211,0
SD4600337,1012,0
SD4600338,65,1
SD4600339,26,1
SD4600340,925,0
SD4600341,317,0
SD4600342,11695,0
SD4600343,814,1
SD4600346,2340,0
SD4600347,161,0
SD4600348,1490,0
SD4600349,276,1
SD4600350,91,0
SD4600351,41,0
SD4600352,84,0
SD4600356,23230,0
SD4600357,473,0
SD4600360,1728,0
SD4600361,170,0
SD4600362,895,1
SD4600364,499,0
SD4600366,359,0
SD4600367,533,1
SD4600368,879,0
SD4600370,255,0
SD4600371,432,0
SD4600373,2921,0
SD4600375,459,0
SD4600376,618,0
SD4600377,939,1
SD4600385,915,0
SD4600386,2359,0
SD4600387,73,0
SD4600388,1215,0
SD4600390,738,0
SD4600391,1362,0
SD4600392,100,0
SD4600395,140,0
SD4600396,25,2
SD4600397,928,0
SD4600398,589,0
SD4600403,25,2
SD4600404,105,0
SD4600405,50,0
SD4600406,72009,0
SD4600407,170,0
SD4600408,57,0
SD4600409,7381,0
SD4600411,499,0
SD4600412,95,1
SD4600414,40,1
SD4600415,120,1
SD4600416,75,0
SD4600417,699,0
SD4600418,485,0
SD4600419,181,0
SD4600420,35,1
SD4600421,750,0
SD4600423,15411,0
SD4600425,55,0
SD4600426,23,0
SD4600428,170,0
SD4600429,5800,0
SD4600430,6200,0
SD4600431,6455,0
SD4600432,13435,0
SD4600433,6248,0
SD4600439,25,0
SD4600501,863,0
SD4600504,67,0
SD4600508,75,0
SD4600511,2715,0
SD4600512,50,0
SD4600513,70,0
SD4600514,1075,1
SD4600515,130,0
SD4600516,96,0
SD4600518,68,0
SD4600520,4860,0
SD4600521,104,0
SD4600546,42,0
SD4600549,125,0
SD4600620,83,0
SD4600621,2750,0
SD4600624,320,1
SD4600625,163,0
SD4600626,4780,0
SD4600627,420,0
SD4600629,83,0
SD4600669,264,0
SD4600862,412,1
SD4600863,98,0
SD4600864,5050,0
SD4600865,13320,0
SD4600866,4280,0
SD4600870,5250,0
SD4600874,2888,0
SD4600875,87,0
SD4600876,103,0
SD4600877,65,1
SD4600878,2685,0
SD4600881,2325,0
SD4600882,5673,0
SD4600884,288,0
SD4600910,438,0
SD4600915,70,0
SD4600948,425,0
SD4600999,4250,0
SD4601000,118,0
SD4601082,349,0
SD4601089,20750,0
SD4601090,3485,0
SD4602000,71,0
SD4602001,235,1
SD4602005,200,0
SD4602017,118,0
SD4602020,120,0
SD4602022,85,0
SD4602023,150,1
SD4602025,140,0
SD4602026,90,0
SD4602027,108,0
SD4602040,80,0
SD4602042,95,1
SD4602050,120,0
SD4602051,100,0
SD4602057,133,0
SD4602059,108,0
SD4602060,95,1
SD4602064,142,0
SD4602066,137,0
SD4602068,189,0
SD4602073,94,0
SD4602076,114,0
SD4602077,198,0
SD4602081,119,0
SD4602084,35,0
SD4602086,107,0
SD4602089,465,0
SD4602093,3700,0
SD4602094,64,0
SD4602095,54,0
SD4602099,180,0
SD4602106,44,0
SD4602108,51,0
SD4602122,135,0
SD4602125,300,0
SD4602127,95,0
SD4602134,25,0
SD4602135,180,0
SD4602136,64,1
SD4602143,323,0
SD4602144,135,0
SD4602151,85,0
SD4602153,25,0
SD4602154,250,0
SD4602156,1170,0
SD4602159,295,0
SD4602164,2982,0
SD4602169,268,1
SD4602172,48,0
SD4602175,11833,0
SD4602176,25,0
SD4602179,42,0
SD4602180,108,0
SD4602185,1447,0
SD4602189,62,0
SD4602191,170,0
SD4602201,1057,0
SD4602203,375,0
SD4602204,112,0
SD4602209,74,1
SD4602210,195,0
SD4602211,38,0
SD4602212,168,0
SD4602213,47,0
SD4602218,31,0
SD4602220,365,0
SD4602223,4720,0
SD4602224,2492,0
SD4602228,470,0
SD4602231,66,0
SD4602232,65,0
SD4602234,38,0
SD4602235,95,0
SD4602237,110,0
SD4602240,49,0
SD4602241,233,0
SD4602249,122,0
SD4602250,38,0
SD4602252,172,0
SD4602257,35,0
SD4602258,63,0
SD4602259,40,0
SD4602260,50,0
SD4602261,283,0
SD4602263,263,0
SD4602266,180,0
SD4602267,75,0
SD4602270,650,0
SD4602272,283,0
SD4602276,45,0
SD4602277,602,0
SD4602280,44,0
SD4602281,33,0
SD4602282,70,0
SD4602284,30,0
SD4602285,85,0
SD4602287,220,0
SD4602295,40,0
SD4602301,45,1
SD4602303,971,0
SD4602307,48,0
SD4602309,947,0
SD4602310,52,0
SD4602311,163,0
SD4602314,357,0
SD4602318,180,0
SD4602319,30,0
SD4602322,105,2
SD4602323,178,0
SD4602326,38,0
SD4602331,68,0
SD4602334,882,0
SD4602342,90,0
SD4602343,42,0
SD4602345,80,0
SD4602349,30,0
SD4602351,40,0
SD4602352,93,0
SD4602354,160,0
SD4602356,35,0
SD4602358,95,0
SD4602361,320,0
SD4602362,38,0
SD4602363,52,0
SD4602366,333,0
SD4602376,33,0
SD4602377,48,0
SD4602379,88,0
SD4602401,28,0
SD4680001,230,0
SD4680002,800,0
SD4680003,445,0
SD4680004,9100,0
TN0000001,5915,0
TN0000002,9985,0
TN0000005,3117,0
TN0000006,8528,0
TN0000007,35238,0
TN0000008,2626,1
TN0000009,10042,0
TN0000010,4058,0
TN0000013,4729,0
TN0000014,19075,0
TN0000018,1886,0
TN0000022,10037,0
TN0000023,9173,0
TN0000024,26424,0
TN0000033,9197,0
TN0000035,1299,0
TN0000037,6464,0
TN0000038,7906,0
TN0000040,7781,0
TN0000041,10378,0
TN0000044,2633,1
TN0000045,2610,0
TN0000046,1771,0
TN0000048,2491,0
TN0000050,944,0
TN0000051,1170,0
TN0000055,750,0
TN0000056,13318,0
TN0000058,15647,0
TN0000061,2763,0
TN0000063,6251,0
TN0000066,12952,0
TN0000067,1276,0
TN0000069,30493,0
TN0000070,3715,0
TN0000073,37648,0
TN0000079,6268,0
TN0000080,12845,0
TN0000081,1649,0
TN0000083,134,0
TN0000085,1049,0
TN0000088,8658,2
TN0000090,10013,0
TN0000094,9143,1
TN0000095,3624,0
TN0000096,3220,2
TN0000097,14184,0
TN0000098,1556,0
TN0000099,6160,0
TN0000101,6979,0
TN0000103,11011,0
TN0000104,3426,0
TN0000105,13257,0
TN0000106,2959,0
TN0000107,207046,0
TN0000108,14369,0
TN0000109,19972,0
TN0000113,16135,0
TN0000115,1549,0
TN0000116,251864,0
TN0000117,95087,0
TN0000119,4110,3
TN0000120,18772,0
TN0000122,9185,0
TN0000126,51972,0
TN0000127,3131,0
TN0000128,84617,0
TN0000133,49711,0
TN0000134,8966,0
TN0000135,6608,0
TN0000136,1217,0
TN0000138,258,0
TN0000144,14334,0
TN0000146,2550,0
TN0000147,22673,0
TN0000148,757,0
TN0000149,8449,0
TN0000150,32985,0
TN0000159,12850,0
TN0000161,340,1
TN0000162,1023,0
TN0000166,3623,0
TN0000167,16068,2
TN0000169,20710,0
TN0000170,9931,0
TN0000174,25054,1
TN0000178,150,0
TN0000183,6451,0
TN0000186,2384,0
TN0000187,4809,0
TN0000188,17960,0
TN0000190,8467,0
TN0000191,68675,0
TN0000192,6698,0
TN0000193,4037,0
TN0000195,5983,1
TN0000196,3381,0
TN0000201,19599,0
TN0000205,9782,0
TN0000209,2783,0
TN0000211,19970,0
TN0000212,3538,0
TN0000218,18382,2
TN0000219,59612,0
TN0000220,3239,0
TN0000221,32490,0
TN0000223,1555,0
TN0000224,3917,0
TN0000230,8239,0
TN0000231,12236,0
TN0000232,4317,0
TN0000233,12851,0
TN0000239,3988,0
TN0000242,13908,0
TN0000244,16845,2
TN0000245,3250,0
TN0000246,77222,2
TN0000247,38032,0
TN0000249,5437,0
TN0000251,1596,0
TN0000252,686,0
TN0000253,65964,0
TN0000254,1158,0
TN0000255,670,0
TN0000256,8877,0
TN0000261,1737,0
TN0000262,37738,0
TN0000263,466,0
TN0000264,19813,0
TN0000265,1753,0
TN0000266,17355,0
TN0000267,1019,0
TN0000269,1872,2
TN0000271,9162,1
TN0000273,26657,0
TN0000274,5604,1
TN0000276,2189,0
TN0000278,1104,0
TN0000279,5287,0
TN0000280,84315,0
TN0000282,4354,0
TN0000286,65518,0
TN0000287,16653,0
TN0000290,1600,0
TN0000291,10562,2
TN0000293,8924,0
TN0000294,59034,0
TN0000295,1073,0
TN0000296,511,0
TN0000299,91111,0
TN0000303,68306,0
TN0000304,12475,0
TN0000310,954,0
TN0000311,1416,0
TN0000312,892,0
TN0000314,9908,0
TN0000316,6167,0
TN0000317,1755,0
TN0000318,12516,0
TN0000319,1848,0
TN0000320,729,0
TN0000322,11079,0
TN0000324,3078,0
TN0000325,9702,0
TN0000328,9764,0
TN0000330,5056,0
TN0000331,105057,0
TN0000338,33069,1
TN0000347,1492,0
TN0000349,107739,0
TN0000360,11392,0
TN0000366,254671,0
TN0000367,41311,0
TN0000369,115531,0
TN0000371,77825,0
TN0000373,21551,0
TN0000374,27637,0
TN0000382,230,0
TN0000383,1963,0
TN0000386,38730,0
TN0000389,4017,0
TN0000392,21244,0
TN0000393,60669,0
TN0000394,15595,0
TN0000396,34786,0
TN0000399,4808,0
TN0000400,24569,0
TN0000402,26322,0
TN0000403,1065,1
TN0000404,9568,0
TN0000405,15733,0
TN0000406,4752,0
TN0000408,4773,0
TN0000409,16047,0
TN0000415,10529,0
TN0000416,7895,0
TN0000419,1372,0
TN0000420,3594,0
TN0000421,5495,0
TN0000422,376,0
TN0000423,19029,0
TN0000424,81203,0
TN0000425,15087,0
TN0000428,30347,0
TN0000429,24975,0
TN0000430,11325,0
TN0000435,11918,0
TN0000438,49135,0
TN0000440,3642,0
TN0000441,1439,0
TN0000442,7940,1
TN0000446,403,0
TN0000450,659500,0
TN0000451,702,0
TN0000452,168,0
TN0000453,168,0
TN0000454,2825,0
TN0000455,964,0
TN0000457,5317,0
TN0000458,10932,0
TN0000463,8935,0
TN0000468,7000,0
TN0000469,8237,1
TN0000470,4179,2
TN0000471,5072,0
TN0000472,1844,0
TN0000474,39883,0
TN0000477,821,0
TN0000478,2270,0
TN0000479,9304,0
TN0000480,683,0
TN0000488,8914,0
TN0000490,10434,0
TN0000491,114331,1
TN0000494,778153,0
TN0000496,8098,0
TN0000497,2961,0
TN0000499,5703,0
TN0000500,34925,0
TN0000510,3932,0
TN0000511,34159,0
TN0000513,2126,0
TN0000514,25700,0
TN0000515,27941,0
TN0000517,22908,2
TN0000518,3996,0
TN0000521,14957,0
TN0000522,41614,0
TN0000523,5361,1
TN0000524,1615,0
TN0000525,21082,0
TN0000526,10025,0
TN0000530,8296,0
TN0000531,14085,2
TN0000532,11600,0
TN0000533,1610,0
TN0000536,13145,0
TN0000537,2141,0
TN0000540,5155,0
TN0000541,4303,0
TN0000543,3127,0
TN0000544,1078,0
TN0000546,7388,1
TN0000548,14872,0
TN0000551,5486,0
TN0000552,5434,1
TN0000557,5659,0
TN0000558,19663,0
TN0000559,25761,0
TN0000562,10767,1
TN0000563,7036,0
TN0000568,833,0
TN0000569,5349,0
TN0000570,2205,0
TN0000572,6050,0
TN0000573,4437,2
TN0000576,3843,0
TN0000578,9392,0
TN0000579,2059,1
TN0000580,8030,0
TN0000581,9254,0
TN0000582,3859,0
TN0000584,1226,0
TN0000590,11412,0
TN0000593,13729,0
TN0000594,4966,0
TN0000596,2684,2
TN0000597,1297,0
TN0000598,20197,0
TN0000599,1404,0
TN0000600,2102,0
TN0000604,1533,0
TN0000606,2216,0
TN0000607,758,0
TN0000609,1134,0
TN0000611,19495,0
TN0000613,30571,0
TN0000614,4579,0
TN0000615,20648,0
TN0000617,39885,0
TN0000618,815,0
TN0000623,5970,0
TN0000626,25320,0
TN0000627,1236,0
TN0000628,36813,0
TN0000633,3319,0
TN0000634,7761,0
TN0000635,9265,0
TN0000636,8913,0
TN0000637,7049,1
TN0000639,60876,0
TN0000640,3044,0
TN0000641,5020,0
TN0000643,53864,1
TN0000644,7645,0
TN0000645,9243,0
TN0000646,6244,0
TN0000648,4043,0
TN0000649,6985,0
TN0000650,5771,0
TN0000651,7304,0
TN0000652,10899,0
TN0000653,4577,0
TN0000655,6022,5
TN0000656,2985,0
TN0000664,2091,0
TN0000666,46546,0
TN0000667,65840,0
TN0000672,631,0
TN0000676,5593,0
TN0000678,210,0
TN0000679,450,0
TN0000682,2609,0
TN0000687,13597,0
TN0000691,7203,0
TN0000693,7759,0
TN0000698,4169,0
TN0000699,40094,0
TN0000700,2627,0
TN0000703,9017,0
TN0000704,720,0
TN0000706,5692,2
TN0000707,5155,0
TN0000709,2433,0
TN0000710,955,0
TN0000711,776,0
TN0000712,2096,0
TN0000714,14522,0
TN0000715,30958,0
TN0000718,2159,1
TN0000719,4527,0
TN0000720,16180,0
TN0000724,3831,0
TN0000726,14836,0
TN0000729,12074,0
TN0000730,3576,0
TN0000732,1944,0
TN0000733,9270,0
TN0000736,5354,0
TN0000738,6330,0
TN0000740,421,0
TN0000742,19009,0
TN0000743,86978,0
TN0000745,130411,0
TN0000746,4171,0
TN0000748,1440,0
TN0000749,8001,0
TN0000754,24899,0
TN0000756,11434,0
TN0000757,644,0
TN0000758,12069,1
TN0000764,23846,0
TN0000765,57129,0
TN0000770,24488,0
TN0000790,22680,2
TN0000791,221871,0
TN0000797,308,0
TN0000798,215,0
TN0000802,196,0
TN0000812,1465,0
TN0000813,3386,0
TN0000815,2864,0
TN0000817,2512,0
TN0000818,29055,1
TN0000820,43270,0
TN0000821,25,0
TN0000826,1305,0
TN0000831,25,0
TN0000835,927,0
TN0000838,1116,0
TN0000841,107,0
TN0000842,3197,0
TN0000844,2710,0
TN0000845,3917,5
TN0000849,1203,0
TN0000853,3538,0
TN0000859,2323,0
TN0000863,2226,0
TN0000871,13870,0
TN0000872,15571,0
TN0000880,148,0
TN0000883,3818,0
TN0000884,2350,0
TN0000899,342,0
TN0000904,4431,0
TN0000909,606,0
TN0000910,702,0
TN0000912,1299,0
TN0000916,629,2
TN0000923,140,0
TN0000924,52,0
TN0000925,450,0
TN0000927,3363,0
TN0000928,904,0
TN0000929,25,0
TN0000934,119,0
TN0000935,211,0
TN0000936,259,1
TN0000939,813,0
TN0000948,1155,0
TN0000952,100,0
TN0000953,192,1
TN0000960,79,0
TN0000962,123,0
TN0000969,4280,1
TN0000970,3640,0
TN0000998,91,0
TN0000999,1675,0
TN0001480,328,0
TN0008003,119,0
TN0008132,61,0
TN0008140,75,0
TN0008220,120,0
TN0008228,644,0
TN0008258,289,0
TN0008267,217,0
TN0008271,1070,0
TN0008272,634,0
TN0008277,1492,0
TN0008278,353,0
TN0008279,6194,0
TN0008280,121,0
TN0008286,1280,0
TN0008288,1324,0
TN0008295,162,0
TN0008297,1890,0
TX0010001,31272,2
TX0010002,1896,0
TX0010004,1890,0
TX0010005,2871,0
TX0010007,642,2
TX0010015,1455,0
TX0010018,3012,0
TX0010020,3603,0
TX0010021,1026,0
TX0010023,561,0
TX0010024,2295,0
TX0010026,1038,1
TX0010028,3120,0
TX0010029,1578,2
TX0010030,4221,0
TX0010031,7965,2
TX0010036,4866,1
TX0010038,231,0
TX0010039,237,0
TX0010044,8148,1
TX0010046,1386,0
TX0010047,1368,0
TX0010054,195,0
TX0010055,87,1
TX0020001,14109,3
TX0020015,222,3
TX0030001,5207,3
TX0030002,2014,2
TX0030004,51236,0
TX0030006,84,3
TX0030007,110,1
TX0030010,63,2
TX0030016,3479,0
TX0030017,618,2
TX0030019,7381,0
TX0030020,6684,0
TX0030023,10907,5
TX0030026,3208,0
TX0030027,641,5
TX0030028,3354,1
TX0030029,2339,1
TX0030030,880,5
TX0030031,1356,0
TX0030053,236,1
TX0030094,2012,0
TX0030100,65,2
TX0030102,650,0
TX0040002,11186,1
TX0040003,1668,0
TX0040015,2553,1
TX0040017,330,0
TX0040018,1062,0
TX0040029,765,0
TX0040042,615,0
TX0040055,123,4
TX0040059,450,0
TX0050001,1601,0
TX0050002,2724,0
TX0050003,900,0
TX0050012,179,0
TX0050013,1728,0
TX0050014,1330,0
TX0050015,1091,1
TX0060001,1300,1
TX0060002,150,0
TX0070002,5721,1
TX0070003,17985,0
TX0070004,4860,2
TX0070005,3396,1
TX0070016,2247,0
TX0070017,696,0
TX0070018,474,0
TX0070023,9621,0
TX0080001,4206,1
TX0080002,6839,0
TX0080005,2910,0
TX0080014,300,0
TX0080015,1292,0
TX0080019,250,0
TX0080025,579,0
TX0080027,84,0
TX0080028,60,1
TX0080040,1080,1
TX0080041,576,1
TX0080043,681,1
TX0080045,425,1
TX0080049,72,0
TX0080051,162,0
TX0080053,78,0
TX0080055,138,0
TX0080056,132,0
TX0080058,123,0
TX0080059,144,0
TX0080060,135,0
TX0090001,5158,0
TX0090011,30,1
TX0100011,1092,0
TX0100012,3231,0
TX0100013,774,0
TX0100015,264,0
TX0100016,837,0
TX0100017,1053,1
TX0100030,243,1
TX0100037,3660,0
TX0100039,513,0
TX0100041,129,0
TX0100042,567,0
TX0100047,816,0
TX0100052,72,0
TX0100053,129,0
TX0100059,141,0
TX0100061,75,0
TX0100062,129,1
TX0100065,219,0
TX0100072,219,0
TX0100076,120,0
TX0100091,165,1
TX0100092,882,0
TX0100096,126,0
TX0100110,41,0
TX0100123,25,1
TX0110001,13209,4
TX0110002,13188,0
TX0110003,4901,0
TX0110013,86325,0
TX0110014,696,1
TX0110020,7269,0
TX0110023,46,0
TX0110043,37,0
TX0110045,213,1
TX0110047,318,1
TX0110049,354,0
TX0110052,468,0
TX0110053,2262,0
TX0110054,657,0
TX0110055,219,0
TX0110056,276,0
TX0110057,87,0
TX0110063,36,0
TX0110064,120,0
TX0110066,45,0
TX0110068,90,0
TX0120001,2576,0
TX0120004,2838,0
TX0130001,13664,3
TX0130002,5669,1
TX0130003,250,1
TX0130013,650,0
TX0130016,116,0
TX0130019,85,0
TX0130066,777,3
TX0140002,23054,0
TX0140003,1204,1
TX0140004,1200,0
TX0140005,94935,0
TX0140006,161027,0
TX0140007,6885,1
TX0140016,216,0
TX0140019,3285,0
TX0140020,747,0
TX0140023,35957,0
TX0140024,579,1
TX0140025,2127,1
TX0140027,1961,0
TX0140028,4182,0
TX0140031,7836,0
TX0140033,3111,0
TX0140035,11460,0
TX0140037,4367,0
TX0140044,4100,0
TX0140076,7836,0
TX0140105,4842,1
TX0140107,35669,0
TX0140116,5000,0
TX0140118,4287,0
TX0140149,78,2
TX0140174,2330,2
TX0150009,20119,0
TX0150010,8142,0
TX0150018,2643729,0
TX0150039,7357,1
TX0150040,13857,2
TX0150046,951,0
TX0150047,29709,0
TX0150048,4221,0
TX0150068,8724,0
TX0150082,882,0
TX0150092,2200,2
TX0150096,489,0
TX0150106,8154,0
TX0150114,20907,0
TX0150115,10949,0
TX0150116,37563,1
TX0150117,133,0
TX0150135,1059,0
TX0150138,26137,0
TX0150156,81,1
TX0150178,7794,0
TX0150186,105,1
TX0150208,123,1
TX0150216,9768,0
TX0150235,207,0
TX0150238,51,1
TX0150247,252,0
TX0150256,106,0
TX0150275,3650,0
TX0150399,1191,0
TX0150414,48,1
TX0150420,320,1
TX0150421,768,0
TX0150431,276,0
TX0150433,66,0
TX0150463,796,1
TX0150486,96,1
TX0150492,11418,0
TX0150514,663,1
TX0160001,2097,0
TX0160002,3192,4
TX0160007,75,1
TX0160014,63,0
TX0160019,564,0
TX0160030,1839,0
TX0160041,171,0
TX0170010,275,5
TX0180001,3442,0
TX0180002,1415,0
TX0180003,1203,0
TX0180013,300,0
TX0180014,360,0
TX0180015,2814,0
TX0180016,425,0
TX0180018,490,0
TX0180019,282,0
TX0180020,795,0
TX0180022,711,1
TX0180025,309,0
TX0180026,2469,1
TX0180028,441,0
TX0180030,81,0
TX0180031,160,0
TX0180032,140,0
TX0180033,681,0
TX0180038,2152,0
TX0180040,17,1
TX0180041,33,2
TX0180051,366,0
TX0180071,468,0
TX0180072,171,0
TX0180081,93,0
TX0180082,402,0
TX0190001,1511,1
TX0190002,2518,1
TX0190003,6880,1
TX0190004,37000,0
TX0190005,5945,0
TX0190006,3818,0
TX0190007,1437,0
TX0190008,4356,0
TX0190012,14652,0
TX0190014,963,0
TX0190015,2277,0
TX0190021,2235,0
TX0190024,9210,0
TX0190070,246,0
TX0190084,165,1
TX0190093,451,0
TX0190094,104,0
TX0200001,26244,0
TX0200002,19429,0
TX0200003,2900,0
TX0200004,10604,0
TX0200005,10594,0
TX0200006,27314,0
TX0200008,125828,0
TX0200009,3978,0
TX0200010,3650,0
TX0200011,1673,1
TX0200017,72,1
TX0200018,921,0
TX0200019,120,0
TX0200024,267,0
TX0200025,780,1
TX0200028,813,0
TX0200029,453,0
TX0200032,537,0
TX0200033,356,5
TX0200035,7605,0
TX0200036,354,0
TX0200037,5697,4
TX0200038,951,3
TX0200040,132,1
TX0200041,951,1
TX0200042,48,1
TX0200043,48,1
TX0200053,135,2
TX0200055,195,0
TX0200058,297,0
TX0200062,141,3
TX0200065,285,0
TX0200067,486,0
TX0200070,3111,0
TX0200083,243,3
TX0200094,201,0
TX0200102,240,1
TX0200108,57,0
TX0200125,40,1
TX0200127,231,2
TX0200128,78,1
TX0200134,15,1
TX0200137,90,0
TX0200139,141,1
TX0200144,240,0
TX0200146,171,0
TX0200148,105,1
TX0200151,45,0
TX0200152,72,0
TX0200153,54,0
TX0200158,105,0
TX0200159,66,1
TX0200183,120,1
TX0200185,336,2
TX0200189,144,0
TX0200190,93,0
TX0200201,5119,1
TX0200204,2501,1
TX0200211,69,0
TX0200218,231,0
TX0200219,117,0
TX0200227,294,0
TX0200229,156,0
TX0200230,1701,1
TX0200242,123,0
TX0200244,153,0
TX0200245,411,0
TX0200254,81,0
TX0200255,60,0
TX0200258,99,0
TX0200271,90,0
TX0200273,141,0
TX0200274,132,0
TX0200275,141,0
TX0200277,80,1
TX0200278,111,1
TX0200323,117,0
TX0200324,171,0
TX0200325,93,0
TX0200328,375,1
TX0200335,237,5
TX0200337,336,0
TX0200338,294,0
TX0200341,480,0
TX0200346,219,0
TX0200347,510,0
TX0200353,501,1
TX0200358,120,0
TX0200360,516,0
TX0200361,234,1
TX0200363,93,0
TX0200370,108,0
TX0200379,135,0
TX0200386,3567,0
TX0200390,489,0
TX0200401,105,1
TX0200403,1347,0
TX0200407,8437,0
TX0200409,65,1
TX0200410,111,0
TX0200411,5947,0
TX0200412,1953,2
TX0200413,477,0
TX0200415,321,0
TX0200419,450,1
TX0200432,330,0
TX0200435,150,1
TX0200444,66,1
TX0200460,207,0
TX0200461,80,1
TX0200488,39,1
TX0200506,78,0
TX0200510,231,5
TX0200520,123,1
TX0200541,72,1
TX0200550,63,1
TX0200555,500,3
TX0200560,4230,0
TX0200563,63,1
TX0200566,174,0
TX0200570,174,1
TX0200573,300,1
TX0200575,48,1
TX0200578,6926,0
TX0200586,1020,0
TX0200597,390,0
TX0200599,300,0
TX0200604,228,0
TX0200607,81,1
TX0200610,4833,0
TX0200612,5898,0
TX0200615,5250,0
TX0200616,369,0
TX0200617,294,0
TX0200624,117,2
TX0200632,129,0
TX0200639,390,0
TX0200640,1083,0
TX0200650,3036,0
TX0200656,345,0
TX0200659,5229,0
TX0200663,1977,0
TX0200665,150,0
TX0200670,45,2
TX0200676,2643,0
TX0200680,255,0
TX0200706,5310,0
TX0200707,78,1
TX0200744,20,3
TX0200754,1986,0
TX0200774,630,0
TX0200775,708,0
TX0200785,120,1
TX0200791,690,0
TX0200804,387,0
TX0200810,390,0
TX0200813,57,0
TX0200816,51,0
TX0200832,9978,0
TX0210001,91031,0
TX0210002,104103,0
TX0210005,15000,0
TX0210006,350,1
TX0210010,150,4
TX0210016,25092,0
TX0210017,58500,0
TX0210039,567,2
TX0210042,202,0
TX0210045,56,1
TX0210062,31,1
TX0220001,6000,0
TX0220013,430,0
TX0220018,942,0
TX0220020,300,0
TX0220035,888,2
TX0220040,45,1
TX0230001,597,5
TX0230002,342,5
TX0230004,126,1
TX0230005,85,1
TX0240001,4473,1
TX0240011,225,1
TX0250001,2964,1
TX0250002,18862,0
TX0250004,13026,0
TX0250013,369,0
TX0250015,3296,0
TX0250017,363,1
TX0250019,7575,0
TX0260001,4358,0
TX0260002,1556,0
TX0260005,480,1
TX0260006,340,1
TX0260007,510,0
TX0260010,642,0
TX0260012,118,0
TX0260013,210,2
TX0260014,2850,1
TX0260015,600,0
TX0260017,980,0
TX0260018,850,1
TX0260019,243,0
TX0260022,28,2
TX0260028,68,0
TX0260032,51,0
TX0260037,189,0
TX0260039,487,2
TX0260043,27,0
TX0260052,1407,1
TX0270001,7011,0
TX0270006,276,1
TX0270011,1452,1
TX0270012,3636,0
TX0270013,2157,0
TX0270014,333,5
TX0270017,153,0
TX0270018,171,0
TX0270021,312,3
TX0270022,675,0
TX0270026,8059,1
TX0270035,462,0
TX0270036,2480,0
TX0270037,135,0
TX0270041,291,4
TX0270042,261,1
TX0270043,324,0
TX0270045,216,0
TX0270047,106,5
TX0270049,6795,2
TX0270065,300,1
TX0270078,117,0
TX0270080,111,4
TX0270081,573,0
TX0270082,126,2
TX0270088,90,1
TX0270099,734,0
TX0270113,213,0
TX0270114,54,0
TX0270118,372,0
TX0270120,448,0
TX0270124,450,1
TX0270126,282,0
TX0270131,81,2
TX0270134,60,0
TX0270141,570,0
TX0270148,339,0
TX0280001,18800,0
TX0280002,7364,0
TX0280003,16104,4
TX0280012,1698,0
TX0280013,3045,0
TX0290001,759,0
TX0290002,12000,4
TX0290004,1577,0
TX0290007,4482,4
TX0290027,213,2
TX0290028,96,0
TX0290036,171,0
TX0290050,198,1
TX0290056,144,1
TX0290060,150,1
TX0290065,1139,3
TX0290066,42,5
TX0300001,1534,3
TX0300002,3820,3
TX0300003,926,0
TX0300005,3918,3
TX0300015,3741,5
TX0310001,201249,0
TX0310002,85900,0
TX0310003,7226,0
TX0310004,6009,0
TX0310005,46674,0
TX0310006,2640,3
TX0310007,24250,0
TX0310008,888,2
TX0310009,2883,3
TX0310021,2895,1
TX0310022,9423,0
TX0310026,8952,1
TX0310027,1310,0
TX0310031,1953,0
TX0310059,3644,0
TX0310094,5811,0
TX0310096,24756,0
TX0310145,600,1
TX0310147,213,0
TX0310154,743,0
TX0320001,4335,0
TX0320002,12777,1
TX0320011,585,0
TX0320014,459,0
TX0320015,186,0
TX0320016,150,0
TX0320022,324,1
TX0330001,548,1
TX0330002,2284,0
TX0330003,918,0
TX0330004,394,1
TX0340001,5418,2
TX0340002,371,1
TX0340003,2527,1
TX0340004,1813,1
TX0340014,681,0
TX0340015,211,1
TX0340017,115,2
TX0340018,1398,0
TX0340019,55,1
TX0340041,318,1
TX0340055,1386,0
TX0340066,5871,0
TX0340067,312,0
TX0340068,2670,4
TX0350001,4393,0
TX0350002,1000,2
TX0350003,311,1
TX0350014,140,1
TX0360001,2296,0
TX0360002,8397,0
TX0360004,270,4
TX0360005,8004,0
TX0360017,12864,4
TX0360023,347,0
TX0360026,90,1
TX0360027,643,2
TX0360028,234,1
TX0360030,7695,0
TX0360049,57,1
TX0360065,174,0
TX0360069,768,0
TX0360074,132,2
TX0360084,96,0
TX0360090,234,1
TX0360093,96,0
TX0360096,1557,0
TX0360100,176,2
TX0360104,2500,0
TX0360108,217,0
TX0360111,129,0
TX0360112,10,0
TX0360114,1521,3
TX0360117,141,2
TX0360122,774,0
TX0360126,165,3
TX0360150,234,0
TX0360151,90,0
TX0360154,57,0
TX0370001,1225,0
TX0370002,14420,3
TX0370003,5602,0
TX0370004,853,1
TX0370014,1677,0
TX0370015,2313,1
TX0370016,5577,0
TX0370017,924,0
TX0370018,6951,1
TX0370019,651,5
TX0370020,996,0
TX0370021,1623,0
TX0370022,447,0
TX0370024,795,1
TX0370027,558,1
TX0370028,906,4
TX0370029,1218,1
TX0370031,1752,0
TX0370033,978,4
TX0370036,2082,0
TX0370039,660,4
TX0370051,115,1
TX0370052,1485,0
TX0370053,687,0
TX0370054,1386,0
TX0370055,1305,1
TX0370056,378,1
TX0380001,6105,3
TX0380012,119,2
TX0380013,534,1
TX0380014,316,0
TX0380015,183,1
TX0380017,125,0
TX0380019,68,0
TX0390001,3111,1
TX0390002,514,1
TX0390003,446,3
TX0390013,289,0
TX0390014,66,1
TX0390016,80,0
TX0390019,2492,0
TX0390021,1770,0
TX0400001,1608,0
TX0400002,375,0
TX0400012,61,1
TX0410001,999,0
TX0410002,1025,1
TX0410007,50,0
TX0410017,410,5
TX0420001,3998,0
TX0420002,1090,1
TX0420034,5000,3
TX0430002,1189,0
TX0430003,52701,0
TX0430004,5312,1
TX0430005,231910,0
TX0430007,292059,0
TX0430008,37019,0
TX0430009,42598,0
TX0430011,48393,0
TX0430025,113746,0
TX0430027,23960,1
TX0430029,8438,0
TX0430030,24615,0
TX0430032,2091,1
TX0430033,17589,0
TX0430034,11100,0
TX0430035,2643,0
TX0430036,9800,0
TX0430037,15822,0
TX0430039,224043,0
TX0430040,26234,0
TX0430041,3364,0
TX0430042,21082,0
TX0430043,747,2
TX0430044,90,0
TX0430045,6486,0
TX0430048,3672,0
TX0430049,2424,0
TX0430050,1185,1
TX0430051,11430,0
TX0430053,4218,0
TX0430054,8378,0
TX0430055,10716,1
TX0430057,2037,0
TX0430060,96,0
TX0430077,2754,0
TX0440001,1857,1
TX0440002,93,1
TX0440016,147,0
TX0440018,286,1
TX0450001,3739,0
TX0450002,3837,0
TX0450004,2226,0
TX0450014,654,1
TX0450015,230,0
TX0450016,414,0
TX0450021,855,0
TX0450022,72,0
TX0450049,96,0
TX0450052,159,1
TX0450064,150,0
TX0450069,750,0
TX0450087,201,0
TX0450113,81,0
TX0460001,116477,0
TX0460017,171,2
TX0460019,44196,2
TX0460022,1528,0
TX0460024,1825,0
TX0460027,5100,0
TX0460037,1944,0
TX0460050,171,0
TX0460060,336,1
TX0460063,2202,0
TX0460095,324,0
TX0460152,282,0
TX0460158,579,0
TX0460161,81,1
TX0460172,32973,0
TX0460182,270,0
TX0460185,75,0
TX0460202,63,0
TX0460205,174,1
TX0460208,792,1
TX0460211,1065,0
TX0460214,405,2
TX0460221,756,0
TX0460223,321,0
TX0460226,114,1
TX0460235,93,0
TX0460243,411,5
TX0460246,2985,2
TX0460250,1773,0
TX0460265,2322,2
TX0460310,414,0
TX0470001,4211,4
TX0470002,2171,2
TX0470003,392,1
TX0470015,2919,2
TX0470027,219,3
TX0470028,1038,2
TX0480001,2120,0
TX0480011,165,5
TX0480015,3987,5
TX0490001,18107,0
TX0490002,1771,0
TX0490003,1050,0
TX0490013,2277,0
TX0490014,462,1
TX0490016,2848,0
TX0490017,219,0
TX0490018,7689,0
TX0490019,363,1
TX0490020,1002,1
TX0490021,468,1
TX0490027,3756,1
TX0490030,126,0
TX0490040,162,1
TX0490041,195,0
TX0490042,363,1
TX0490044,129,0
TX0490045,285,2
TX0490049,1188,0
TX0500001,41669,0
TX0500002,16135,0
TX0500003,454,0
TX0500005,963,0
TX0500013,6042,0
TX0500015,426,0
TX0500016,180,1
TX0500017,2500,1
TX0500020,2400,0
TX0500023,808,1
TX0500041,120,1
TX0500043,595,1
TX0500044,3631,5
TX0510001,1087,1
TX0510004,78,1
TX0520001,3996,1
TX0530012,3800,0
TX0540001,1741,1
TX0540002,834,0
TX0540003,1639,1
TX0540015,560,1
TX0540017,70,0
TX0550001,2063,1
TX0550014,35,0
TX0560001,8256,0
TX0560002,448,4
TX0570004,1356479,0
TX0570006,57999,0
TX0570007,39413,0
TX0570010,248822,0
TX0570012,5902,0
TX0570013,40449,0
TX0570014,152020,0
TX0570015,122615,0
TX0570016,20156,1
TX0570018,7296,0
TX0570031,17257,0
TX0570032,28300,1
TX0570034,136170,0
TX0570036,50904,0
TX0570038,3855,0
TX0570039,3588,1
TX0570040,43193,0
TX0570044,702,0
TX0570047,40246,0
TX0570048,201843,0
TX0570049,8959,0
TX0570050,264546,0
TX0570056,68123,0
TX0570057,30630,0
TX0570059,8839,0
TX0570061,25617,0
TX0570082,267,0
TX0570085,18718,0
TX0570094,225,1
TX0570097,42,1
TX0570098,279,1
TX0570176,2685,0
TX0570186,150,0
TX0580001,9442,0
TX0580011,245,3
TX0580013,315,5
TX0580025,311,0
TX0590001,16048,1
TX0590002,250,1
TX0600001,2135,2
TX0600012,249,0
TX0600017,1563,0
TX0600018,3306,0
TX0610001,4058,0
TX0610002,150037,0
TX0610003,7537,0
TX0610004,140880,0
TX0610005,7836,0
TX0610006,10166,0
TX0610007,6062,0
TX0610008,10127,0
TX0610009,759,0
TX0610011,1050,0
TX0610015,327,0
TX0610016,156,2
TX0610018,13649,0
TX0610019,12720,0
TX0610020,8751,0
TX0610023,80000,0
TX0610026,858,0
TX0610029,17826,0
TX0610032,795,1
TX0610035,41000,0
TX0610036,110826,0
TX0610037,459,0
TX0610039,2711,0
TX0610040,1764,0
TX0610041,384,0
TX0610045,405,0
TX0610049,11901,0
TX0610051,72,0
TX0610052,1140,0
TX0610059,381,0
TX0610065,23213,0
TX0610068,234,1
TX0610070,168,1
TX0610080,16500,0
TX0610081,45367,0
TX0610084,114,1
TX0610091,2979,0
TX0610099,186,1
TX0610112,2439,0
TX0610113,159,0
TX0610116,108,0
TX0610119,108,0
TX0610161,363,1
TX0610163,483,1
TX0610164,1455,0
TX0610165,342,0
TX0610166,261,0
TX0610167,87,0
TX0610175,147,0
TX0610179,105,0
TX0610181,189,1
TX0610187,30,0
TX0610189,84,1
TX0610191,1752,0
TX0610195,87,1
TX0610199,69,0
TX0610201,129,0
TX0610203,1509,0
TX0610209,501,0
TX0610210,246,0
TX0610212,375,0
TX0610214,111,1
TX0610217,855,0
TX0610218,237,0
TX0610220,723,0
TX0610223,36,0
TX0610224,54,0
TX0610228,13325,0
TX0610232,66,1
TX0610233,456,0
TX0610234,42,0
TX0610235,10430,0
TX0610236,336,0
TX0610237,198,0
TX0610238,1476,0
TX0610243,68,0
TX0610244,7128,0
TX0610252,3090,0
TX0610253,5805,0
TX0610256,3897,0
TX0610258,2955,0
TX0610259,5160,0
TX0610261,5061,0
TX0610268,69,1
TX0610272,1977,0
TX0610278,813,0
TX0620001,9807,0
TX0620002,336,1
TX0620003,5814,0
TX0620004,1871,0
TX0630001,208,0
TX0630011,45,0
TX0630012,863,0
TX0630013,240,0
TX0640002,5830,0
TX0640011,1225,1
TX0640012,870,0
TX0640022,1050,0
TX0640028,60,1
TX0640029,222,1
TX0640030,210,1
TX0650001,2026,2
TX0650002,275,1
TX0650004,370,0
TX0650014,222,0
TX0660001,2285,5
TX0660002,2923,5
TX0660003,6291,2
TX0660014,200,0
TX0660015,160,5
TX0660017,545,1
TX0670001,4076,1
TX0670002,3609,1
TX0670003,1518,4
TX0670004,2629,2
TX0670005,765,1
TX0670015,999,2
TX0670018,770,1
TX0670020,783,0
TX0670023,1929,1
TX0670027,3069,1
TX0670033,348,2
TX0670039,222,0
TX0680002,123334,0
TX0680012,257,1
TX0680013,126,1
TX0680051,108,5
TX0680148,93,2
TX0680163,200,5
TX0680214,3477,0
TX0680235,15300,0
TX0690011,279,5
TX0690012,1662,0
TX0700001,24891,0
TX0700002,3070,1
TX0700004,994,0
TX0700005,27699,0
TX0700006,796,1
TX0700007,3015,0
TX0700008,50814,0
TX0700019,1218,1
TX0700020,692,0
TX0700023,924,0
TX0700024,1521,0
TX0700025,2277,0
TX0700026,864,1
TX0700028,2264,0
TX0700031,18577,0
TX0700033,46614,0
TX0700034,20736,0
TX0700037,8218,1
TX0700042,23988,0
TX0700043,1767,0
TX0700054,117,1
TX0700056,321,0
TX0700057,309,0
TX0700058,180,0
TX0700059,216,0
TX0700063,501,0
TX0700064,444,0
TX0700067,4532,0
TX0700070,549,1
TX0700071,198,0
TX0700080,66,0
TX0700081,1812,0
TX0710001,5555,2
TX0710002,747168,0
TX0710005,31542,0
TX0710009,675,0
TX0710018,9444,0
TX0710019,3600,0
TX0710020,28000,0
TX0710066,141,5
TX0710067,224,1
TX0710071,108,0
TX0710076,1400,1
TX0710078,2961,0
TX0710091,1074,0
TX0710102,45,1
TX0710112,96,0
TX0710139,54,2
TX0710154,59049,0
TX0710158,39,1
TX0710163,2684,0
TX0710178,11480,0
TX0710186,36773,0
TX0710187,15000,0
TX0720001,3388,2
TX0720002,23110,0
TX0720012,358,1
TX0720013,1104,0
TX0720020,620,1
TX0720021,297,0
TX0720027,114,0
TX0720028,555,2
TX0720033,135,0
TX0720034,129,0
TX0720036,270,1
TX0720037,1347,0
TX0720045,90,0
TX0720054,45,0
TX0720057,80,0
TX0720058,60,0
TX0720059,72,0
TX0720061,78,0
TX0730001,644,0
TX0730002,5967,3
TX0730003,1353,1
TX0730004,5353,5
TX0730005,957,1
TX0730013,1623,1
TX0730015,222,0
TX0730019,303,0
TX0730021,2880,0
TX0730024,230,1
TX0740001,10746,0
TX0740002,729,1
TX0740003,2192,0
TX0740004,597,0
TX0740005,2691,0
TX0740006,868,0
TX0740007,981,1
TX0740008,199,1
TX0740009,820,0
TX0740019,2205,0
TX0740021,735,0
TX0740023,285,0
TX0740024,459,0
TX0740027,459,0
TX0740031,9198,0
TX0740034,2586,0
TX0740035,2441,0
TX0740036,975,0
TX0740038,220,1
TX0740039,336,0
TX0740044,3011,0
TX0750001,253,1
TX0750002,1969,2
TX0750003,4973,1
TX0750004,3000,0
TX0750007,375,0
TX0750009,575,0
TX0750014,573,3
TX0750022,5802,1
TX0750034,1866,0
TX0760001,1147,1
TX0760002,1983,5
TX0760012,717,1
TX0760013,699,2
TX0770001,2675,0
TX0770002,1328,0
TX0770013,50,1
TX0780001,914,5
TX0780013,125,4
TX0780014,318,5
TX0790001,3089,1
TX0790003,43158,0
TX0790004,49173,0
TX0790005,90909,0
TX0790014,977,1
TX0790018,1207,1
TX0790023,25326,0
TX0790025,5000,0
TX0790028,14409,0
TX0790033,4203,0
TX0790037,400,0
TX0790038,6819,0
TX0790049,2607,0
TX0790050,1821,0
TX0790051,7545,0
TX0790085,3365,1
TX0790112,4260,0
TX0790130,15327,0
TX0790132,14913,0
TX0790133,34000,0
TX0790137,5424,0
TX0790144,492,1
TX0790146,16794,0
TX0790155,1479,0
TX0790158,8663,0
TX0790174,9096,0
TX0790189,1662,0
TX0790199,2031,0
TX0790200,5367,0
TX0790207,9147,0
TX0790216,3812,0
TX0790220,2874,0
TX0790229,4179,0
TX0790230,7818,0
TX0790237,13695,0
TX0790253,15546,0
TX0790254,4395,0
TX0790256,1080,0
TX0790261,165,0
TX0790267,3969,0
TX0790268,4107,0
TX0790274,945,0
TX0790277,6234,0
TX0790291,2460,1
TX0790292,2517,0
TX0790296,12368,0
TX0790306,4743,0
TX0790307,3828,0
TX0790309,3099,0
TX0790315,2247,0
TX0790316,3048,0
TX0790323,2559,0
TX0790324,5613,0
TX0790332,6450,0
TX0790343,4239,0
TX0790344,2274,0
TX0790345,4847,0
TX0790347,4641,0
TX0790350,1311,0
TX0790354,4278,0
TX0790356,3867,0
TX0790363,495,0
TX0790364,1002,0
TX0790366,5346,0
TX0790367,4833,0
TX0790368,648,0
TX0790371,3150,0
TX0790376,7365,0
TX0790382,5088,0
TX0790383,85,0
TX0790385,807,0
TX0790386,2583,0
TX0790387,2076,0
TX0790389,111,0
TX0790393,3477,0
TX0790396,738,0
TX0790403,1527,0
TX0790405,816,0
TX0790410,3219,0
TX0790412,2544,0
TX0790414,60,0
TX0790416,3366,0
TX0790422,6192,0
TX0790423,507,0
TX0790425,276,0
TX0790428,135,1
TX0790429,11595,0
TX0790430,6663,0
TX0790433,6297,0
TX0790435,5985,0
TX0790437,4713,0
TX0790438,513,0
TX0790440,3258,0
TX0790443,10233,0
TX0790444,7362,0
TX0790445,2547,0
TX0790446,4143,0
TX0790449,6285,0
TX0790450,3114,0
TX0790451,2790,0
TX0790452,7824,0
TX0790455,5335,0
TX0790458,10629,0
TX0790459,5553,0
TX0790462,2934,0
TX0790466,2214,0
TX0790468,3177,0
TX0790470,4314,0
TX0790472,7245,0
TX0790474,6030,0
TX0790478,3663,0
TX0790479,126,0
TX0790481,5496,0
TX0790482,4665,0
TX0790486,495,0
TX0790487,4575,0
TX0790488,5292,0
TX0790489,6435,0
TX0790491,5184,0
TX0790492,69,0
TX0790493,4179,0
TX0790494,4311,0
TX0790495,300,0
TX0790497,624,0
TX0790498,10974,0
TX0790500,10498,0
TX0790501,5049,0
TX0790502,1263,0
TX0790504,297,0
TX0790510,138,0
TX0790517,4638,0
TX0790520,1599,0
TX0790521,5187,0
TX0790522,6093,0
TX0790532,7356,0
TX0790533,7260,0
TX0790537,29,1
TX0790541,1719,0
TX0790543,5211,0
TX0790548,1836,0
TX0790550,1668,0
TX0790553,758,0
TX0790559,1884,1
TX0790560,5421,0
TX0790562,5796,0
TX0790566,795,0
TX0790573,1812,0
TX0790574,2733,0
TX0790576,90,0
TX0790580,882,0
TX0790582,2412,0
TX0790588,1212,0
TX0790592,594,0
TX0790593,147,0
TX0790597,4149,0
TX0790601,675,0
TX0790602,3666,0
TX0790607,3582,0
TX0790609,45,0
TX0790612,708,0
TX0790614,54,0
TX0790624,1521,0
TX0790628,450,0
TX0790629,276,0
TX0790630,246,0
TX0790639,420,0
TX0790647,387,0
TX0790648,576,0
TX0790650,47,0
TX0790651,661,0
TX0790656,288,0
TX0790690,513,0
TX0800001,2662,0
TX0800003,13698,0
TX0800012,276,0
TX0800016,1821,0
TX0810001,3005,2
TX0810002,5688,1
TX0810003,980,1
TX0810005,3753,0
TX0810010,525,0
TX0810011,402,0
TX0810013,1842,0
TX0810015,1839,0
TX0810016,573,0
TX0810017,345,0
TX0810018,462,0
TX0810019,549,1
TX0810022,250,0
TX0810024,1563,0
TX0810029,45,0
TX0810031,261,0
TX0810033,120,0
TX0810034,2304,0
TX0810037,1690,0
TX0810038,258,0
TX0820001,4505,1
TX0820002,8985,0
TX0820012,930,0
TX0820016,174,1
TX0830001,2417,5
TX0830011,300,3
TX0830012,7386,1
TX0840001,30399,0
TX0840002,43190,0
TX0840003,52326,0
TX0840004,8346,2
TX0840006,15154,0
TX0840007,149557,0
TX0840008,61541,1
TX0840009,7065,0
TX0840010,1839,0
TX0840011,8900,0
TX0840021,2900,1
TX0840028,660,2
TX0840030,1075,1
TX0840031,8721,0
TX0840036,2568,0
TX0840044,18424,0
TX0840046,78,2
TX0840057,128,0
TX0840063,11622,0
TX0840080,30,0
TX0840187,81,1
TX0840229,141,0
TX0840267,100,1
TX0840287,741,0
TX0840288,30,0
TX0850001,5471,1
TX0850014,216,3
TX0860001,11257,0
TX0860005,333,0
TX0860006,189,1
TX0860010,159,1
TX0860080,57,2
TX0860086,219,0
TX0860090,357,1
TX0860098,357,0
TX0860100,213,0
TX0860104,726,1
TX0860106,381,0
TX0860107,195,0
TX0860113,42,1
TX0860136,60,4
TX0860144,261,0
TX0860212,180,0
TX0860214,31,0
TX0870011,450,0
TX0880001,1700,1
TX0880010,636,0
TX0880011,204,0
TX0880012,234,0
TX0890001,9172,0
TX0890002,2378,0
TX0890003,970,0
TX0890004,458,2
TX0890005,201,0
TX0890006,10350,0
TX0890032,37,0
TX0900001,420,1
TX0900002,665,0
TX0900003,17994,0
TX0900027,88,0
TX0900041,962,1
TX0910001,2101,1
TX0910003,27500,0
TX0910004,2874,0
TX0910005,1866,0
TX0910006,43645,0
TX0910007,938,0
TX0910008,799,0
TX0910009,7000,0
TX0910010,4192,0
TX0910011,1638,1
TX0910012,2772,0
TX0910013,4548,0
TX0910014,483,0
TX0910022,6804,0
TX0910028,1696,0
TX0910032,4200,0
TX0910033,3153,0
TX0910034,2835,0
TX0910035,1968,3
TX0910037,2277,4
TX0910038,441,0
TX0910040,2031,0
TX0910045,489,0
TX0910046,3100,0
TX0910047,216,0
TX0910048,738,0
TX0910052,4341,0
TX0910055,3021,0
TX0910060,4083,0
TX0910064,6750,0
TX0910072,90,0
TX0910085,414,0
TX0910126,264,0
TX0910137,3615,1
TX0910139,138,0
TX0910140,87,1
TX0910146,1675,0
TX0910147,513,0
TX0910153,141,1
TX0920001,6441,5
TX0920003,14948,1
TX0920004,83236,0
TX0920006,6469,0
TX0920010,972,0
TX0920016,6540,0
TX0920019,9021,0
TX0920020,1131,2
TX0920021,10791,0
TX0920022,5127,1
TX0920023,312,1
TX0920026,441,0
TX0920028,210,0
TX0920031,252,0
TX0920040,319,0
TX0920043,40,0
TX0930001,8068,1
TX0930003,4843,0
TX0930006,183,1
TX0930011,226,1
TX0930012,675,0
TX0930014,103,1
TX0930015,200,1
TX0930016,40,1
TX0930033,1431,2
TX0930034,1597,4
TX0930035,220,0
TX0930036,39,0
TX0930042,153,0
TX0930046,174,0
TX0930048,1650,4
TX0930049,2766,0
TX0930052,159,0
TX0930054,608,0
TX0940001,1971,0
TX0940002,32736,1
TX0940003,41948,0
TX0940015,20766,0
TX0940018,20331,0
TX0940020,52497,0
TX0940022,35541,1
TX0940029,54,1
TX0940030,309,0
TX0940085,624,0
TX0940091,14,0
TX0940092,30,1
TX0940097,64,2
TX0940098,467,0
TX0950001,2865,0
TX0950002,1705,0
TX0950003,1205,0
TX0950004,21104,0
TX0950014,250,3
TX0950015,87,2
TX0950016,110,2
TX0950047,108,1
TX0950059,72,3
TX0950064,51,1
TX0950065,1700,1
TX0950070,80,1
TX0960001,360,0
TX0960002,2290,1
TX0960003,317,5
TX0960013,100,0
TX0960014,60,5
TX0960016,60,0
TX0960019,78,1
TX0970001,2895,2
TX0970002,1379,0
TX0980001,3172,0
TX0980003,100,1
TX0980004,1130,0
TX0990001,675,4
TX0990002,2662,2
TX0990003,78,0
TX0990004,275,0
TX0990012,105,1
TX0990013,135,5
TX0990044,123,0
TX1000001,1981,0
TX1000002,10026,0
TX1000003,1854,0
TX1000015,7755,0
TX1000016,1256,1
TX1000018,1992,0
TX1000030,69,1
TX1000035,31428,0
TX1000037,358,0
TX1000038,63,0
TX1000053,108,0
TX1000055,4630,0
TX1000060,113,0
TX1000061,431,0
TX1000062,57,0
TX1000065,103,0
TX1000067,77,1
TX1000069,121,0
TX1000070,48,0
TX1000071,65,1
TX1000081,102,2
TX1010003,86004,0
TX1010004,18090,0
TX1010007,34495,0
TX1010009,10487,1
TX1010011,2514,0
TX1010012,3933,0
TX1010013,2970543,1
TX1010014,15616,0
TX1010015,9613,0
TX1010016,7792,1
TX1010017,25253,0
TX1010018,36569,0
TX1010022,6819,0
TX1010023,2457,0
TX1010026,17532,0
TX1010027,19200,0
TX1010028,678,0
TX1010056,89702,0
TX1010062,13560,0
TX1010063,3000,0
TX1010077,126,1
TX1010078,238,0
TX1010082,2640,0
TX1010085,207,0
TX1010087,275,0
TX1010092,255,0
TX1010096,984,0
TX1010098,1917,0
TX1010099,42,0
TX1010100,1785,0
TX1010106,3771,0
TX1010111,1053,0
TX1010112,294,1
TX1010113,6552,0
TX1010116,942,0
TX1010117,3225,0
TX1010118,5130,1
TX1010119,819,0
TX1010120,396,0
TX1010122,42,0
TX1010124,4752,0
TX1010127,2703,0
TX1010130,78,0
TX1010132,318,0
TX1010145,2190,0
TX1010148,11382,0
TX1010152,5347,0
TX1010157,591,0
TX1010159,8559,0
TX1010162,723,0
TX1010172,2448,0
TX1010180,330,0
TX1010188,684,0
TX1010192,228,0
TX1010196,385,0
TX1010197,738,0
TX1010201,1101,0
TX1010205,1038,0
TX1010207,1493,0
TX1010209,1968,0
TX1010210,5082,0
TX1010212,1638,0
TX1010213,645,0
TX1010214,4229,0
TX1010216,150,0
TX1010218,126,0
TX1010219,156,0
TX1010220,213,0
TX1010226,13710,0
TX1010230,126,0
TX1010233,4098,0
TX1010235,1412,0
TX1010237,15400,0
TX1010238,19671,0
TX1010239,11073,0
TX1010241,3924,0
TX1010244,2112,0
TX1010249,3144,0
TX1010252,570,0
TX1010254,147,0
TX1010255,495,0
TX1010260,4250,0
TX1010261,2190,0
TX1010264,300,0
TX1010274,1233,0
TX1010277,5337,0
TX1010278,24507,0
TX1010279,1929,0
TX1010283,168,0
TX1010285,96,0
TX1010287,984,0
TX1010288,549,0
TX1010292,8946,0
TX1010293,152000,0
TX1010294,17397,0
TX1010298,1545,0
TX1010307,485,0
TX1010317,5160,1
TX1010322,630,0
TX1010331,4941,0
TX1010334,123,0
TX1010337,12162,0
TX1010339,375,1
TX1010340,6720,0
TX1010348,80073,0
TX1010354,81,2
TX1010355,3192,0
TX1010357,2397,0
TX1010359,10134,0
TX1010362,13191,0
TX1010365,2550,0
TX1010378,1083,0
TX1010379,8900,0
TX1010384,10101,0
TX1010386,6975,0
TX1010387,13863,0
TX1010388,2310,0
TX1010389,357,0
TX1010390,2472,0
TX1010410,102,0
TX1010413,3501,0
TX1010418,18108,0
TX1010419,2943,0
TX1010422,69,0
TX1010426,3645,0
TX1010429,14718,0
TX1010430,2988,0
TX1010431,3960,0
TX1010432,4305,1
TX1010435,4614,0
TX1010439,2277,0
TX1010440,4872,1
TX1010447,2775,0
TX1010459,750,0
TX1010467,5940,0
TX1010469,55,1
TX1010471,3591,0
TX1010480,5886,0
TX1010482,9807,0
TX1010494,7106,0
TX1010495,7231,0
TX1010496,3936,0
TX1010500,5487,0
TX1010501,11262,0
TX1010503,10401,0
TX1010507,3627,0
TX1010509,9150,0
TX1010512,4083,0
TX1010514,111,0
TX1010517,312,0
TX1010520,582,1
TX1010532,2265,0
TX1010533,282,0
TX1010535,6969,0
TX1010536,1410,0
TX1010538,8346,0
TX1010539,12342,0
TX1010540,4182,0
TX1010541,7326,0
TX1010545,504,1
TX1010548,6612,0
TX1010554,10527,0
TX1010565,5940,0
TX1010566,240,0
TX1010572,14796,1
TX1010574,102,0
TX1010578,100,1
TX1010581,11514,0
TX1010583,630,1
TX1010584,72,0
TX1010587,220,0
TX1010590,672,1
TX1010592,7002,0
TX1010593,18168,0
TX1010599,3201,0
TX1010600,4422,0
TX1010603,120,0
TX1010613,48,0
TX1010615,9405,0
TX1010616,8682,0
TX1010617,9480,2
TX1010620,9501,0
TX1010622,153,0
TX1010625,5400,0
TX1010626,4758,1
TX1010628,48,1
TX1010629,138,1
TX1010630,18990,0
TX1010631,3747,0
TX1010632,5832,0
TX1010634,7647,0
TX1010635,3909,0
TX1010639,480,0
TX1010640,53,0
TX1010647,2607,0
TX1010648,75,1
TX1010649,3170,0
TX1010651,57,0
TX1010654,5607,0
TX1010658,150,0
TX1010663,75,1
TX1010667,42,1
TX1010670,975,0
TX1010675,58,1
TX1010678,16392,0
TX1010681,660,1
TX1010684,2343,0
TX1010686,126,1
TX1010687,3717,0
TX1010689,80,1
TX1010691,93,1
TX1010700,435,0
TX1010712,3271,0
TX1010715,17178,0
TX1010718,2301,0
TX1010719,4743,0
TX1010720,17856,0
TX1010721,2016,0
TX1010728,5346,0
TX1010737,294,0
TX1010743,186,0
TX1010745,6708,0
TX1010750,7323,0
TX1010751,105,1
TX1010758,4578,0
TX1010760,120,0
TX1010763,66,1
TX1010767,4557,0
TX1010768,2229,0
TX1010769,13845,0
TX1010774,13197,0
TX1010782,8917,0
TX1010788,146,1
TX1010795,84,1
TX1010805,264,0
TX1010809,36,0
TX1010810,243,0
TX1010811,195,1
TX1010821,75,0
TX1010825,128,1
TX1010826,345,0
TX1010832,144,1
TX1010863,72,1
TX1010870,498,0
TX1010872,6969,0
TX1010877,90,1
TX1010883,8160,0
TX1010884,25425,0
TX1010887,135,0
TX1010896,483,0
TX1010897,6678,0
TX1010901,3498,0
TX1010902,7314,0
TX1010903,5418,1
TX1010905,7464,0
TX1010908,8415,3
TX1010910,5409,0
TX1010914,87,0
TX1010915,75,0
TX1010916,159,1
TX1010919,3912,0
TX1010923,3219,1
TX1010924,7170,0
TX1010925,1581,0
TX1010927,48,0
TX1010931,981,0
TX1010938,5448,0
TX1010945,96,1
TX1010947,132,0
TX1010978,270,0
TX1011008,2256,0
TX1011014,3732,0
TX1011019,8076,0
TX1011028,50,1
TX1011029,6921,0
TX1011032,990,0
TX1011049,150,0
TX1011071,165,0
TX1011084,108,0
TX1011101,410,1
TX1011107,6717,0
TX1011112,96,0
TX1011120,69,0
TX1011143,3504,0
TX1011162,5181,0
TX1011183,85,1
TX1011186,147,0
TX1011209,148,0
TX1011219,306,0
TX1011226,3120,0
TX1011227,14925,0
TX1011236,315,0
TX1011237,4464,0
TX1011238,2520,0
TX1011242,6615,0
TX1011243,3003,0
TX1011249,10377,0
TX1011250,6786,0
TX1011252,2955,0
TX1011253,60,0
TX1011256,3678,0
TX1011258,3435,0
TX1011260,1677,1
TX1011268,84,0
TX1011296,3543,0
TX1011302,342,0
TX1011410,19338,0
TX1011430,13062,0
TX1011433,333,0
TX1011459,85,1
TX1011462,10893,0
TX1011475,48,0
TX1011492,234,0
TX1011493,861,0
TX1011501,105,0
TX1011510,261,0
TX1011513,6726,0
TX1011515,60,2
TX1011521,147,1
TX1011522,7428,0
TX1011528,429,0
TX1011534,4854,0
TX1011536,99,2
TX1011550,24528,0
TX1011551,120,1
TX1011552,144,1
TX1011553,72,1
TX1011556,207,1
TX1011567,42,0
TX1011585,6105,0
TX1011593,1104,0
TX1011594,381,0
TX1011599,7848,0
TX1011600,6915,0
TX1011602,8907,0
TX1011603,2742,0
TX1011612,2661,0
TX1011613,8976,0
TX1011632,210,0
TX1011633,132,0
TX1011638,72,1
TX1011642,8289,0
TX1011647,921,0
TX1011649,7671,0
TX1011651,447,0
TX1011678,6330,0
TX1011679,3711,0
TX1011681,4443,0
TX1011685,2817,0
TX1011687,381,0
TX1011689,5301,1
TX1011690,5763,0
TX1011692,5331,0
TX1011704,2289,0
TX1011705,5982,0
TX1011708,165,0
TX1011713,585,0
TX1011714,1170,0
TX1011718,6546,0
TX1011734,75,0
TX1011737,2775,0
TX1011741,6048,0
TX1011744,2493,0
TX1011745,3156,0
TX1011746,4470,0
TX1011747,87,1
TX1011766,156,1
TX1011778,3489,0
TX1011781,2769,0
TX1011783,13029,0
TX1011785,6597,0
TX1011792,123,0
TX1011796,423,0
TX1011798,5961,0
TX1011799,5892,0
TX1011803,171,0
TX1011805,132,0
TX1011806,261,0
TX1011809,6906,0
TX1011810,183,1
TX1011812,375,1
TX1011823,17079,0
TX1011824,3981,0
TX1011825,1581,0
TX1011826,10155,1
TX1011828,135,0
TX1011832,915,1
TX1011833,2505,0
TX1011834,4464,1
TX1011839,2982,0
TX1011845,72,1
TX1011848,5115,0
TX1011860,144,0
TX1011861,291,0
TX1011865,222,0
TX1011870,4848,0
TX1011872,5397,0
TX1011901,7764,0
TX1011902,14169,0
TX1011908,11835,0
TX1011911,1581,1
TX1011914,4617,0
TX1011920,150,0
TX1011925,165,1
TX1011926,63,1
TX1011927,5535,0
TX1011928,4662,0
TX1011929,651,0
TX1011930,8106,0
TX1011939,150,0
TX1011947,942,0
TX1011955,480,0
TX1011956,45,1
TX1011957,836,0
TX1011972,78,1
TX1011973,2337,0
TX1011977,108,0
TX1011981,390,0
TX1011982,9453,0
TX1011983,2538,0
TX1011984,45,1
TX1011991,3393,0
TX1011995,297,1
TX1011996,99,1
TX1011998,3429,0
TX1011999,897,0
TX1012000,1464,0
TX1012001,834,0
TX1012002,2688,0
TX1012007,14868,0
TX1012015,138,0
TX1012019,279,1
TX1012048,81,0
TX1012052,141,0
TX1012068,6697,1
TX1012071,1257,0
TX1012082,2451,0
TX1012090,450,0
TX1012097,4572,0
TX1012130,92,1
TX1012133,11781,0
TX1012145,405,0
TX1012154,1050,0
TX1012166,66,0
TX1012174,60,0
TX1012187,40503,0
TX1012213,5487,0
TX1012214,4005,0
TX1012227,4908,0
TX1012228,5289,0
TX1012229,5247,0
TX1012238,3354,0
TX1012240,42,1
TX1012260,105,1
TX1012264,6591,0
TX1012272,25,0
TX1012276,384,0
TX1012281,1470,0
TX1012285,3519,0
TX1012293,3000,1
TX1012297,6798,0
TX1012315,7089,0
TX1012330,3573,0
TX1012333,192,0
TX1012350,930,0
TX1012351,2829,0
TX1012354,2838,0
TX1012356,2940,0
TX1012361,7773,0
TX1012362,3729,0
TX1012367,1233,1
TX1012370,9033,0
TX1012378,11052,0
TX1012391,1158,0
TX1012392,5583,0
TX1012397,174,1
TX1012408,1788,0
TX1012419,3642,0
TX1012450,351,0
TX1012496,1428,0
TX1012498,390,0
TX1012532,879,0
TX1012542,4266,0
TX1012577,3627,0
TX1012677,14268,0
TX1012698,3087,0
TX1012704,1560,0
TX1012710,54,1
TX1012740,10404,0
TX1012741,84,0
TX1012766,1185,0
TX1012768,3855,0
TX1012794,33,1
TX1012795,459,0
TX1012804,1083,0
TX1012812,2541,0
TX1012835,10584,0
TX1012842,16761,0
TX1012848,3648,0
TX1012858,8205,0
TX1012861,63,1
TX1012865,4377,0
TX1012866,1452,0
TX1012868,45,1
TX1012877,5388,0
TX1012892,420,1
TX1012897,4707,0
TX1012904,42,1
TX1012913,807,0
TX1012916,123,2
TX1012917,2421,0
TX1012941,4158,0
TX1012942,5094,0
TX1012951,3804,0
TX1012953,5397,0
TX1012962,1062,0
TX1012965,6588,0
TX1012969,222,0
TX1012970,4404,0
TX1012971,3894,0
TX1012972,4839,0
TX1012973,4035,0
TX1012974,4518,0
TX1012978,3018,0
TX1012981,3450,0
TX1012982,120,1
TX1012985,3501,0
TX1012986,342,0
TX1012987,945,0
TX1012995,153,0
TX1013002,7026,1
TX1013009,4461,0
TX1013017,2639,0
TX1013034,5016,0
TX1013036,366,0
TX1013040,6759,0
TX1013041,210,0
TX1013045,402,1
TX1013050,1239,0
TX1013054,6129,0
TX1013055,357,0
TX1013058,105,0
TX1013063,2898,0
TX1013066,132,0
TX1013074,13746,0
TX1013077,3906,0
TX1013078,3753,0
TX1013084,864,0
TX1013088,54,0
TX1013089,2712,0
TX1013103,747,0
TX1013107,2577,0
TX1013111,189,0
TX1013113,4452,0
TX1013114,4506,0
TX1013123,3705,0
TX1013127,684,0
TX1013132,6168,0
TX1013135,3420,0
TX1013141,2619,0
TX1013144,960,0
TX1013146,174,0
TX1013147,1116,0
TX1013153,342,0
TX1013156,6069,0
TX1013159,174,0
TX1013160,4668,0
TX1013175,10530,0
TX1013178,3573,0
TX1013180,60,0
TX1013181,4239,0
TX1013187,489,0
TX1013189,456,0
TX1013191,606,0
TX1013193,81,0
TX1013195,198,0
TX1013198,234,0
TX1013200,195,0
TX1013205,125,1
TX1013213,4881,0
TX1013239,60,1
TX1013245,60,0
TX1013247,225,1
TX1013249,75,1
TX1013253,8835,0
TX1013258,1605,0
TX1013261,4200,0
TX1013262,714,0
TX1013265,2676,0
TX1013271,1047,1
TX1013288,1623,0
TX1013289,3750,0
TX1013294,8259,0
TX1013295,4413,0
TX1013296,276,0
TX1013305,18018,0
TX1013306,2076,0
TX1013310,5217,0
TX1013321,1773,0
TX1013325,60,0
TX1013327,2082,0
TX1013335,7389,0
TX1013338,3201,0
TX1013341,240,0
TX1013343,6993,0
TX1013346,2967,0
TX1013350,6651,0
TX1013354,3480,0
TX1013356,3591,0
TX1013362,657,0
TX1013365,9297,0
TX1013366,78,0
TX1013369,7944,0
TX1013372,7179,0
TX1013373,2859,0
TX1013374,327,0
TX1013375,3237,0
TX1013376,1269,0
TX1013378,4782,0
TX1013385,3510,0
TX1013387,1687,0
TX1013389,225,0
TX1013390,1158,0
TX1013393,138,0
TX1013399,1941,0
TX1013400,2964,0
TX1013403,4740,0
TX1013404,795,0
TX1013416,6066,0
TX1013448,1788,0
TX1013449,1842,0
TX1013450,5526,0
TX1013468,369,0
TX1013479,5025,0
TX1013494,5487,0
TX1013511,1944,0
TX1013515,4188,0
TX1013522,7242,0
TX1013526,3990,0
TX1013530,2034,0
TX1013531,2421,0
TX1013532,5007,0
TX1013540,87,0
TX1013563,5751,0
TX1013567,25,0
TX1013573,2592,0
TX1013576,5967,0
TX1013579,237,0
TX1013582,438,0
TX1013586,1416,0
TX1013599,276,0
TX1013612,3129,0
TX1013628,10476,0
TX1013632,2307,0
TX1013638,90,0
TX1013640,126,0
TX1013644,501,0
TX1013663,45,0
TX1013670,267,0
TX1013674,2168,0
TX1013681,936,0
TX1013688,1269,0
TX1013691,4044,0
TX1013695,1926,0
TX1013698,3300,0
TX1013703,741,0
TX1013706,2022,0
TX1013708,876,0
TX1013716,3822,0
TX1013721,1293,0
TX1013727,25,0
TX1013733,204,0
TX1013734,204,0
TX1013742,822,0
TX1013757,2469,0
TX1013762,1629,0
TX1013763,297,0
TX1013764,576,0
TX1013765,54,0
TX1013768,819,0
TX1013779,750,0
TX1013784,870,0
TX1013785,25,0
TX1013790,255,0
TX1013792,342,0
TX1013794,144,0
TX1013797,190,0
TX1013800,1113,0
TX1013803,111,0
TX1013806,549,0
TX1013814,264,0
TX1013815,129,0
TX1013817,501,0
TX1013826,180,0
TX1013827,1074,0
TX1013835,285,0
TX1013843,2814,0
TX1013861,45,0
TX1013878,712,0
TX1013895,1698,0
TX1020002,23091,2
TX1020003,2923,0
TX1020004,5580,0
TX1020011,400,1
TX1020014,1098,0
TX1020018,1575,2
TX1020019,1230,0
TX1020020,771,3
TX1020021,2640,0
TX1020022,6164,0
TX1020023,1737,0
TX1020026,3564,1
TX1020028,252,0
TX1020047,426,2
TX1020054,1098,0
TX1020061,726,1
TX1020063,303,5
TX1020066,57,1
TX1020067,114,1
TX1020074,4107,1
TX1020077,1836,0
TX1020078,1845,0
TX1020080,60,1
TX1020081,7815,0
TX1020088,705,5
TX1020095,48,1
TX1030010,375,1
TX1030011,265,0
TX1040001,3431,1
TX1040002,248,1
TX1040003,948,0
TX1040004,162,1
TX1040005,87,1
TX1040015,120,4
TX1040017,290,0
TX1040019,77,0
TX1050001,72970,1
TX1050002,52000,0
TX1050003,43552,0
TX1050004,270,0
TX1050012,13830,0
TX1050013,8037,0
TX1050018,5334,0
TX1050019,34893,1
TX1050028,7065,0
TX1050029,444,0
TX1050031,497,0
TX1050034,84,1
TX1050035,42,1
TX1050037,2700,0
TX1050038,19609,0
TX1050039,3096,1
TX1050043,1338,0
TX1050058,315,0
TX1050059,2079,0
TX1050062,725,0
TX1050068,216,0
TX1050075,120,3
TX1050077,1554,0
TX1050078,261,1
TX1050080,219,0
TX1050081,462,1
TX1050082,141,0
TX1050099,336,0
TX1050100,954,0
TX1050105,57,1
TX1050111,309,0
TX1050116,36,0
TX1050120,69,0
TX1050121,108,0
TX1050122,738,0
TX1050124,378,0
TX1050128,339,0
TX1050131,747,1
TX1050132,639,0
TX1050134,495,0
TX1050135,126,1
TX1050137,2850,0
TX1050139,195,0
TX1050148,3381,0
TX1050154,2517,0
TX1050157,1569,0
TX1050175,1326,0
TX1050180,60,0
TX1050184,2315,0
TX1050187,531,0
TX1050191,30,0
TX1050208,294,0
TX1060001,2300,0
TX1070002,3039,0
TX1070003,1212,1
TX1070004,1482,2
TX1070005,17934,0
TX1070006,3663,0
TX1070007,456,1
TX1070009,252,1
TX1070016,2379,0
TX1070019,6753,0
TX1070020,1638,1
TX1070025,3285,0
TX1070027,1092,1
TX1070034,186,0
TX1070039,267,0
TX1070041,1083,1
TX1070043,1446,1
TX1070052,549,1
TX1070055,2625,0
TX1070059,342,0
TX1070069,1551,0
TX1070071,1128,1
TX1070074,1218,0
TX1070085,1812,0
TX1070106,3906,2
TX1070119,1449,0
TX1070121,1134,1
TX1070124,1815,0
TX1070144,228,3
TX1070150,1119,3
TX1070151,204,0
TX1070155,77,1
TX1070159,138,0
TX1070167,14823,2
TX1070176,225,0
TX1070181,174,1
TX1070190,24414,0
TX1070198,2568,0
TX1070200,4290,0
TX1070205,1881,0
TX1070206,2343,2
TX1070207,780,1
TX1070211,1647,0
TX1070215,126,4
TX1070217,522,0
TX1070220,108,0
TX1070228,723,4
TX1070233,186,0
TX1070234,1407,1
TX1070235,162,0
TX1070238,372,0
TX1070239,498,0
TX1070240,786,0
TX1070241,609,0
TX1070242,834,0
TX1070243,801,2
TX1070247,792,0
TX1070248,363,0
TX1070249,420,1
TX1070251,987,0
TX1070254,684,0
TX1070255,402,0
TX1070258,831,0
TX1080001,21065,0
TX1080002,18720,0
TX1080003,2878,0
TX1080004,85224,1
TX1080005,5500,0
TX1080006,189957,0
TX1080007,16258,1
TX1080008,77058,0
TX1080009,79715,0
TX1080010,30000,0
TX1080011,40033,1
TX1080021,14800,1
TX1080022,53796,1
TX1080023,2781,0
TX1080029,171195,1
TX1080033,68562,0
TX1080034,1300,1
TX1080067,17943,2
TX1080088,8420,0
TX1080213,3033,3
TX1080221,492,0
TX1080223,200,0
TX1080234,12198,0
TX1080235,1584,0
TX1080236,300,1
TX1090001,8867,0
TX1090002,1917,1
TX1090003,1625,1
TX1090004,237,0
TX1090005,474,0
TX1090006,2237,0
TX1090007,444,1
TX1090008,1386,0
TX1090012,3720,0
TX1090014,1320,0
TX1090015,406,0
TX1090016,106,1
TX1090017,2018,1
TX1090018,2000,1
TX1090020,846,1
TX1090021,717,0
TX1090023,831,0
TX1090024,180,1
TX1090025,2526,1
TX1090026,200,0
TX1090030,3117,1
TX1090035,4776,0
TX1090036,132,1
TX1090037,696,0
TX1090038,381,0
TX1090041,4383,0
TX1090042,183,1
TX1090043,96,0
TX1090045,129,0
TX1090048,217,0
TX1090061,147,0
TX1090064,669,1
TX1090067,1584,1
TX1090069,90,1
TX1090070,130,1
TX1090073,2319,0
TX1090075,289,1
TX1100001,907,1
TX1100002,12652,1
TX1100003,1300,0
TX1100004,430,5
TX1100010,474,5
TX1100011,200,5
TX1100030,220,5
TX1110001,11468,1
TX1110002,249,0
TX1110004,5676,3
TX1110005,1245,0
TX1110006,414,1
TX1110007,20458,0
TX1110011,1344,0
TX1110012,1461,0
TX1110016,1248,1
TX1110017,339,0
TX1110018,453,2
TX1110019,669,0
TX1110022,2562,0
TX1110024,450,0
TX1110026,423,0
TX1110027,840,0
TX1110028,411,0
TX1110032,252,1
TX1110035,1029,0
TX1110036,504,0
TX1110037,132,1
TX1110042,204,0
TX1110044,390,0
TX1110045,243,0
TX1110050,249,0
TX1110052,456,0
TX1110055,210,0
TX1110059,570,0
TX1110060,2562,0
TX1110070,2895,0
TX1110074,198,0
TX1110076,327,0
TX1110077,156,0
TX1110079,1137,0
TX1110080,180,0
TX1110083,726,0
TX1110084,378,0
TX1110085,367,0
TX1110087,486,0
TX1110088,408,0
TX1110089,363,0
TX1110094,141,0
TX1110095,651,0
TX1110098,120,0
TX1110102,129,0
TX1110109,267,0
TX1110112,510,0
TX1110114,150,0
TX1110115,348,0
TX1110116,1584,0
TX1110128,888,0
TX1120001,685,1
TX1120002,16243,1
TX1120003,321,0
TX1120010,1395,1
TX1120011,3519,0
TX1120012,702,0
TX1120013,1520,0
TX1120014,1680,1
TX1120015,4095,0
TX1120016,2265,0
TX1120017,8253,0
TX1120018,825,0
TX1120020,783,0
TX1120021,3054,0
TX1130001,7755,1
TX1130002,1798,1
TX1130003,990,0
TX1130004,3148,1
TX1130010,48,4
TX1130011,460,0
TX1130020,275,0
TX1130031,3878,2
TX1130033,10481,0
TX1140001,27282,5
TX1140002,3552,2
TX1140011,228,1
TX1150001,245,1
TX1150005,1800,1
TX1150007,2045,0
TX1150010,849,0
TX1150014,75,1
TX1150015,1402,0
TX1160001,4688,0
TX1160002,809,0
TX1160003,9266,1
TX1160004,33354,0
TX1160005,1398,1
TX1160006,867,0
TX1160007,1414,0
TX1160008,4350,0
TX1160011,114,0
TX1160012,2061,1
TX1160015,6321,0
TX1160017,2598,0
TX1160018,25875,0
TX1160028,231,0
TX1160029,14574,0
TX1160034,615,1
TX1160039,4836,2
TX1160042,3216,1
TX1160052,9087,0
TX1160062,5373,0
TX1160063,228,0
TX1160064,141,0
TX1160066,318,0
TX1160067,582,0
TX1160079,63,0
TX1160081,141,1
TX1160089,93,1
TX1160091,204,0
TX1160093,465,0
TX1160097,54,2
TX1170001,12419,0
TX1170003,1599,0
TX1170004,5636,0
TX1170007,100,1
TX1170012,2220,1
TX1170018,120,1
TX1170022,66,0
TX1180001,150,1
TX1180002,781,0
TX1190001,469,3
TX1190002,4397,0
TX1190005,408,1
TX1200001,5987,0
TX1200002,1994,1
TX1200003,660,0
TX1200004,525,1
TX1200008,91,0
TX1200013,165,0
TX1200022,1305,0
TX1200027,186,0
TX1200028,915,0
TX1200029,456,1
TX1200037,66,0
TX1210001,9884,0
TX1210002,2578,1
TX1210003,3035,0
TX1210004,583,0
TX1210007,362,1
TX1210011,559,1
TX1210012,505,0
TX1210013,91,1
TX1210014,4062,5
TX1210015,1141,1
TX1210016,1037,0
TX1210019,261,1
TX1210020,427,0
TX1210048,262,1
TX1210049,100,1
TX1210060,3048,0
TX1210063,2165,0
TX1210064,975,0
TX1210068,37,0
TX1220001,986,0
TX1220002,190,1
TX1220003,163,0
TX1220015,100,0
TX1230001,115282,0
TX1230003,4605,2
TX1230004,4071,0
TX1230006,18157,3
TX1230009,56039,2
TX1230010,17043,0
TX1230012,17335,1
TX1230020,207,0
TX1230021,9367,1
TX1230037,1311,0
TX1230038,1280,0
TX1230039,825,3
TX1230049,1414,1
TX1230075,398,0
TX1230083,120,0
TX1230086,620,0
TX1230092,5748,0
TX1240001,5397,4
TX1250001,19104,0
TX1250002,1170,1
TX1250003,2441,0
TX1250017,146,2
TX1250030,1950,4
TX1250033,90,2
TX1250039,216,1
TX1260001,6614,0
TX1260002,53381,0
TX1260003,34075,0
TX1260004,1879,0
TX1260006,3816,0
TX1260007,1367,0
TX1260008,6863,0
TX1260010,408,0
TX1260011,2061,0
TX1260012,336,0
TX1260016,4503,0
TX1260017,33441,0
TX1260018,65517,0
TX1260021,3300,0
TX1260022,1040,1
TX1260025,834,0
TX1260034,744,1
TX1260035,459,0
TX1260037,48,0
TX1260038,780,0
TX1260039,606,0
TX1260053,285,1
TX1260056,351,1
TX1260063,102,0
TX1260064,252,1
TX1260066,246,1
TX1260067,141,0
TX1260068,165,1
TX1260069,219,2
TX1260070,189,1
TX1260071,150,0
TX1260073,123,1
TX1260074,3588,0
TX1260076,210,0
TX1260077,78,0
TX1260078,195,0
TX1260080,87,0
TX1260082,132,0
TX1260084,300,0
TX1260088,66,0
TX1260090,159,0
TX1260092,78,0
TX1260094,30,0
TX1260098,132,1
TX1260099,303,0
TX1260101,258,0
TX1260103,777,0
TX1260104,132,1
TX1260116,81,0
TX1260120,294,1
TX1260122,84,0
TX1260123,1026,1
TX1260124,60,1
TX1260127,633,0
TX1260128,120,1
TX1260133,132,0
TX1260139,69,0
TX1270001,3078,0
TX1270002,2164,1
TX1270003,3101,0
TX1270005,275,5
TX1270006,8436,0
TX1270007,259,4
TX1280001,4269,2
TX1280002,6454,1
TX1280003,1482,1
TX1280004,514,1
TX1280007,6288,2
TX1290002,29692,0
TX1290003,7125,0
TX1290004,1283,1
TX1290005,15207,2
TX1290006,18432,0
TX1290007,5749,1
TX1290010,5655,0
TX1290011,3741,0
TX1290012,13200,0
TX1290013,2475,0
TX1290014,20377,0
TX1290015,11169,0
TX1290016,16341,0
TX1290018,957,1
TX1290021,3174,0
TX1290022,3636,1
TX1290023,4827,0
TX1290025,15987,0
TX1290027,670,0
TX1290038,957,1
TX1290042,183,1
TX1290046,3819,0
TX1290047,1350,0
TX1290053,6456,0
TX1290054,3771,0
TX1290055,55,0
TX1290056,7317,1
TX1290057,1830,1
TX1290058,1473,0
TX1290059,5346,0
TX1290060,3324,0
TX1290061,2046,0
TX1300001,24769,2
TX1300002,3579,2
TX1300005,303,0
TX1300008,182,2
TX1300010,57,0
TX1300032,300,0
TX1300033,5136,0
TX1300034,579,0
TX1300035,120,0
TX1300036,126,0
TX1300039,54,1
TX1300041,342,0
TX1300044,45,1
TX1300048,1707,3
TX1300060,113,3
TX1300082,45,0
TX1310001,222,1
TX1310003,34,0
TX1320001,513,2
TX1320006,225,3
TX1330001,23489,3
TX1330002,163,0
TX1330006,525,0
TX1330007,180,0
TX1330009,678,0
TX1330010,531,0
TX1330011,5955,0
TX1330013,120,0
TX1330015,345,1
TX1330017,139,0
TX1330018,213,1
TX1330019,138,0
TX1330024,96,0
TX1330025,66,1
TX1330027,213,0
TX1330028,423,0
TX1330030,456,0
TX1330036,821,0
TX1330041,3720,0
TX1330043,178,0
TX1330044,71,1
TX1330046,78,1
TX1330054,250,1
TX1330062,297,0
TX1330080,87,0
TX1330083,57,1
TX1330085,315,0
TX1330086,111,0
TX1330091,648,0
TX1330092,273,0
TX1330093,223,0
TX1330095,1000,0
TX1330097,240,0
TX1330101,189,0
TX1330102,90,0
TX1330107,141,0
TX1330111,270,0
TX1330113,1059,0
TX1330118,111,0
TX1330119,123,0
TX1330121,36,2
TX1330122,96,1
TX1330123,111,0
TX1330124,330,0
TX1330126,429,0
TX1330127,150,0
TX1330128,1005,0
TX1330133,75,3
TX1330134,129,0
TX1330135,105,4
TX1330137,186,0
TX1330139,81,0
TX1330141,63,1
TX1330142,669,0
TX1330144,174,1
TX1330145,195,0
TX1330147,72,0
TX1330149,54,1
TX1330150,105,1
TX1330151,297,1
TX1330153,183,0
TX1330154,471,0
TX1330155,402,0
TX1330156,339,0
TX1330163,93,0
TX1330166,105,1
TX1330167,48,1
TX1330169,48,0
TX1330170,336,1
TX1330174,44,0
TX1330175,66,2
TX1330176,84,1
TX1330177,40,1
TX1330178,60,1
TX1340001,2700,3
TX1340019,93,0
TX1350001,291,3
TX1360001,2352,0
TX1360002,68,0
TX1360003,1200,0
TX1370001,25402,0
TX1370003,1550,0
TX1370006,3396,1
TX1370007,729,2
TX1370012,212,0
TX1370028,60,0
TX1370032,1125,0
TX1370034,129,0
TX1370035,16,1
TX1380001,156,0
TX1380002,1037,1
TX1380003,1478,0
TX1380006,243,0
TX1380009,132,1
TX1380011,235,3
TX1380012,136,0
TX1380013,393,0
TX1390001,547,1
TX1390002,25498,0
TX1390004,2007,1
TX1390010,999,0
TX1390011,535,0
TX1390012,201,0
TX1390013,3460,1
TX1390014,538,1
TX1390015,25569,0
TX1400002,937,2
TX1400003,5943,0
TX1400004,1953,0
TX1400005,940,1
TX1400006,721,0
TX1400007,247,1
TX1400010,100,1
TX1400027,162,1
TX1410001,7291,1
TX1410002,3609,4
TX1410028,17721,0
TX1410032,55,1
TX1420001,5640,1
TX1420002,1338,0
TX1420006,135,1
TX1420007,174,1
TX1430001,2733,0
TX1430002,857,0
TX1430003,2127,0
TX1440001,7878,1
TX1440002,2376,1
TX1440003,396,0
TX1440005,14670,0
TX1440006,750,1
TX1440014,180,1
TX1450001,1767,0
TX1450002,903,2
TX1450003,389,1
TX1450004,719,0
TX1450006,1257,0
TX1450007,737,1
TX1450008,264,1
TX1450009,290,0
TX1450010,507,0
TX1450015,5256,1
TX1450017,99,0
TX1450018,10035,1
TX1450019,50,0
TX1450020,26,1
TX1450021,87,1
TX1460001,12438,0
TX1460002,15393,0
TX1460003,8170,0
TX1460004,1141,0
TX1460005,1174,0
TX1460006,1680,0
TX1460007,507,0
TX1460008,864,0
TX1460009,6132,0
TX1460011,381,0
TX1460012,798,0
TX1460015,195,0
TX1460016,411,0
TX1460025,201,0
TX1460027,282,1
TX1460033,132,0
TX1460036,114,1
TX1460037,36,1
TX1460041,243,0
TX1460043,84,0
TX1460050,64,0
TX1460055,5265,0
TX1460061,64,1
TX1460076,117,0
TX1460086,135,0
TX1460088,129,0
TX1460091,2082,0
TX1460092,279,0
TX1460094,48,0
TX1460098,411,0
TX1460099,67,0
TX1460100,252,0
TX1460101,966,0
TX1460102,246,0
TX1460107,72,1
TX1460109,1047,1
TX1460115,69,0
TX1460118,954,0
TX1460120,1797,0
TX1460136,203,0
TX1460137,45,0
TX1460140,3000,0
TX1460141,291,0
TX1460145,261,0
TX1460146,585,1
TX1460148,474,0
TX1460149,135,0
TX1460150,129,1
TX1460153,537,0
TX1460154,186,0
TX1460156,636,0
TX1460157,282,0
TX1460158,822,1
TX1460159,225,0
TX1460160,372,0
TX1460163,1458,0
TX1460164,240,0
TX1460174,1068,0
TX1460175,3876,0
TX1460179,6174,0
TX1460187,1650,0
TX1460191,225,0
TX1460196,5160,0
TX1460197,1008,0
TX1460199,729,0
TX1460200,15,0
TX1460204,8265,0
TX1470001,786,1
TX1470002,4250,1
TX1470003,461,0
TX1470004,7459,1
TX1470005,530,0
TX1470006,768,0
TX1470007,52,0
TX1470009,256,0
TX1470010,2388,1
TX1470011,2150,5
TX1470012,615,1
TX1470013,224,0
TX1470014,282,1
TX1470021,207,0
TX1470026,1968,1
TX1470027,602,1
TX1470031,1749,5
TX1470032,57,0
TX1470034,66,3
TX1480001,1516,0
TX1480002,301,1
TX1480003,412,1
TX1480004,325,0
TX1490001,2159,0
TX1490002,4428,0
TX1490016,105,1
TX1490017,834,0
TX1490029,712,0
TX1490036,80,0
TX1500001,3352,0
TX1500002,747,2
TX1500003,425,1
TX1500004,537,0
TX1500006,550,0
TX1500008,528,0
TX1500009,333,0
TX1500010,791,0
TX1500011,93,0
TX1500012,12975,0
TX1500015,12729,1
TX1500018,78,0
TX1500019,162,0
TX1500033,69,1
TX1500037,2484,0
TX1500043,588,0
TX1500112,117,3
TX1500121,72,1
TX1500126,336,0
TX1500127,75,0
TX1510001,165,1
TX1520001,2250,5
TX1520002,275041,0
TX1520003,3119,0
TX1520004,5858,0
TX1520005,9600,0
TX1520006,465,1
TX1520015,729,0
TX1520026,86,1
TX1520046,577,3
TX1520056,1189,0
TX1520062,204,5
TX1520067,42,5
TX1520072,59,1
TX1520080,201,5
TX1520094,360,5
TX1520106,114,5
TX1520149,76,5
TX1520152,216,5
TX1520158,75,0
TX1520159,600,2
TX1520188,189,5
TX1520192,60,5
TX1520198,68,5
TX1520217,324,4
TX1520219,31,5
TX1520224,510,0
TX1520232,95,2
TX1520247,54,5
TX1520292,32,2
TX1520308,34,5
TX1530001,704,0
TX1530002,2459,0
TX1530003,446,4
TX1530004,965,5
TX1530005,55,5
TX1540001,5371,4
TX1540002,150,3
TX1540003,300,1
TX1540004,372,1
TX1540007,63,3
TX1540012,65,4
TX1550001,10664,0
TX1550002,3100,0
TX1550004,6037,0
TX1550005,1846,1
TX1550006,1525,1
TX1550008,146241,0
TX1550009,2597,0
TX1550010,11900,0
TX1550011,950,1
TX1550016,1320,5
TX1550017,2301,0
TX1550020,3852,0
TX1550021,2070,0
TX1550022,720,0
TX1550023,972,0
TX1550024,10570,0
TX1550025,2195,5
TX1550026,4620,0
TX1550027,1845,4
TX1550028,3903,0
TX1550029,1767,0
TX1550031,16978,0
TX1550032,972,0
TX1550033,7275,0
TX1550035,2298,0
TX1550036,1776,0
TX1550037,744,3
TX1550039,1125,0
TX1550040,1476,5
TX1550042,2589,0
TX1550044,2700,0
TX1550048,9383,0
TX1550049,215,0
TX1550059,3939,0
TX1550061,879,0
TX1550072,3048,0
TX1550074,225,0
TX1550078,132,0
TX1550081,120,0
TX1550088,2061,0
TX1550089,378,0
TX1550091,111,0
TX1550096,432,0
TX1550112,732,0
TX1550125,57,0
TX1550126,168,0
TX1550127,285,1
TX1550129,330,0
TX1550130,72,0
TX1550132,744,1
TX1550134,220,0
TX1550138,3100,0
TX1550139,186,1
TX1550143,165,1
TX1560001,300,1
TX1560002,618,1
TX1570001,6111,0
TX1570002,3043,2
TX1570003,173,1
TX1570004,1800,0
TX1570018,1494,0
TX1570023,29,0
TX1580001,1883,0
TX1580003,1125,1
TX1580006,249,2
TX1580016,744,1
TX1580020,300,0
TX1580023,1314,2
TX1580063,342,1
TX1580064,2736,0
TX1580066,2952,4
TX1590001,2657,0
TX1590002,54,5
TX1600001,2228,2
TX1610001,18061,3
TX1610002,1128,0
TX1610004,4700,1
TX1610005,150,0
TX1610006,1400,0
TX1610007,1518,1
TX1610013,1746,1
TX1610015,570,0
TX1610016,564,5
TX1610017,774,0
TX1610018,382,0
TX1610022,75,0
TX1610024,120,1
TX1610027,678,0
TX1610030,100,5
TX1610031,78,0
TX1610033,189,0
TX1610052,429,0
TX1610058,297,0
TX1610086,426,0
TX1610087,2764,4
TX1610097,84,1
TX1610102,126,0
TX1610114,108,1
TX1610129,30,0
TX1610137,54,0
TX1620001,54900,0
TX1620003,1700,1
TX1630002,11044,1
TX1630004,1488,0
TX1630005,3913,0
TX1630006,4335,0
TX1630008,756,1
TX1630009,1336,1
TX1630010,6153,0
TX1630011,219,1
TX1630014,412,0
TX1630020,2505,0
TX1630021,12186,0
TX1630022,201,1
TX1630024,201,0
TX1630026,330,0
TX1630027,1683,1
TX1630028,1158,0
TX1630029,483,0
TX1630030,1365,0
TX1630031,273,3
TX1630034,32000,0
TX1630035,1215,0
TX1630036,255,0
TX1630037,597,0
TX1630038,156,0
TX1630039,900,0
TX1630040,195,0
TX1630041,246,0
TX1630045,444,0
TX1630048,252,1
TX1640001,1471,0
TX1650001,157000,3
TX1650003,1973,2
TX1650024,336,3
TX1650035,3945,1
TX1650047,456,2
TX1650048,120,5
TX1650057,234,5
TX1650066,163,3
TX1650077,165,5
TX1650078,915,0
TX1650084,195,4
TX1650167,1611,0
TX1650174,45,3
TX1650197,60,5
TX1650217,30,1
TX1660001,5489,4
TX1660002,5460,0
TX1660003,1400,0
TX1660007,365,0
TX1660008,828,1
TX1660009,4308,0
TX1660010,250,1
TX1660011,1833,1
TX1660013,1371,1
TX1660014,705,1
TX1660015,11739,0
TX1670001,1738,1
TX1670002,276,0
TX1670009,100,1
TX1680001,3991,1
TX1680002,504,1
TX1680003,221,0
TX1680004,3612,0
TX1680008,54,0
TX1690001,5534,0
TX1690002,3170,0
TX1690003,264,0
TX1690004,534,1
TX1690005,183,0
TX1690006,881,0
TX1690007,570,1
TX1690009,600,1
TX1690011,234,1
TX1690023,750,1
TX1700001,113912,0
TX1700002,4172,0
TX1700003,14133,2
TX1700005,1245,0
TX1700006,60,0
TX1700008,2700,0
TX1700011,2030,0
TX1700013,2424,0
TX1700014,771,0
TX1700015,60,0
TX1700017,567,0
TX1700019,303,0
TX1700020,7107,1
TX1700021,231,0
TX1700022,3771,1
TX1700025,3585,0
TX1700026,2800,0
TX1700028,2898,0
TX1700029,195,0
TX1700031,189,1
TX1700032,1457,1
TX1700033,759,0
TX1700036,750,0
TX1700037,1667,0
TX1700039,672,0
TX1700040,72,0
TX1700041,180,0
TX1700042,246,0
TX1700051,250,0
TX1700060,3228,0
TX1700061,327,0
TX1700065,250,0
TX1700066,351,1
TX1700068,26388,0
TX1700071,2418,0
TX1700073,13372,0
TX1700074,207,1
TX1700075,72,1
TX1700078,246,0
TX1700080,543,0
TX1700083,66,1
TX1700087,9612,1
TX1700090,8610,0
TX1700096,642,0
TX1700097,3783,0
TX1700101,14307,0
TX1700102,129,1
TX1700106,237,0
TX1700112,747,1
TX1700113,87,0
TX1700114,384,0
TX1700115,3381,0
TX1700116,3825,0
TX1700118,6564,0
TX1700119,7070,0
TX1700121,330,0
TX1700128,624,0
TX1700129,1074,0
TX1700131,360,0
TX1700133,8919,0
TX1700134,1185,0
TX1700139,5235,0
TX1700140,2058,0
TX1700142,426,0
TX1700143,480,0
TX1700148,267,0
TX1700149,1458,1
TX1700150,150,1
TX1700152,1086,0
TX1700154,126,0
TX1700156,162,1
TX1700160,741,0
TX1700161,417,0
TX1700164,627,0
TX1700169,12528,0
TX1700171,2208,0
TX1700173,990,0
TX1700176,5472,0
TX1700178,4767,1
TX1700183,132,1
TX1700184,309,1
TX1700185,273,1
TX1700187,180,0
TX1700198,420,1
TX1700207,931,1
TX1700208,795,1
TX1700216,225,0
TX1700220,5949,0
TX1700225,345,0
TX1700228,2418,1
TX1700237,60,3
TX1700238,549,0
TX1700245,564,1
TX1700264,1359,0
TX1700269,2613,0
TX1700279,1833,0
TX1700283,1896,0
TX1700286,4980,0
TX1700287,579,0
TX1700289,108,1
TX1700290,435,1
TX1700291,3186,0
TX1700304,1536,0
TX1700307,165,1
TX1700309,1725,0
TX1700316,291,0
TX1700317,1497,1
TX1700318,2067,1
TX1700319,4422,0
TX1700320,630,0
TX1700321,288,0
TX1700322,1539,1
TX1700324,462,0
TX1700327,792,1
TX1700328,153,0
TX1700330,711,0
TX1700331,255,0
TX1700332,4284,0
TX1700334,11550,0
TX1700344,120,1
TX1700348,24399,0
TX1700378,54,2
TX1700382,249,0
TX1700386,3780,0
TX1700389,2076,0
TX1700393,828,0
TX1700410,48,1
TX1700414,44,0
TX1700416,1068,1
TX1700423,255,0
TX1700426,78,1
TX1700427,204,1
TX1700432,144,1
TX1700433,255,1
TX1700434,135,1
TX1700435,1188,1
TX1700437,1836,0
TX1700447,699,1
TX1700454,162,0
TX1700458,24171,0
TX1700466,84,1
TX1700470,15036,0
TX1700471,7989,0
TX1700473,1428,0
TX1700478,474,1
TX1700480,645,0
TX1700481,165,0
TX1700482,330,0
TX1700483,468,0
TX1700489,963,0
TX1700490,309,0
TX1700507,1437,0
TX1700529,822,0
TX1700539,138,0
TX1700543,2961,0
TX1700546,7608,0
TX1700554,16821,0
TX1700555,726,0
TX1700565,408,1
TX1700576,2517,0
TX1700577,1110,0
TX1700578,2142,0
TX1700580,33,1
TX1700581,2208,0
TX1700588,63,1
TX1700589,662,0
TX1700590,567,0
TX1700592,6000,0
TX1700601,369,0
TX1700603,1827,0
TX1700604,2820,0
TX1700605,1986,0
TX1700609,1233,0
TX1700611,231,0
TX1700612,2886,1
TX1700613,315,1
TX1700615,240,0
TX1700616,900,0
TX1700617,96,0
TX1700621,590,0
TX1700622,195,1
TX1700623,1341,0
TX1700624,3144,0
TX1700626,48,1
TX1700628,298,1
TX1700629,330,1
TX1700632,648,2
TX1700635,1158,0
TX1700638,25917,0
TX1700639,42,0
TX1700641,705,0
TX1700642,3084,0
TX1700643,2370,0
TX1700644,225,0
TX1700648,3666,0
TX1700651,402,0
TX1700652,39,0
TX1700655,2397,0
TX1700657,339,0
TX1700661,96,1
TX1700662,300,0
TX1700666,8442,0
TX1700669,2058,0
TX1700670,495,0
TX1700673,54,0
TX1700675,159,0
TX1700676,242,2
TX1700677,120,0
TX1700678,5892,0
TX1700680,567,0
TX1700682,432,0
TX1700683,1974,0
TX1700684,252,0
TX1700685,228,0
TX1700686,468,0
TX1700690,201,0
TX1700694,111,0
TX1700695,360,1
TX1700700,372,0
TX1700702,591,0
TX1700705,2250,0
TX1700708,45,0
TX1700713,628,0
TX1700716,5184,0
TX1700717,4761,0
TX1700719,147,1
TX1700727,90,1
TX1700728,579,0
TX1700730,75,1
TX1700734,1623,0
TX1700736,897,0
TX1700741,1500,0
TX1700742,2277,0
TX1700743,2553,0
TX1700744,168,0
TX1700746,2766,0
TX1700749,3675,0
TX1700752,4056,0
TX1700753,3939,0
TX1700755,160,0
TX1700756,129,1
TX1700757,2013,0
TX1700758,105,0
TX1700762,5454,0
TX1700763,294,0
TX1700766,105,0
TX1700770,4599,0
TX1700773,6621,0
TX1700776,3183,0
TX1700777,1053,0
TX1700778,942,0
TX1700779,6435,0
TX1700781,798,0
TX1700783,534,0
TX1700784,336,0
TX1700796,2364,0
TX1700798,234,0
TX1700803,159,0
TX1700822,25,0
TX1700832,5523,0
TX1700837,3282,0
TX1700839,63,1
TX1700840,2409,0
TX1700844,408,1
TX1700845,57,0
TX1700847,2334,0
TX1700851,2073,0
TX1700852,1248,0
TX1700853,2433,0
TX1700857,2232,0
TX1700858,540,0
TX1700859,2550,0
TX1700860,2478,0
TX1700864,675,0
TX1700866,978,0
TX1700868,735,1
TX1700869,1000,1
TX1700879,180,1
TX1700881,4035,0
TX1700883,2502,0
TX1700889,129,0
TX1700891,52,4
TX1700894,2076,0
TX1700895,558,0
TX1700897,219,0
TX1700898,2838,0
TX1700901,693,0
TX1700903,1443,0
TX1700906,2049,0
TX1700907,732,0
TX1700908,2106,0
TX1700911,177,0
TX1700917,669,0
TX1700918,490,0
TX1700922,1737,0
TX1700925,1827,0
TX1700927,651,0
TX1700929,264,0
TX1700930,1476,0
TX1700931,25,0
TX1700933,3099,0
TX1700934,195,0
TX1700935,165,0
TX1700939,213,0
TX1700940,1203,0
TX1700941,429,0
TX1700942,129,1
TX1700945,45,0
TX1700946,462,0
TX1700948,681,0
TX1700957,207,0
TX1700962,219,0
TX1700966,186,0
TX1700967,45,0
TX1700969,45,0
TX1700971,51,0
TX1700975,411,0
TX1700977,330,0
TX1700988,2712,0
TX1700989,136,0
TX1700995,333,0
TX1700999,466,0
TX1701005,54,0
TX1701007,45,0
TX1701014,1344,0
TX1710001,14290,0
TX1710002,1709,1
TX1710003,3000,0
TX1710021,275,1
TX1710023,177,0
TX1710025,45,0
TX1720001,2522,0
TX1720003,1908,1
TX1720004,1700,0
TX1720005,1400,1
TX1720013,2208,0
TX1730001,578,0
TX1730002,219,1
TX1730003,55,0
TX1740001,1007,1
TX1740002,1260,2
TX1740003,50226,0
TX1740005,5745,0
TX1740006,3143,1
TX1740007,2412,1
TX1740008,973,0
TX1740010,7280,0
TX1740011,2136,0
TX1740012,513,1
TX1740013,682,0
TX1740014,2435,0
TX1740018,478,1
TX1740019,2547,0
TX1740020,2237,0
TX1740029,208,0
TX1750001,857,0
TX1750002,25885,0
TX1750003,835,0
TX1750004,759,1
TX1750005,1520,2
TX1750006,336,0
TX1750010,1206,0
TX1750012,6546,0
TX1750013,3234,0
TX1750014,1146,1
TX1750015,4040,0
TX1750018,528,1
TX1750019,10167,0
TX1750020,1020,1
TX1750023,1344,2
TX1750024,3852,0
TX1750028,3027,0
TX1750031,864,0
TX1750032,234,3
TX1750035,93,0
TX1750037,666,1
TX1750038,60,0
TX1760001,2724,1
TX1760002,1570,1
TX1760003,699,0
TX1760008,494,1
TX1760015,234,1
TX1760022,3729,0
TX1760023,425,0
TX1760025,52,0
TX1770001,1238,1
TX1770002,12401,0
TX1770003,258,0
TX1770007,2973,1
TX1780001,848,0
TX1780002,3186,0
TX1780003,318387,0
TX1780005,14000,3
TX1780006,14880,1
TX1780010,933,1
TX1780012,680,1
TX1780013,2700,3
TX1780015,2670,1
TX1780017,7048,0
TX1780019,207,0
TX1780052,3165,0
TX1790001,8492,0
TX1790002,100,1
TX1790003,60,1
TX1800001,885,0
TX1800002,500,0
TX1800003,129,1
TX1800004,220,0
TX1810001,9546,0
TX1810004,19300,1
TX1810005,15258,5
TX1810006,4074,0
TX1810009,3131,0
TX1810015,262,0
TX1810023,73,0
TX1810025,65,0
TX1810034,64,1
TX1810059,254,0
TX1810060,579,0
TX1810062,75,0
TX1810077,86,0
TX1810083,26,0
TX1810103,170,1
TX1810117,363,0
TX1810123,85,0
TX1810125,69,0
TX1810127,88,0
TX1810139,664,5
TX1810143,84,0
TX1810144,10374,0
TX1810150,57,0
TX1810170,46,3
TX1810175,240,0
TX1810177,118,0
TX1810178,65,0
TX1810179,80,1
TX1810186,8231,1
TX1820001,15564,1
TX1820003,692,1
TX1820004,1000,1
TX1820005,916,3
TX1820007,475,1
TX1820008,223,2
TX1820009,3610,1
TX1820010,3546,0
TX1820011,3111,1
TX1820050,735,3
TX1820061,1115,3
TX1820069,2247,1
TX1820076,7395,2
TX1830001,6770,3
TX1830002,1152,1
TX1830005,75,1
TX1830006,1101,0
TX1830007,738,0
TX1830008,1050,5
TX1830009,1605,2
TX1830010,999,2
TX1830011,2334,0
TX1830012,1095,3
TX1830014,1062,2
TX1830017,645,1
TX1830019,837,3
TX1830025,1176,0
TX1830027,981,1
TX1830029,1137,3
TX1830030,438,1
TX1830032,144,3
TX1840001,5521,3
TX1840002,1857,0
TX1840003,3781,0
TX1840004,657,2
TX1840005,35903,0
TX1840006,3487,1
TX1840007,1503,0
TX1840008,30364,1
TX1840009,150,0
TX1840011,720,0
TX1840012,249,0
TX1840013,318,0
TX1840014,2982,0
TX1840015,75,0
TX1840016,93,0
TX1840017,87,0
TX1840018,180,0
TX1840019,513,0
TX1840021,351,0
TX1840024,210,2
TX1840025,475,0
TX1840026,99,0
TX1840027,4936,0
TX1840031,441,0
TX1840033,66,1
TX1840034,792,4
TX1840035,108,0
TX1840037,225,0
TX1840038,135,0
TX1840041,423,1
TX1840047,288,0
TX1840049,3250,0
TX1840076,93,0
TX1840077,432,1
TX1840079,6300,0
TX1840086,465,2
TX1840087,231,1
TX1840088,222,1
TX1840089,282,1
TX1840090,30,0
TX1840091,477,0
TX1840094,294,0
TX1840095,216,0
TX1840096,180,1
TX1840098,186,0
TX1840099,87,0
TX1840100,303,0
TX1840103,48,1
TX1840105,171,0
TX1840108,171,0
TX1840111,2418,0
TX1840114,30,0
TX1840120,261,0
TX1840126,591,1
TX1840130,471,0
TX1840132,156,0
TX1840133,462,0
TX1840134,114,0
TX1840137,165,0
TX1840138,234,0
TX1840141,84,0
TX1840143,282,1
TX1840159,285,0
TX1840164,114,0
TX1840166,285,0
TX1840169,102,0
TX1840171,90,4
TX1840181,48,0
TX1840182,35,0
TX1840185,72,0
TX1840193,144,1
TX1840221,57,0
TX1840225,45,0
TX1840229,90,0
TX1840231,75,0
TX1840232,63,0
TX1850001,1874,0
TX1850002,1360,0
TX1850003,4653,1
TX1850023,168,1
TX1860001,8142,1
TX1860002,1229,1
TX1860004,350,1
TX1860026,3612,0
TX1860029,800,4
TX1870001,1722,1
TX1870002,15199,0
TX1870003,2237,0
TX1870004,300,0
TX1870005,640,1
TX1870007,1800,0
TX1870008,1022,1
TX1870009,5289,0
TX1870010,2051,0
TX1870017,1000,0
TX1870018,277,0
TX1870026,264,1
TX1870028,272,1
TX1870029,249,1
TX1870030,1285,0
TX1870034,1200,1
TX1870040,914,0
TX1870045,372,2
TX1870046,651,1
TX1870047,738,0
TX1870051,189,0
TX1870055,531,0
TX1870059,510,0
TX1870064,416,0
TX1870067,600,0
TX1870072,171,1
TX1870073,346,1
TX1870078,440,1
TX1870080,798,0
TX1870082,246,0
TX1870088,96,0
TX1870089,1549,0
TX1870095,290,0
TX1870105,2725,4
TX1870116,116,0
TX1870123,228,0
TX1870125,364,1
TX1870126,658,0
TX1870130,179,0
TX1870131,221,1
TX1870136,158,0
TX1870138,104,0
TX1870139,95,2
TX1870141,655,0
TX1870144,88,1
TX1870146,78,0
TX1870149,498,4
TX1870151,420,4
TX1870152,155,0
TX1870154,87,0
TX1870155,1827,0
TX1870156,1471,0
TX1870160,91,0
TX1870165,3284,1
TX1870166,5675,3
TX1880001,201291,0
TX1880002,380,0
TX1880008,80,0
TX1880015,77,1
TX1890001,1788,0
TX1890002,5514,1
TX1890011,138,5
TX1890012,82,5
TX1890018,32,1
TX1900001,3762,3
TX1900004,3600,1
TX1900009,3594,3
TX1900011,2686,3
TX1900015,378,1
TX1900016,95,0
TX1910001,15771,0
TX1910003,555,0
TX1910004,250,1
TX1910005,425,1
TX1910006,114,1
TX1910009,100,0
TX1910011,200,1
TX1910013,1300,1
TX1910024,120,2
TX1910025,55,0
TX1910026,300,1
TX1910044,87,1
TX1910045,80,0
TX1910158,135,2
TX1910166,45,0
TX1920001,2965,0
TX1930001,1380,1
TX1930002,1758,0
TX1930007,226,0
TX1930015,309,0
TX1930018,471,0
TX1930020,141,0
TX1930023,60,4
TX1930024,33,0
TX1940001,1074,0
TX1940002,2885,1
TX1940003,793,1
TX1940004,339,0
TX1940005,408,0
TX1940006,3105,2
TX1940008,7989,0
TX1950001,12916,0
TX1950002,406,1
TX1950004,89,3
TX1950006,2001,0
TX1960001,2728,0
TX1960003,1233,4
TX1960004,665,0
TX1960006,147,1
TX1960007,325,0
TX1970002,494,0
TX1980001,858,0
TX1980002,962,0
TX1980003,1610,0
TX1980004,4959,0
TX1980010,499,0
TX1980011,40,0
TX1980012,1400,0
TX1980013,3611,0
TX1980017,159,0
TX1980020,1080,0
TX1990001,55250,0
TX1990002,24313,1
TX1990004,6171,0
TX1990006,29285,0
TX1990010,2028,1
TX1990012,7863,1
TX1990014,10464,0
TX2000001,3583,3
TX2000002,920,1
TX2000003,2281,1
TX2000004,528,4
TX2000005,2766,0
TX2010001,14666,2
TX2010002,2275,3
TX2010004,990,1
TX2010005,2346,1
TX2010007,573,0
TX2010008,516,1
TX2010010,423,0
TX2010011,4062,3
TX2010012,1578,5
TX2010013,126,1
TX2010014,1014,0
TX2010015,1917,0
TX2010016,2541,0
TX2010017,819,1
TX2010018,453,0
TX2010020,261,1
TX2010023,2205,1
TX2010024,2484,1
TX2010025,936,0
TX2010028,234,0
TX2010030,1002,0
TX2010031,933,0
TX2010034,1902,2
TX2010036,705,0
TX2010038,363,1
TX2010039,1947,3
TX2010042,201,2
TX2010049,726,1
TX2010050,4830,0
TX2010055,84,0
TX2010062,819,0
TX2010064,468,3
TX2010067,501,1
TX2020001,1779,0
TX2020002,1043,0
TX2020004,1105,0
TX2020013,266,5
TX2020014,1138,1
TX2020050,276,1
TX2020054,100,2
TX2020055,80,1
TX2020067,11220,1
TX2020070,1981,0
TX2030001,1971,3
TX2030003,406,0
TX2030004,648,1
TX2030005,67,0
TX2030006,48,5
TX2030007,1450,4
TX2030010,108,5
TX2030011,322,3
TX2030013,156,4
TX2030014,44,0
TX2030015,65,5
TX2030023,307,5
TX2030032,87,1
TX2030034,1128,0
TX2030035,45,0
TX2040001,3411,2
TX2040002,861,0
TX2040005,2154,0
TX2040006,939,1
TX2040008,463,0
TX2040009,740,1
TX2040011,162,1
TX2040013,1159,1
TX2040019,3094,0
TX2040021,93,0
TX2040023,177,0
TX2040024,2163,3
TX2040025,222,1
TX2040026,166,1
TX2040031,348,0
TX2040032,1494,0
TX2040033,3993,0
TX2040034,144,0
TX2040038,399,0
TX2040040,180,0
TX2040045,262,0
TX2040051,2500,1
TX2040052,69,1
TX2040054,118,0
TX2040056,107,0
TX2040058,2458,0
TX2040061,85,0
TX2040062,162,0
TX2040066,1444,0
TX2040067,2272,0
TX2040069,49,3
TX2050001,1760,1
TX2050002,10106,1
TX2050003,5001,4
TX2050004,2250,0
TX2050005,22933,1
TX2050006,5505,0
TX2050007,4941,2
TX2050010,608,1
TX2050011,48,0
TX2050015,8088,1
TX2050063,420,1
TX2050070,540,0
TX2050071,610,0
TX2050078,5034,1
TX2060001,3151,0
TX2060002,325,0
TX2060003,885,0
TX2060004,60,0
TX2060012,2505,1
TX2070001,1574,0
TX2080001,11104,0
TX2080002,399,0
TX2080003,471,0
TX2080004,680,1
TX2090001,1854,0
TX2090002,235,2
TX2090005,3300,5
TX2100001,5450,0
TX2100002,1746,3
TX2100003,1549,5
TX2100005,955,0
TX2100006,900,1
TX2100007,1605,0
TX2100008,1409,0
TX2100009,353,1
TX2100010,1620,2
TX2100011,1837,0
TX2100012,908,4
TX2100013,1500,0
TX2100014,1800,0
TX2100015,1620,1
TX2100017,371,1
TX2100019,1930,5
TX2100031,1137,0
TX2100032,647,2
TX2100037,75,1
TX2100038,61,2
TX2110001,1939,0
TX2110002,315,1
TX2110004,84,0
TX2120001,1249,5
TX2120002,6313,0
TX2120003,2006,0
TX2120004,107000,1
TX2120005,2706,0
TX2120006,4500,1
TX2120007,1449,0
TX2120008,1038,1
TX2120009,5907,0
TX2120011,3876,0
TX2120012,2121,3
TX2120015,3879,0
TX2120016,5532,1
TX2120017,14781,0
TX2120019,1833,0
TX2120020,4569,0
TX2120021,2175,0
TX2120024,8775,0
TX2120025,9571,0
TX2120026,1245,1
TX2120027,1350,5
TX2120034,1056,0
TX2120035,762,0
TX2120037,2709,0
TX2120045,567,0
TX2120051,306,4
TX2120056,153,1
TX2120063,69735,0
TX2120064,831,2
TX2120077,99,0
TX2120081,510,0
TX2120097,381,1
TX2120099,2124,5
TX2120100,1077,2
TX2120104,399,0
TX2120105,1827,0
TX2120107,177,1
TX2130001,2848,0
TX2130002,827,0
TX2130009,238,0
TX2130021,249,0
TX2130031,99,1
TX2130036,78,0
TX2130042,3666,4
TX2130046,111,0
TX2140002,48,0
TX2140003,3600,1
TX2140004,5793,1
TX2140006,9500,5
TX2140007,19464,3
TX2140016,6939,1
TX2140018,18912,1
TX2140028,2223,4
TX2140029,3000,0
TX2150001,5807,2
TX2150007,5220,0
TX2150024,53,1
TX2160001,888,0
TX2170001,858,3
TX2170002,49,3
TX2170004,49,3
TX2180001,2766,1
TX2190001,712,1
TX2190002,493,1
TX2190003,4951,0
TX2200001,413955,0
TX2200002,14847,0
TX2200003,49941,0
TX2200005,2396,0
TX2200010,6279,0
TX2200011,13701,0
TX2200012,955900,0
TX2200013,52346,0
TX2200014,46260,0
TX2200017,7670,0
TX2200018,89227,0
TX2200022,8521,0
TX2200023,23890,0
TX2200028,1671,0
TX2200029,25616,0
TX2200031,61601,0
TX2200034,19935,0
TX2200043,26599,0
TX2200044,4629,1
TX2200045,303,0
TX2200047,2330,0
TX2200048,3992,0
TX2200052,3579,0
TX2200054,40454,0
TX2200060,4720,0
TX2200061,426,2
TX2200063,74859,0
TX2200066,2500,0
TX2200069,7691,0
TX2200070,509,1
TX2200071,5359,0
TX2200072,270,0
TX2200075,31576,0
TX2200078,682,0
TX2200079,1077,0
TX2200081,18522,1
TX2200090,93,0
TX2200096,46308,0
TX2200100,111,0
TX2200105,120,1
TX2200107,114,0
TX2200108,234,0
TX2200115,51,2
TX2200131,2597,0
TX2200139,146,1
TX2200148,141,0
TX2200159,108,0
TX2200162,75,3
TX2200164,3120,1
TX2200184,423,0
TX2200185,87,0
TX2200186,423,0
TX2200190,85,1
TX2200208,690,0
TX2200277,171,0
TX2200281,156,0
TX2200291,561,0
TX2200293,357,0
TX2200299,60,0
TX2200313,42,0
TX2200326,138,0
TX2200328,23806,0
TX2200329,588,0
TX2200332,9000,0
TX2200336,99,0
TX2200337,228,0
TX2200338,351,0
TX2200341,702,0
TX2200343,954,0
TX2200344,1605,0
TX2200348,315,0
TX2200350,2002,0
TX2200353,234,1
TX2200358,42,1
TX2200362,72,1
TX2200376,48,0
TX2210001,130501,0
TX2210002,3573,0
TX2210003,1502,1
TX2210004,2928,1
TX2210005,660,1
TX2210006,2082,0
TX2210008,7413,0
TX2210009,368,1
TX2210010,1890,0
TX2210011,1176,1
TX2210013,7183,0
TX2210015,3420,0
TX2210022,8178,2
TX2210024,957,0
TX2220002,800,1
TX2230001,8652,0
TX2230002,592,2
TX2230003,200,3
TX2240001,728,1
TX2250001,16238,0
TX2250002,711,0
TX2250003,422,0
TX2250004,17641,0
TX2250024,192,0
TX2260001,105229,1
TX2260002,900,0
TX2260003,690,1
TX2260004,482,0
TX2260008,5049,1
TX2260020,1470,2
TX2260022,50,0
TX2260026,42,2
TX2260027,5241,2
TX2260038,48,0
TX2260052,1002,1
TX2260057,1275,1
TX2260060,123,1
TX2260067,327,1
TX2260093,825,1
TX2260101,897,1
TX2260113,132,2
TX2270001,1115323,1
TX2270002,19620,0
TX2270004,1524,0
TX2270007,1438,0
TX2270008,8907,0
TX2270009,1950,0
TX2270011,7902,0
TX2270012,10512,0
TX2270014,63464,2
TX2270016,1611,0
TX2270017,522,0
TX2270018,700,0
TX2270027,45165,0
TX2270033,39648,1
TX2270038,2835,1
TX2270039,247,1
TX2270040,480,0
TX2270041,1437,0
TX2270042,318,1
TX2270043,270,1
TX2270044,132,0
TX2270049,2757,0
TX2270054,2022,0
TX2270058,123,1
TX2270059,696,0
TX2270060,696,0
TX2270069,945,1
TX2270083,5733,0
TX2270091,135,0
TX2270092,8698,2
TX2270102,435,3
TX2270112,90,0
TX2270114,156,0
TX2270126,231,1
TX2270144,129,2
TX2270161,21231,0
TX2270172,2880,0
TX2270173,1002,0
TX2270182,9204,0
TX2270186,57,1
TX2270190,396,0
TX2270191,99,1
TX2270207,597,0
TX2270210,159,0
TX2270212,711,0
TX2270213,42,0
TX2270220,210,1
TX2270226,11133,0
TX2270227,18015,0
TX2270229,4269,0
TX2270231,1092,0
TX2270235,35664,1
TX2270241,3294,0
TX2270242,1743,0
TX2270246,156,0
TX2270255,9987,0
TX2270264,11520,0
TX2270271,50,1
TX2270282,1023,3
TX2270308,930,1
TX2270312,1251,0
TX2270313,633,0
TX2270316,1215,0
TX2270324,648,0
TX2270325,6816,0
TX2270327,351,0
TX2270333,490,0
TX2270342,111,0
TX2270352,1785,0
TX2270353,3333,0
TX2270354,3075,0
TX2270355,5082,0
TX2270371,1419,0
TX2270373,3084,0
TX2270379,1437,1
TX2270380,3459,0
TX2270382,2331,0
TX2270386,1221,0
TX2270388,1644,0
TX2270398,1644,0
TX2270403,1491,0
TX2270408,1680,0
TX2270409,1353,0
TX2270410,2385,2
TX2270417,4669,1
TX2270422,2832,0
TX2270446,546,0
TX2280001,1452,2
TX2280002,4619,0
TX2280004,630,0
TX2280005,1383,5
TX2280006,656,5
TX2280009,2839,0
TX2280010,903,4
TX2280011,1700,3
TX2280012,1458,2
TX2280016,2125,5
TX2280028,322,3
TX2280029,1428,0
TX2280031,459,1
TX2280034,99,0
TX2280035,856,0
TX2280036,352,1
TX2280039,226,1
TX2290001,6069,1
TX2290002,1237,2
TX2290003,1404,0
TX2290004,399,1
TX2290006,1834,0
TX2290007,853,2
TX2290010,1968,0
TX2290011,917,0
TX2290012,233,0
TX2290015,41,0
TX2290021,132,1
TX2290037,5872,0
TX2290038,58,0
TX2290039,84,1
TX2290040,123,1
TX2290041,123,1
TX2290042,135,1
TX2290043,34,0
TX2300001,1660,0
TX2300002,8115,1
TX2300003,1509,0
TX2300005,3738,0
TX2300006,7320,0
TX2300008,3198,0
TX2300009,300,1
TX2300012,10089,0
TX2300015,348,0
TX2300020,330,0
TX2300021,96,0
TX2300026,639,0
TX2300033,2331,1
TX2310001,1031,1
TX2310002,846,1
TX2320001,2301,1
TX2320002,17450,0
TX2320004,933,1
TX2320013,27,0
TX2320018,2900,0
TX2320032,1488,1
TX2320040,186,0
TX2320045,780,0
TX2320051,227,0
TX2320061,150,1
TX2330001,36506,0
TX2330003,175,0
TX2330006,4010,0
TX2330011,150,3
TX2330013,81,0
TX2330021,97,0
TX2330022,660,0
TX2330023,381,0
TX2330029,1300,0
TX2330046,138,1
TX2330047,89,0
TX2330050,288,3
TX2330055,72,0
TX2330063,152,1
TX2340001,5028,0
TX2340002,1530,0
TX2340003,3219,0
TX2340004,2745,0
TX2340005,7281,1
TX2340006,3324,0
TX2340007,2103,0
TX2340009,1512,0
TX2340010,3747,0
TX2340011,1764,0
TX2340012,7548,0
TX2340013,183,1
TX2340014,2289,0
TX2340015,1641,0
TX2340016,2880,1
TX2340019,5205,0
TX2340021,1200,0
TX2340033,267,0
TX2340045,723,0
TX2340050,1182,0
TX2340064,57,0
TX2350001,2462,2
TX2350002,66932,0
TX2350004,1944,2
TX2350005,462,0
TX2350006,750,5
TX2350009,40,4
TX2350035,120,1
TX2350036,540,0
TX2350042,75,0
TX2350049,234,0
TX2350055,54,2
TX2350075,75,1
TX2350098,180,0
TX2360001,48522,0
TX2360003,1125,1
TX2360009,1900,2
TX2360010,6246,3
TX2360014,363,1
TX2360022,1458,0
TX2360023,150,1
TX2360024,330,0
TX2360025,135,0
TX2360026,275,1
TX2360029,312,1
TX2360035,150,4
TX2360038,108,1
TX2360040,1815,0
TX2360044,390,1
TX2360052,1674,0
TX2360069,2184,0
TX2360074,447,1
TX2360078,968,0
TX2360088,783,0
TX2360093,369,0
TX2370001,7158,1
TX2370002,9550,0
TX2370003,5448,1
TX2370004,5364,0
TX2370005,1650,0
TX2370006,603,1
TX2370008,366,2
TX2370014,537,0
TX2370016,113,1
TX2370017,78,1
TX2370029,3000,1
TX2370030,54,1
TX2370042,87,0
TX2370044,105,1
TX2370047,330,0
TX2370051,1980,0
TX2370063,3343,0
TX2370068,243,0
TX2370069,33,1
TX2370071,63,0
TX2370074,528,0
TX2370084,96,0
TX2370085,1110,0
TX2370089,3453,0
TX2370094,1400,0
TX2370095,150,0
TX2370111,1071,0
TX2370114,45,0
TX2370123,1308,0
TX2370128,27,0
TX2370134,141,0
TX2370138,4098,0
TX2370142,462,0
TX2370143,594,0
TX2370144,153,0
TX2370145,411,0
TX2370146,207,0
TX2370153,108,0
TX2380001,6953,0
TX2380002,567,0
TX2380003,395,0
TX2380005,131,0
TX2380006,750,1
TX2380028,2354,0
TX2390001,18469,0
TX2390002,315,1
TX2390003,645,0
TX2390005,445,0
TX2390012,95,1
TX2390013,195,0
TX2390019,85,1
TX2390021,219,0
TX2390043,3219,0
TX2390055,2270,4
TX2400001,260046,2
TX2400003,350,3
TX2400006,411,1
TX2400022,8358,4
TX2400025,460,2
TX2400029,3362,4
TX2400043,54,0
TX2410001,2200,0
TX2410002,12095,0
TX2410005,8756,0
TX2410006,800,0
TX2410008,1206,0
TX2410009,90,1
TX2410010,165,0
TX2410012,105,0
TX2410043,32,1
TX2410052,390,1
TX2410054,50,1
TX2410055,729,0
TX2410065,45,0
TX2420001,2311,1
TX2420002,1602,1
TX2420004,94,0
TX2420006,155,0
TX2430001,102316,0
TX2430002,2559,0
TX2430003,6612,0
TX2430005,10978,2
TX2430006,6516,0
TX2430007,19500,0
TX2430008,981,1
TX2430012,330,0
TX2430013,130,0
TX2440001,11002,1
TX2440002,189,2
TX2440003,250,5
TX2440005,228,3
TX2440006,144,1
TX2440007,156,3
TX2440008,705,0
TX2440009,95,0
TX2450001,11288,0
TX2450003,2406,0
TX2450004,800,4
TX2450006,1884,1
TX2460001,191639,1
TX2460002,1914,0
TX2460003,130662,0
TX2460004,20622,0
TX2460005,1136,3
TX2460006,2950,3
TX2460007,29580,0
TX2460009,86939,0
TX2460011,9681,0
TX2460012,98330,0
TX2460013,8777,0
TX2460015,975,2
TX2460022,29861,0
TX2460026,510,0
TX2460027,492,0
TX2460031,1518,1
TX2460038,1251,0
TX2460046,891,0
TX2460050,645,0
TX2460061,18314,0
TX2460064,939,0
TX2460110,6618,0
TX2460120,5793,0
TX2460128,5682,0
TX2460139,2724,0
TX2460144,510,0
TX2460145,3513,0
TX2460152,8265,0
TX2460157,16614,0
TX2460159,4248,0
TX2460160,714,0
TX2460161,285,0
TX2460162,46,0
TX2460164,3111,0
TX2460165,2265,0
TX2460169,3450,0
TX2460178,29,0
TX2470001,8306,1
TX2470002,2994,1
TX2470003,1201,1
TX2470004,2526,0
TX2470005,5064,0
TX2470007,2007,0
TX2470009,6225,0
TX2470015,20826,0
TX2470016,165,0
TX2470017,432,0
TX2470018,342,0
TX2470019,855,0
TX2470021,876,0
TX2470022,2409,0
TX2470025,141,0
TX2470026,3210,0
TX2480001,5708,1
TX2480002,1839,1
TX2490001,1360,0
TX2490002,2044,0
TX2490003,5930,1
TX2490004,1596,0
TX2490005,6910,1
TX2490007,1680,0
TX2490008,1232,0
TX2490010,969,0
TX2490011,192,1
TX2490013,81,0
TX2490016,3909,2
TX2490017,2458,3
TX2490018,120,0
TX2490028,390,0
TX2490030,369,0
TX2490031,129,0
TX2490032,534,0
TX2490036,546,0
TX2490037,198,0
TX2490040,918,0
TX2490042,264,0
TX2490044,867,0
TX2490045,123,0
TX2490046,732,0
TX2490047,795,0
TX2490049,645,0
TX2490050,222,0
TX2490051,447,0
TX2490053,375,0
TX2490056,276,0
TX2490057,450,0
TX2490058,408,0
TX2490060,2049,0
TX2490061,225,0
TX2490064,108,1
TX2490070,360,5
TX2490077,135,0
TX2490089,225,0
TX2490092,537,0
TX2490095,114,0
TX2490105,48,0
TX2490108,774,0
TX2490109,795,0
TX2500001,1302,0
TX2500002,4515,0
TX2500003,1942,0
TX2500004,3614,0
TX2500005,504,0
TX2500006,4821,0
TX2500007,6075,0
TX2500008,2772,0
TX2500010,488,1
TX2500011,500,1
TX2500012,3540,0
TX2500015,6738,0
TX2500016,7668,0
TX2500017,1152,0
TX2500018,5238,0
TX2500019,252,0
TX2500020,9111,0
TX2500039,5082,0
TX2500058,1761,0
TX2510001,5500,0
TX2510002,1355,5
TX2520001,8718,1
TX2520002,532,1
TX2520003,3007,1
TX2520006,200,0
TX2520007,8070,0
TX2520008,759,1
TX2530002,13736,1
TX2530003,1254,3
TX2530004,1893,0
TX2530023,243,1
TX2540001,7128,0
TX2540003,2043,0
TX2540005,1182,1
TX2540009,650,0
UTAH01001,3500,0
UTAH01003,1435,0
UTAH01004,825,0
UTAH01005,55,0
UTAH02001,880,0
UTAH02002,176,0
UTAH02003,237,0
UTAH02004,20540,0
UTAH02005,740,0
UTAH02006,420,0
UTAH02007,1300,1
UTAH02009,2400,0
UTAH02010,73,0
UTAH02011,13000,0
UTAH02012,275,0
UTAH02013,457,0
UTAH02014,1465,0
UTAH02015,1193,0
UTAH02016,1750,0
UTAH02017,260,0
UTAH02018,1200,0
UTAH02019,6570,0
UTAH02020,340,0
UTAH02021,1500,0
UTAH02022,1970,0
UTAH02024,2036,0
UTAH02025,590,0
UTAH02051,100,0
UTAH02052,60,0
UTAH02053,65,0
UTAH02055,120,0
UTAH02058,399,0
UTAH02062,175,0
UTAH02066,185,0
UTAH02068,390,0
UTAH02069,44,0
UTAH02078,27,0
UTAH02079,102,0
UTAH03001,9200,0
UTAH03002,495,1
UTAH03004,763,0
UTAH03005,275,2
UTAH03006,60,1
UTAH03007,5200,0
UTAH03008,10891,0
UTAH03009,2078,0
UTAH03010,55540,0
UTAH03011,1640,0
UTAH03012,1900,0
UTAH03013,810,0
UTAH03014,45,0
UTAH03015,8500,0
UTAH03016,1014,0
UTAH03017,9690,0
UTAH03018,2967,0
UTAH03019,2195,0
UTAH03020,10223,0
UTAH03021,490,1
UTAH03022,4190,0
UTAH03086,120,0
UTAH03097,743,0
UTAH03103,27,1
UTAH04004,2000,0
UTAH04007,8867,0
UTAH04011,1676,0
UTAH04012,1460,1
UTAH04020,5790,0
UTAH05001,144,0
UTAH05003,701,0
UTAH05004,467,0
UTAH05036,37,0
UTAH06001,17155,0
UTAH06002,33540,1
UTAH06003,23000,0
UTAH06004,27860,0
UTAH06006,32976,0
UTAH06007,695,0
UTAH06009,10565,0
UTAH06010,8125,0
UTAH06011,5300,0
UTAH06012,35561,0
UTAH06014,5600,0
UTAH06015,37500,0
UTAH06017,6075,1
UTAH06018,82000,0
UTAH06019,18655,0
UTAH06020,10040,0
UTAH06021,13110,0
UTAH06024,25625,0
UTAH06048,3300,0
UTAH07001,2000,0
UTAH07002,1075,0
UTAH07003,380,1
UTAH07004,8000,1
UTAH07005,490,0
UTAH07006,2065,0
UTAH07051,1000,0
UTAH07058,1162,0
UTAH07059,2100,0
UTAH07062,405,0
UTAH07067,286,0
UTAH07072,445,0
UTAH07073,640,0
UTAH08001,1700,0
UTAH08002,200,0
UTAH08003,315,0
UTAH08004,1660,0
UTAH08005,910,0
UTAH08006,2129,0
UTAH08007,1452,0
UTAH08008,1420,0
UTAH08039,509,0
UTAH08040,368,0
UTAH08043,62,1
UTAH09001,135,1
UTAH09002,277,0
UTAH09003,245,0
UTAH09004,800,0
UTAH09005,234,0
UTAH09006,221,1
UTAH09007,1800,0
UTAH09008,586,0
UTAH09012,700,0
UTAH09022,73,0
UTAH09045,351,0
UTAH09085,56,0
UTAH10003,9000,0
UTAH10004,85,1
UTAH10012,35,1
UTAH10021,116,0
UTAH10023,4099,0
UTAH10033,260,1
UTAH11001,1038,0
UTAH11002,39670,1
UTAH11004,6500,0
UTAH11006,355,0
UTAH11010,3000,0
UTAH11011,185,1
UTAH11012,51,0
UTAH11013,350,0
UTAH11014,600,0
UTAH11015,753,0
UTAH11023,210,0
UTAH11036,150,0
UTAH11037,120,0
UTAH11042,100,0
UTAH11043,74,0
UTAH11045,350,0
UTAH11048,291,0
UTAH11052,204,0
UTAH11053,440,0
UTAH11058,220,0
UTAH11067,30,0
UTAH11070,75,4
UTAH11071,80,0
UTAH11085,3995,0
UTAH11087,120,0
UTAH11089,75,0
UTAH11099,28,2
UTAH11105,31,0
UTAH12001,945,0
UTAH12002,2100,0
UTAH12003,7122,0
UTAH12004,760,0
UTAH12019,1297,0
UTAH13001,136,2
UTAH13002,200,0
UTAH13003,480,0
UTAH13004,411,1
UTAH13005,4985,0
UTAH13008,805,0
UTAH13014,690,0
UTAH13037,51,0
UTAH13038,900,0
UTAH13042,178,2
UTAH13049,47,0
UTAH13057,3029,0
UTAH13060,71,0
UTAH14001,3436,0
UTAH14002,2816,0
UTAH14004,630,1
UTAH14006,555,0
UTAH14008,130,0
UTAH14009,320,0
UTAH14010,660,0
UTAH14011,325,1
UTAH14012,265,0
UTAH14013,465,0
UTAH14029,40,0
UTAH14043,52,0
UTAH14051,490,1
UTAH14055,125,0
UTAH14056,38,0
UTAH14064,65,0
UTAH15001,92,1
UTAH15004,425,0
UTAH15005,1200,0
UTAH15007,93,0
UTAH15008,4520,0
UTAH15010,495,0
UTAH15012,254,0
UTAH15013,3145,0
UTAH15018,28,0
UTAH15041,99,0
UTAH15044,490,0
UTAH16001,215,0
UTAH16002,500,0
UTAH16003,380,0
UTAH16004,180,1
UTAH16009,75,0
UTAH16014,49,1
UTAH17001,240,1
UTAH17002,658,0
UTAH17003,380,1
UTAH17005,470,0
UTAH17008,200,0
UTAH17016,29,1
UTAH17022,80,1
UTAH17027,55,0
UTAH17036,28,0
UTAH18004,20000,0
UTAH18005,990,0
UTAH18006,33100,0
UTAH18007,121083,0
UTAH18010,15000,0
UTAH18011,56700,0
UTAH18014,32100,0
UTAH18017,33005,0
UTAH18019,15800,0
UTAH18020,117025,0
UTAH18021,67098,0
UTAH18023,89704,0
UTAH18024,38723,0
UTAH18025,45600,0
UTAH18026,383612,0
UTAH18027,99335,0
UTAH18028,99750,0
UTAH18029,300,0
UTAH18031,5110,0
UTAH18032,23600,0
UTAH18043,50,0
UTAH18046,522,0
UTAH18049,5228,0
UTAH18050,150,0
UTAH18051,250,0
UTAH18057,57080,1
UTAH18131,722,0
UTAH18133,23205,0
UTAH18134,215,0
UTAH18143,1000,0
UTAH18147,373,1
UTAH18157,60000,0
UTAH18162,65,0
UTAH18172,350,0
UTAH18173,2798,0
UTAH18178,630,0
UTAH18182,3100,0
UTAH18183,280,0
UTAH19001,3760,2
UTAH19002,430,0
UTAH19004,2393,0
UTAH19008,40,0
UTAH19013,90,0
UTAH19046,190,0
UTAH19064,75,1
UTAH19069,37,0
UTAH19077,175,1
UTAH19080,550,0
UTAH20001,1700,0
UTAH20002,265,0
UTAH20003,1275,1
UTAH20004,3509,0
UTAH20005,3429,0
UTAH20006,617,0
UTAH20007,4040,0
UTAH20008,1050,1
UTAH20009,300,1
UTAH20010,300,0
UTAH20011,7000,0
UTAH20012,2092,0
UTAH20013,1600,0
UTAH20014,270,0
UTAH20043,271,0
UTAH20048,99,0
UTAH20051,300,1
UTAH20060,152,0
UTAH20063,49,0
UTAH21001,860,0
UTAH21002,1013,0
UTAH21003,135,0
UTAH21004,155,0
UTAH21006,690,0
UTAH21007,1105,0
UTAH21008,447,1
UTAH21009,350,0
UTAH21010,400,0
UTAH21011,2715,0
UTAH21012,830,0
UTAH21013,8360,0
UTAH21014,2692,0
UTAH21016,445,0
UTAH21017,35,0
UTAH21046,115,0
UTAH22001,188,1
UTAH22002,1590,0
UTAH22003,70,1
UTAH22004,1700,0
UTAH22005,882,0
UTAH22006,440,0
UTAH22007,2200,0
UTAH22008,380,0
UTAH22009,90,0
UTAH22010,1800,0
UTAH22011,8875,0
UTAH22013,141,2
UTAH22017,325,0
UTAH22018,190,1
UTAH22019,79,1
UTAH22021,850,0
UTAH22030,4305,0
UTAH22058,76,0
UTAH22059,6000,0
UTAH22079,1251,0
UTAH22088,100,0
UTAH22101,75,0
UTAH22105,600,0
UTAH22117,85,1
UTAH22137,8245,0
UTAH22158,38,0
UTAH23002,16284,0
UTAH23003,9839,0
UTAH23004,37100,0
UTAH23006,108,0
UTAH23007,302,0
UTAH23008,1525,0
UTAH23009,660,0
UTAH23010,620,0
UTAH23053,1150,0
UTAH23054,600,0
UTAH23071,80,0
UTAH23076,2500,0
UTAH23079,834,0
UTAH24001,1005,0
UTAH24004,4152,0
UTAH24009,1525,0
UTAH24010,1375,0
UTAH24012,10000,0
UTAH24013,13835,0
UTAH24014,300,0
UTAH24044,188,0
UTAH24049,224,0
UTAH25001,9298,0
UTAH25002,17532,0
UTAH25003,47169,0
UTAH25004,475,0
UTAH25005,35516,0
UTAH25006,116288,0
UTAH25007,10200,0
UTAH25008,39045,0
UTAH25009,400,0
UTAH25010,141,0
UTAH25011,120,0
UTAH25012,1600,0
UTAH25013,925,0
UTAH25014,22000,0
UTAH25015,93446,0
UTAH25016,11900,0
UTAH25018,14000,0
UTAH25020,98129,0
UTAH25021,19000,0
UTAH25022,40000,1
UTAH25024,240,0
UTAH25028,1605,0
UTAH25031,5510,0
UTAH25033,100,0
UTAH25034,97,0
UTAH25035,177,0
UTAH25038,90,0
UTAH25044,60,0
UTAH25058,25,0
UTAH25092,350,0
UTAH25096,365,1
UTAH25109,1480,0
UTAH25124,230,0
UTAH25137,10015,0
UTAH25138,68000,0
UTAH25142,61266,0
UTAH25144,109,0
UTAH25146,50,0
UTAH25153,151,0
UTAH25164,36,0
UTAH25168,21431,0
UTAH25184,90,2
UTAH26002,270,1
UTAH26003,484,0
UTAH26005,559,0
UTAH26006,19000,0
UTAH26008,7055,0
UTAH26009,440,0
UTAH26023,190,0
UTAH26043,388,3
UTAH26049,300,0
UTAH26052,198,1
UTAH26055,350,0
UTAH26057,1560,0
UTAH26059,31,0
UTAH26060,200,0
UTAH26068,143,0
UTAH26069,85,3
UTAH26080,4640,0
UTAH26086,2345,0
UTAH26091,50,0
UTAH26096,1280,0
UTAH26100,1429,0
UTAH27002,35,0
UTAH27003,482,0
UTAH27004,2200,0
UTAH27005,118,2
UTAH27006,6100,0
UTAH27007,25555,0
UTAH27008,10465,0
UTAH27009,4500,0
UTAH27010,800,0
UTAH27011,200,0
UTAH27014,240,1
UTAH27015,105240,0
UTAH27016,9000,0
UTAH27017,529,0
UTAH27018,1931,0
UTAH27019,500,0
UTAH27020,1512,0
UTAH27021,45865,0
UTAH27025,50,1
UTAH27030,885,1
UTAH27049,950,0
UTAH27051,3380,0
UTAH27059,460,0
UTAH27061,100,0
UTAH27065,1340,1
UTAH27069,815,2
UTAH27071,130,0
UTAH27073,425,0
UTAH27074,358,0
UTAH27077,660,0
UTAH27079,314,0
UTAH27082,120,1
UTAH27086,78,1
UTAH27093,62,0
UTAH27117,80,0
UTAH27118,234,0
UTAH28001,380,0
UTAH28002,350,0
UTAH28003,210,0
UTAH28004,490,0
UTAH28005,235,1
UTAH28006,180,0
UTAH28007,550,0
UTAH28011,1070,0
UTAH28043,45,0
UTAH29004,29000,0
UTAH29005,1350,0
UTAH29006,20820,0
UTAH29007,750,1
UTAH29008,1750,0
UTAH29009,570,0
UTAH29010,22000,0
UTAH29011,87267,0
UTAH29013,1345,0
UTAH29014,9250,0
UTAH29015,8945,0
UTAH29016,38800,0
UTAH29017,17500,0
UTAH29019,9900,0
UTAH29020,1300,0
UTAH29021,2480,1
UTAH29022,9260,0
UTAH29024,350,1
UTAH29029,208,0
UTAH29053,237,2
UTAH29085,85,0
UTAH29086,105,0
UTAH29092,39,0
UTAH29093,36,0
UTAH29094,1375,0
UTAH29107,80,1
UTAH29119,75,0
UTAH29120,3360,1
UTAH29123,40,1
UTAH29124,32,0
UTAH29126,31,0
VA1021043,490,0
VA1021046,750,0
VA1021126,41,0
VA1021700,985,0
VA1027061,19326,1
VA1027065,440,2
VA1027067,69,0
VA1027068,50,0
VA1027069,64,0
VA1035060,25,0
VA1035066,1496,0
VA1035088,7500,0
VA1035090,145,0
VA1035095,340,0
VA1035295,2884,0
VA1035437,90,0
VA1035475,325,0
VA1035573,300,0
VA1035581,530,0
VA1035600,25,0
VA1035745,260,0
VA1051092,220,0
VA1051100,4836,1
VA1051107,335,0
VA1051720,592,0
VA1051721,2978,1
VA1051722,48,0
VA1051723,35,0
VA1051724,40,0
VA1051725,1090,1
VA1051726,700,1
VA1051727,175,1
VA1051728,448,0
VA1051729,415,0
VA1051731,255,0
VA1051732,25,0
VA1051735,35,0
VA1051736,88,0
VA1051737,3660,1
VA1063047,60,0
VA1063154,95,0
VA1063220,2300,1
VA1071120,88,0
VA1071200,124,0
VA1071260,193,0
VA1071300,1114,0
VA1071520,48,0
VA1071565,2029,0
VA1071568,160,0
VA1071660,2760,0
VA1071665,1167,1
VA1071675,48,0
VA1071700,960,0
VA1071710,295,0
VA1071845,84,1
VA1071850,430,0
VA1071920,147,0
VA1071970,212,0
VA1077200,730,0
VA1077240,484,0
VA1077251,350,0
VA1077335,971,0
VA1077539,225,0
VA1077570,301,0
VA1077750,25,1
VA1077775,220,0
VA1105055,240,0
VA1105060,445,0
VA1105070,600,0
VA1105100,1922,0
VA1105125,1297,0
VA1105200,1693,0
VA1105210,160,0
VA1105400,1968,0
VA1105405,2130,0
VA1105450,188,0
VA1105460,662,0
VA1105500,1781,1
VA1105800,1390,0
VA1105870,457,0
VA1105900,3800,0
VA1121005,85,0
VA1121043,1034,0
VA1121045,1247,0
VA1121052,34578,0
VA1121090,22000,0
VA1121175,3626,0
VA1121230,130,0
VA1121503,353,0
VA1121565,147,0
VA1121570,1740,0
VA1121580,4541,0
VA1121643,1602,0
VA1121655,1161,0
VA1121755,90,0
VA1121820,27,0
VA1155055,100,5
VA1155150,6538,0
VA1155152,31,1
VA1155441,120,0
VA1155446,65,0
VA1155505,345,0
VA1155521,292,0
VA1155635,9473,1
VA1155641,9452,0
VA1155700,72,0
VA1167015,140,0
VA1167050,5565,0
VA1167051,1575,0
VA1167115,340,0
VA1167137,46,0
VA1167200,113,0
VA1167240,60,0
VA1167275,1048,0
VA1167300,2250,0
VA1167455,3458,0
VA1167540,375,0
VA1167814,50,0
VA1167885,223,0
VA1167900,3233,0
VA1169150,139,0
VA1169200,4600,0
VA1169225,410,2
VA1169275,285,0
VA1169300,437,0
VA1169350,139,0
VA1169380,144,0
VA1169405,2034,0
VA1169415,918,3
VA1169425,177,0
VA1169650,5412,0
VA1169725,1000,0
VA1169900,185,0
VA1173010,163,0
VA1173023,597,0
VA1173090,4625,0
VA1173106,110,0
VA1173300,833,0
VA1173481,8500,0
VA1173720,110,0
VA1173723,2204,0
VA1173738,150,0
VA1173742,1276,0
VA1173745,55,0
VA1173770,3500,0
VA1173783,1135,0
VA1173785,1892,0
VA1185047,85,0
VA1185061,5811,0
VA1185062,428,0
VA1185085,1400,0
VA1185105,3322,0
VA1185151,870,0
VA1185365,605,0
VA1185400,50,0
VA1185626,82,0
VA1185685,2644,0
VA1185695,4564,0
VA1185754,158,0
VA1185755,2952,0
VA1185761,5007,0
VA1185763,3857,0
VA1185766,707,0
VA1185767,173,0
VA1185769,43,0
VA1191150,150,0
VA1191275,25,0
VA1191295,254,0
VA1191311,84,0
VA1191883,47574,0
VA1195050,2745,0
VA1195100,9372,0
VA1195170,4630,0
VA1195640,943,0
VA1195650,2501,0
VA1195700,1010,0
VA1195900,11500,1
VA1195950,6375,0
VA1197345,5065,0
VA1197700,2500,0
VA1197810,7804,2
VA1197880,1001,2
VA1520070,20000,0
VA1640243,6837,0
VA1720076,3958,0
VA1750100,17420,0
VA2003050,12415,0
VA2003051,710,0
VA2003053,77408,0
VA2003054,240,0
VA2003150,58,0
VA2003175,50,0
VA2003255,488,0
VA2003260,95,0
VA2003342,80,0
VA2003355,45,0
VA2003400,504,0
VA2003440,97,0
VA2003443,73,0
VA2003475,250,0
VA2003650,475,0
VA2003850,27,0
VA2003900,110,0
VA2005095,504,0
VA2005160,1860,0
VA2005440,1332,0
VA2005480,408,0
VA2005560,70,0
VA2005600,1965,0
VA2005800,858,0
VA2005840,1884,0
VA2005950,288,0
VA2015025,273,0
VA2015050,150,0
VA2015060,1023,0
VA2015075,106,0
VA2015119,36,0
VA2015120,1150,0
VA2015150,2340,0
VA2015200,150,0
VA2015225,2408,0
VA2015300,140,0
VA2015325,300,0
VA2015375,288,0
VA2015450,100,0
VA2015477,50,0
VA2015523,100,0
VA2015524,210,0
VA2015550,227,0
VA2015575,26083,0
VA2015725,7808,0
VA2015850,90,0
VA2017030,500,0
VA2017095,1418,0
VA2017130,243,0
VA2017135,280,0
VA2017200,2058,0
VA2017300,690,0
VA2017490,325,0
VA2023020,2773,0
VA2023030,875,0
VA2023040,45,0
VA2023060,338,0
VA2023140,135,0
VA2023150,415,0
VA2023160,1220,0
VA2023280,288,0
VA2023300,952,0
VA2023380,155,0
VA2023400,80,0
VA2023410,356,0
VA2023420,267,0
VA2023450,114,0
VA2023460,77,0
VA2023468,66,0
VA2023470,630,0
VA2023480,1665,0
VA2023555,162,0
VA2023575,208,0
VA2023590,77,0
VA2023720,500,0
VA2023730,130,0
VA2023734,56,0
VA2023740,930,0
VA2023780,75,0
VA2023870,105,0
VA2043125,4574,4
VA2043250,1287,0
VA2043625,123,0
VA2043875,250,0
VA2043900,100,1
VA2045160,1238,1
VA2065120,110,0
VA2065250,1650,0
VA2065265,25,0
VA2065300,2150,0
VA2065480,12943,0
VA2065540,90,0
VA2065600,80,0
VA2065781,70,0
VA2069250,46206,0
VA2069300,25,0
VA2069333,1390,0
VA2069525,330,0
VA2069634,2700,0
VA2069650,2130,0
VA2069725,228,0
VA2079125,260,0
VA2079590,2304,2
VA2079625,8500,1
VA2079770,40,0
VA2091100,115,0
VA2091150,300,0
VA2109075,1707,0
VA2109265,50,0
VA2109340,100,0
VA2109450,1555,2
VA2109510,4254,2
VA2109525,478,0
VA2109650,950,0
VA2109675,201,2
VA2109800,61,0
VA2109825,70,0
VA2109990,2903,0
VA2125065,51,0
VA2125325,2493,0
VA2125382,405,1
VA2125650,480,4
VA2125845,40,0
VA2125910,6861,0
VA2125950,895,0
VA2139017,55,0
VA2139055,250,0
VA2139330,4794,0
VA2139385,81,0
VA2139440,146,0
VA2139495,120,0
VA2139825,2378,0
VA2139935,4185,1
VA2161046,194,0
VA2161110,50,0
VA2161115,391,0
VA2161150,444,0
VA2161665,196,0
VA2161668,71,1
VA2161680,78,0
VA2163075,40,0
VA2163225,1133,0
VA2163250,375,0
VA2163400,584,0
VA2163625,919,0
VA2163650,4711,0
VA2163701,120,0
VA2163825,30,0
VA2165030,220,0
VA2165045,6177,0
VA2165060,4015,0
VA2165165,140,0
VA2165180,41,0
VA2165210,1700,0
VA2165240,99,0
VA2165270,2595,0
VA2165285,160,0
VA2165300,1430,1
VA2165330,3328,0
VA2165333,80,0
VA2165466,182,0
VA2165495,140,0
VA2165525,5472,0
VA2165598,481,0
VA2165615,400,1
VA2165668,1332,0
VA2165705,14834,0
VA2165720,2963,0
VA2171250,2578,0
VA2171300,1908,0
VA2171315,68,0
VA2171350,145,0
VA2171400,90,0
VA2171425,43,0
VA2171475,145,0
VA2171575,1864,0
VA2171600,2274,0
VA2171650,948,0
VA2171683,90,0
VA2171750,7410,1
VA2171800,1548,0
VA2171817,54,0
VA2171850,5955,4
VA2187232,50,1
VA2187290,120,1
VA2187335,140,0
VA2187406,15000,0
VA2187515,111,0
VA2187522,1500,0
VA2187590,100,0
VA2187623,100,0
VA2187754,265,0
VA2187812,850,0
VA2530125,6566,0
VA2540500,46553,0
VA2560100,3884,1
VA2580100,5961,2
VA2660345,61000,0
VA2678375,7500,0
VA2770900,182700,0
VA2775300,25643,0
VA2790600,25750,0
VA2820775,22630,0
VA2840500,28248,0
VA3001028,155,0
VA3001031,150,0
VA3001100,2380,0
VA3001140,495,0
VA3001175,3344,0
VA3001500,1625,2
VA3001600,975,0
VA3001620,1525,0
VA3001660,804,0
VA3001745,170,0
VA3001833,393,1
VA3001887,152,0
VA3053210,39,1
VA3053248,315,0
VA3053280,7418,0
VA3053650,62,0
VA3053700,482,0
VA3053915,145,0
VA3081550,7190,0
VA3081730,36,0
VA3093111,58,0
VA3093117,855,0
VA3093120,7050,0
VA3093170,313,0
VA3093190,600,0
VA3093200,225,0
VA3093210,104,5
VA3093220,83,0
VA3093260,1470,0
VA3093322,228,0
VA3093347,105,0
VA3093380,116,0
VA3093400,203,5
VA3093470,223,0
VA3093540,138,0
VA3093580,475,0
VA3093640,8089,0
VA3093650,93,0
VA3093665,60,0
VA3093850,31,5
VA3093900,2400,0
VA3093915,372,0
VA3093950,85,0
VA3095045,29,0
VA3095317,82,0
VA3095320,181,0
VA3095490,57726,0
VA3095528,124,0
VA3095590,41,0
VA3095700,150,0
VA3095750,89,0
VA3095760,139,0
VA3095858,161,0
VA3095862,360,0
VA3131008,45,0
VA3131061,160,0
VA3131120,3740,0
VA3131200,800,0
VA3131210,1500,0
VA3131300,80,0
VA3131302,159,0
VA3131554,64,0
VA3131851,27,0
VA3131852,40,0
VA3149050,240,0
VA3149163,333,0
VA3149247,28580,0
VA3149510,35,0
VA3149620,60,0
VA3149700,9271,0
VA3149840,441,0
VA3149950,1071,0
VA3149960,122,0
VA3175100,1430,0
VA3175170,163,0
VA3175220,1284,1
VA3175282,182,0
VA3175300,185,0
VA3175340,230,0
VA3175400,410,0
VA3175461,64,0
VA3175500,550,0
VA3175520,200,0
VA3175530,70,0
VA3175600,100,0
VA3175650,390,0
VA3175690,486,0
VA3175710,120,0
VA3175730,1768,0
VA3175750,500,0
VA3175800,130,0
VA3175860,356,0
VA3181250,327,0
VA3181400,360,0
VA3181500,60,0
VA3181650,112,0
VA3181700,100,0
VA3181850,490,0
VA3183590,3214,0
VA3183750,273,0
VA3183820,128,0
VA3183900,1116,0
VA3183950,2640,0
VA3199200,163,0
VA3199210,632,0
VA3199380,1950,0
VA3199500,2386,0
VA3199510,530,0
VA3199700,1375,0
VA3199995,755,0
VA3550050,32326,0
VA3550051,165240,0
VA3550620,1400,0
VA3550750,2354,0
VA3550775,45,0
VA3550800,60,0
VA3570150,18273,0
VA3595250,7594,2
VA3620350,9000,0
VA3650150,600,0
VA3650350,10886,0
VA3670800,30317,0
VA3700100,16900,0
VA3700500,407300,0
VA3710050,48826,0
VA3710100,234220,0
VA3710850,7533,0
VA3730750,33394,0
VA3740500,17000,0
VA3740600,97915,0
VA3740650,6072,0
VA3800075,60,0
VA3800805,69822,0
VA3800880,545,0
VA3810195,3000,0
VA3810210,2510,0
VA3810340,9782,0
VA3810430,7300,0
VA3810900,437994,0
VA3830850,16300,0
VA4036280,87,0
VA4036500,243,0
VA4036800,75,0
VA4036860,48,1
VA4036900,368,1
VA4041825,420,0
VA4041845,389897,0
VA4057150,120,0
VA4057200,30,0
VA4057250,43,0
VA4057400,398,0
VA4057566,48,0
VA4057568,60,0
VA4057680,95,0
VA4057750,183,0
VA4057800,2375,0
VA4057900,48,0
VA4073311,10754,0
VA4073510,210,1
VA4073735,32,0
VA4073800,189,0
VA4075100,115,0
VA4075280,3068,0
VA4075283,5805,0
VA4075400,219,0
VA4075500,948,0
VA4075520,184,0
VA4075630,60,0
VA4075680,35,0
VA4075735,1810,0
VA4085047,1285,0
VA4085140,928,0
VA4085155,246,0
VA4085200,59,0
VA4085320,120,0
VA4085350,471,0
VA4085390,170,0
VA4085398,57931,0
VA4085415,279,0
VA4085525,1444,0
VA4085550,225,0
VA4085630,350,0
VA4085700,70,0
VA4085740,690,0
VA4085744,183,0
VA4085750,155,0
VA4085770,2362,0
VA4085902,290,0
VA4087125,330000,0
VA4097720,150,0
VA4097800,100,0
VA4097850,90,0
VA4101030,48,0
VA4101060,65,0
VA4101097,338,0
VA4101110,2263,0
VA4101500,95,0
VA4101503,108,0
VA4101550,60,0
VA4101600,985,0
VA4101800,350,0
VA4101900,3063,0
VA4101950,153,0
VA4103100,51,0
VA4103130,73,0
VA4103200,45,0
VA4103225,87,0
VA4103230,358,0
VA4103245,44,0
VA4103250,105,0
VA4103338,85,0
VA4103350,218,0
VA4103375,87,0
VA4103500,187,0
VA4103540,25,0
VA4103550,1056,0
VA4103600,1500,0
VA4103630,123,0
VA4103680,125,0
VA4103710,63,0
VA4103750,78,0
VA4103800,398,0
VA4103817,40,0
VA4103820,78,0
VA4103825,45,0
VA4103830,678,0
VA4103870,461,0
VA4103947,57,0
VA4103950,49,0
VA4103980,825,0
VA4103985,146,0
VA4115350,50,0
VA4115400,103,0
VA4115450,83,0
VA4115455,88,2
VA4115705,53,0
VA4115740,55,0
VA4119277,400,1
VA4119300,138,0
VA4119405,206,0
VA4119515,66,0
VA4119525,70,0
VA4119527,105,0
VA4119535,150,0
VA4119587,1628,0
VA4119600,323,0
VA4119790,58,0
VA4119800,800,0
VA4127055,230,0
VA4127075,375,0
VA4127115,548,0
VA4127141,350,0
VA4127190,7864,0
VA4127198,360,0
VA4127200,2510,0
VA4127450,165,0
VA4127455,48,0
VA4127530,3187,0
VA4127570,561,0
VA4127635,147,0
VA4127800,107,0
VA4127875,114,0
VA4127885,165,0
VA4127895,90,0
VA4127900,488,0
VA4127925,1365,0
VA4133030,119,0
VA4133040,726,0
VA4133080,140,0
VA4133100,96,0
VA4133110,42,0
VA4133120,160,0
VA4133160,393,0
VA4133200,288,0
VA4133203,50,0
VA4133240,69,0
VA4133280,69,0
VA4133320,111,0
VA4133345,59,0
VA4133346,43,0
VA4133360,306,0
VA4133400,318,0
VA4133415,72,0
VA4133420,25,0
VA4133440,34,0
VA4133480,138,0
VA4133520,70,0
VA4133560,201,0
VA4133600,90,0
VA4133620,264,0
VA4133640,100,0
VA4133680,98,0
VA4133696,68,0
VA4133698,75,0
VA4133720,480,0
VA4133740,28,1
VA4133760,129,0
VA4133800,421,0
VA4133822,30,0
VA4133850,68,0
VA4133865,35,0
VA4133890,200,0
VA4133900,75,0
VA4133920,25,0
VA4145200,980,0
VA4145510,379,0
VA4145600,330,0
VA4145675,3005,0
VA4145820,437,0
VA4159100,68,0
VA4159200,1500,0
VA4159235,77,0
VA4159500,175,0
VA4159700,28,0
VA4159800,45,0
VA4159900,1815,0
VA4193040,33,0
VA4193080,802,0
VA4193120,892,0
VA4193200,78,0
VA4193240,1450,0
VA4193280,3875,0
VA4193320,63,0
VA4193360,125,0
VA4193440,58,0
VA4193520,143,0
VA4193560,95,0
VA4193600,198,0
VA4193640,475,0
VA4193650,130,0
VA4193652,110,0
VA4193670,40,0
VA4193675,138,0
VA4193680,1163,0
VA4193706,78,0
VA4193720,946,0
VA4193760,1743,0
VA4193840,143,0
VA4193920,1230,0
VA4760100,233655,0
VA5007135,3100,0
VA5009050,2231,0
VA5009065,98,0
VA5009250,14799,0
VA5009300,70,1
VA5011050,1761,0
VA5011400,200,0
VA5019052,38794,0
VA5019185,90,0
VA5019360,30,0
VA5019370,35,0
VA5019379,200,0
VA5019430,54,0
VA5019485,75,0
VA5019605,62,0
VA5019675,698,0
VA5019685,490,0
VA5019735,60,0
VA5019767,128,0
VA5019795,340,0
VA5019800,110,0
VA5019865,50,0
VA5019875,70,0
VA5019878,180,0
VA5019924,75,0
VA5025050,300,1
VA5025120,317,0
VA5025150,1035,1
VA5025450,4806,1
VA5025480,39,0
VA5025500,70,0
VA5025550,58,0
VA5025570,85,0
VA5025625,95,0
VA5025650,30,0
VA5029085,5759,3
VA5029200,22,0
VA5029770,150,0
VA5031050,3850,0
VA5031150,21761,0
VA5031170,2505,0
VA5031175,1500,0
VA5031275,142,0
VA5031305,56,0
VA5031500,360,0
VA5031530,37,0
VA5031575,90,0
VA5031690,150,0
VA5031825,200,0
VA5031980,290,0
VA5037150,1975,0
VA5037200,530,0
VA5037300,800,1
VA5037550,206,0
VA5049150,1840,0
VA5049400,220,0
VA5067020,66,0
VA5067042,300,0
VA5067043,350,0
VA5067070,60,0
VA5067077,80,0
VA5067120,1996,0
VA5067129,58,0
VA5067160,67,0
VA5067238,200,0
VA5067244,3525,0
VA5067254,89,0
VA5067341,100,0
VA5067360,123,0
VA5067415,755,0
VA5067466,90,0
VA5067725,501,0
VA5067785,52,0
VA5067786,175,2
VA5067788,28,0
VA5067840,6000,0
VA5067900,75,0
VA5067951,85,0
VA5067952,187,0
VA5067957,196,0
VA5067961,949,0
VA5067980,150,0
VA5067990,40,0
VA5083480,290,0
VA5083690,360,0
VA5083810,466,0
VA5083940,300,0
VA5089115,42,0
VA5089404,55,0
VA5089475,56,0
VA5089571,100,0
VA5089700,120,0
VA5089712,50,0
VA5089770,60,0
VA5089852,29721,0
VA5089955,179,0
VA5111450,1400,0
VA5111800,1900,1
VA5117100,430,0
VA5117125,110,0
VA5117200,2242,0
VA5117310,1400,0
VA5117315,70,0
VA5117360,50,0
VA5117371,290,0
VA5117375,53,0
VA5117378,55,0
VA5117390,205,0
VA5117400,850,0
VA5117419,85,0
VA5117420,55,0
VA5117450,118,0
VA5117530,300,0
VA5117660,50,0
VA5117700,950,0
VA5117707,3073,0
VA5117800,4600,0
VA5117831,473,0
VA5117833,118,0
VA5117834,35,0
VA5117846,132,0
VA5135100,6345,2
VA5135110,432,0
VA5135160,2465,2
VA5135260,50,0
VA5141366,100,0
VA5141551,600,0
VA5141640,1500,0
VA5143114,2500,0
VA5143150,40,0
VA5143210,2500,3
VA5143214,210,0
VA5143246,1300,0
VA5143365,100,0
VA5143394,227,0
VA5143396,4145,0
VA5143473,39,0
VA5143640,64,0
VA5143687,448,0
VA5143690,40,0
VA5143700,1260,0
VA5143809,209,1
VA5143861,115,0
VA5143880,55,0
VA5143881,43,0
VA5143940,80,0
VA5143988,1906,0
VA5147170,8212,0
VA5147280,1027,0
VA5590100,42590,2
VA5680200,80995,0
VA5690400,13600,0
VA5780600,9364,0
VA6013010,215000,0
VA6013500,1352,0
VA6033050,375,0
VA6033085,4235,0
VA6033105,200,0
VA6033115,129,0
VA6033150,175,0
VA6033200,138,0
VA6033249,2065,0
VA6033425,2933,0
VA6033450,4818,0
VA6033455,150,0
VA6033500,1117,0
VA6033505,178,0
VA6033550,1233,3
VA6033600,327,0
VA6033620,60,0
VA6033650,147,0
VA6033700,90,0
VA6047015,84,0
VA6047016,2000,0
VA6047025,48,0
VA6047030,110,0
VA6047035,1400,0
VA6047038,163,0
VA6047040,155,0
VA6047041,130,0
VA6047050,140,0
VA6047062,60,1
VA6047065,200,0
VA6047075,85,0
VA6047100,336,0
VA6047230,43,0
VA6047250,25,0
VA6047255,42,0
VA6047260,28,0
VA6047300,80,0
VA6047318,120,0
VA6047330,118,0
VA6047340,80,0
VA6047355,50,0
VA6047360,53,0
VA6047374,51,0
VA6047391,160,0
VA6047400,183,0
VA6047431,57,0
VA6047475,28,0
VA6047490,175,0
VA6047500,21184,0
VA6047851,70,0
VA6047865,35,0
VA6047950,100,0
VA6047955,188,0
VA6059450,39303,0
VA6059501,1121613,0
VA6059550,24601,0
VA6059750,250,0
VA6059800,27134,0
VA6061008,87,0
VA6061020,25,0
VA6061050,346,0
VA6061057,46,0
VA6061114,160,1
VA6061117,643,0
VA6061120,200,0
VA6061125,63,0
VA6061129,4250,0
VA6061134,340,0
VA6061150,1250,0
VA6061200,2363,0
VA6061318,8818,0
VA6061400,100,0
VA6061450,566,0
VA6061500,1540,0
VA6061505,733,0
VA6061575,148,0
VA6061595,2449,0
VA6061600,11801,0
VA6061665,213,0
VA6061666,70,0
VA6099025,40,0
VA6099050,3985,0
VA6099085,208,0
VA6099100,230,0
VA6099231,38,0
VA6099250,928,0
VA6099275,146,1
VA6099280,50,0
VA6099283,1772,0
VA6099285,65,0
VA6099295,2650,0
VA6099300,97,0
VA6099305,147,0
VA6099340,11000,0
VA6099350,1659,0
VA6099430,400,1
VA6099500,951,0
VA6099550,242,0
VA6099555,30,0
VA6099590,51,2
VA6107010,70,0
VA6107037,336,0
VA6107070,95,0
VA6107075,80,0
VA6107100,301,3
VA6107150,2240,0
VA6107200,88,0
VA6107300,65028,0
VA6107350,334808,0
VA6107400,2964,0
VA6107420,60,0
VA6107450,803,0
VA6107555,1061,0
VA6107600,8929,0
VA6107650,5055,0
VA6107651,284,0
VA6107660,1540,0
VA6107700,438,0
VA6107725,225,0
VA6113100,75,0
VA6113115,25,1
VA6113160,35,0
VA6113165,150,1
VA6113170,60,0
VA6113195,54,0
VA6113200,784,1
VA6113265,90,0
VA6113300,739,0
VA6113500,33,0
VA6137120,390,0
VA6137300,284,0
VA6137400,1800,0
VA6137500,5022,0
VA6137900,38,0
VA6137999,13274,3
VA6153050,1803,0
VA6153060,8689,0
VA6153082,105,0
VA6153251,136409,0
VA6153260,320,0
VA6153323,207,0
VA6153475,350,0
VA6153600,168747,0
VA6153625,72062,0
VA6153675,19000,2
VA6153676,650,0
VA6157400,198,3
VA6177105,175,0
VA6177251,2513,1
VA6177266,120,0
VA6177300,95686,0
VA6179100,123684,0
VA6179500,100,0
VA6179750,110,0
VA6510010,159200,0
VA6630050,28350,0
VA6685100,42696,0
VA6687100,14051,0
VI0000029,960,1
VI0000058,133,1
VI0000064,124,0
VI0000066,1008,2
VI0000068,345,3
VI0000069,38,1
VI0000071,90,0
VI0000072,42,1
VI0000074,374,1
VI0000075,199,1
VI0000078,863,2
VI0000094,300,1
VI0000097,35000,1
VI0000098,98,0
VI0000108,120,1
VI0000122,100,1
VI0000174,900,1
VI0000234,35,1
VI0000235,26,1
VI0000236,32,1
VI0000237,42,1
VI0000271,273,1
VI0000305,177,1
VI0000335,80,1
VI0000342,40,1
VI0000349,2500,1
VI0000443,34000,1
VI1000030,225,1
VI1000044,96,1
VI1000046,61,1
VI1000047,45,1
VI1000048,35,1
VI1000052,44,0
VI1000072,110,1
VI1000080,197,1
VI1000082,75,1
VI1000086,81,1
VI1000118,44,1
VI1000121,34,1
VI1000131,40,1
VI1000138,128,0
VI1000175,64,1
VI1000188,75,1
VI1000220,50,0
VI1000304,510,1
VI1000322,25,1
VI1000329,25,1
VI1000332,25,1
VI1000341,25,0
VI1000342,25,0
VI1000343,25,0
VI1000345,25,1
VI1000351,25,1
VI1000354,25,1
VI1000700,633,0
VI2000029,267,0
VI3000020,42,0
VI3000025,106,1
VI3000049,59,1
VI3000050,25,1
VI3000051,28,1
VI3000062,30,1
VI3000463,118,1
VI3000464,119,0
VI3000465,197,1
VI3000466,86,1
VI3000467,150,1
VI3000477,133,0
VI3000522,70,1
VI3000524,28,0
VI3000549,28,1
VI3000551,25,1
VI3000552,25,1
VI3000553,25,1
VI3000554,25,2
VI3000555,25,1
VI3000560,181,2
VT0000196,237,1
VT0005001,3800,0
VT0005002,2103,0
VT0005003,642,0
VT0005004,9379,0
VT0005005,350,0
VT0005006,135,0
VT0005007,205,0
VT0005010,5100,0
VT0005012,61,0
VT0005013,1250,0
VT0005016,13250,0
VT0005017,1700,0
VT0005018,105,0
VT0005020,530,0
VT0005021,192,0
VT0005022,4140,0
VT0005023,100,1
VT0005024,4300,0
VT0005026,133,0
VT0005027,55,0
VT0005028,375,0
VT0005029,205,0
VT0005031,140,1
VT0005033,142,0
VT0005037,500,0
VT0005038,350,0
VT0005039,1900,0
VT0005040,4000,0
VT0005041,100,0
VT0005042,150,0
VT0005043,131,1
VT0005045,5000,0
VT0005046,370,0
VT0005048,185,0
VT0005049,50,1
VT0005051,1030,0
VT0005052,250,0
VT0005053,42000,0
VT0005056,46,0
VT0005057,615,0
VT0005059,8300,0
VT0005065,9734,0
VT0005066,9500,0
VT0005070,2800,0
VT0005076,120,2
VT0005077,1410,0
VT0005078,40,0
VT0005079,8260,0
VT0005084,1048,0
VT0005086,388,0
VT0005087,5764,0
VT0005089,50,0
VT0005090,250,0
VT0005091,19500,0
VT0005092,1,0
VT0005093,42,0
VT0005094,72,0
VT0005095,420,0
VT0005096,825,0
VT0005098,7259,0
VT0005100,212,0
VT0005102,8500,0
VT0005104,50,0
VT0005105,1200,0
VT0005106,970,0
VT0005107,350,0
VT0005110,150,0
VT0005111,136,0
VT0005112,250,0
VT0005113,400,0
VT0005114,446,0
VT0005115,184,0
VT0005116,1700,0
VT0005117,1550,0
VT0005118,100,1
VT0005119,184,0
VT0005120,400,0
VT0005121,500,0
VT0005125,530,1
VT0005126,1700,0
VT0005127,480,0
VT0005130,10200,1
VT0005132,4000,0
VT0005133,45,0
VT0005134,81,0
VT0005136,576,0
VT0005137,87,0
VT0005139,1078,0
VT0005149,262,0
VT0005150,700,0
VT0005151,2960,0
VT0005152,32,0
VT0005153,275,0
VT0005154,462,0
VT0005155,75,0
VT0005156,1350,0
VT0005158,150,0
VT0005160,2935,0
VT0005162,139,0
VT0005163,3600,0
VT0005165,240,0
VT0005168,86,0
VT0005169,84,2
VT0005170,1512,0
VT0005171,252,0
VT0005174,967,0
VT0005175,480,0
VT0005176,490,0
VT0005177,1138,0
VT0005179,2700,0
VT0005180,45,0
VT0005181,115,0
VT0005182,61,0
VT0005184,250,1
VT0005185,170,0
VT0005186,985,0
VT0005188,200,0
VT0005189,950,0
VT0005190,846,0
VT0005191,251,0
VT0005194,420,0
VT0005195,1400,0
VT0005198,551,0
VT0005199,71,1
VT0005200,200,0
VT0005201,66,0
VT0005202,4766,1
VT0005204,330,0
VT0005205,864,0
VT0005206,315,0
VT0005207,120,0
VT0005208,250,1
VT0005211,3963,0
VT0005212,1940,0
VT0005213,129,0
VT0005217,385,1
VT0005218,3076,0
VT0005220,95,0
VT0005221,34,0
VT0005225,1652,0
VT0005227,2400,0
VT0005228,2000,0
VT0005229,18500,0
VT0005237,102,0
VT0005238,89,0
VT0005240,63,1
VT0005241,108,0
VT0005242,956,0
VT0005243,63,0
VT0005244,2400,0
VT0005247,367,0
VT0005248,700,0
VT0005253,30,1
VT0005254,14000,0
VT0005255,139,0
VT0005258,218,0
VT0005261,250,0
VT0005262,200,0
VT0005264,300,0
VT0005267,100,0
VT0005268,197,0
VT0005269,350,0
VT0005272,8912,0
VT0005275,5145,0
VT0005277,985,0
VT0005280,82,0
VT0005281,2400,0
VT0005282,92,0
VT0005283,440,0
VT0005284,6003,1
VT0005287,100,0
VT0005289,350,0
VT0005290,12200,0
VT0005291,123,0
VT0005294,308,0
VT0005298,4000,0
VT0005303,305,0
VT0005304,63,0
VT0005305,6200,1
VT0005306,150,0
VT0005309,76,0
VT0005310,1400,0
VT0005312,2594,0
VT0005313,700,0
VT0005314,50,0
VT0005315,1929,0
VT0005317,950,0
VT0005318,3200,0
VT0005319,7600,0
VT0005320,2262,0
VT0005322,262,0
VT0005323,2880,0
VT0005324,180,1
VT0005325,540,0
VT0005326,870,0
VT0005328,440,0
VT0005330,1500,1
VT0005331,60,2
VT0005333,9800,0
VT0005335,45,0
VT0005339,485,0
VT0005341,2350,0
VT0005342,42,0
VT0005343,2473,0
VT0005344,40,0
VT0005347,126,0
VT0005353,50,0
VT0005357,75,0
VT0005359,112,0
VT0005374,63,0
VT0005375,275,0
VT0005378,137,0
VT0005379,65,0
VT0005381,50,1
VT0005382,108,0
VT0005384,189,2
VT0005385,121,1
VT0005397,166,4
VT0005399,139,0
VT0005403,80,0
VT0005404,240,0
VT0005419,108,1
VT0005424,122,0
VT0005426,56,0
VT0005427,42,0
VT0005429,110,0
VT0005435,79,0
VT0005441,176,0
VT0005442,50,1
VT0005450,50,0
VT0005452,200,0
VT0005462,240,0
VT0005469,950,0
VT0005471,100,0
VT0005475,36,0
VT0005476,190,0
VT0005490,39,1
VT0005493,30,1
VT0005499,300,0
VT0005502,63,0
VT0005503,1058,0
VT0005504,60,0
VT0005513,65,0
VT0005515,50,0
VT0005517,60,0
VT0005518,87,0
VT0005523,120,0
VT0005524,63,1
VT0005525,66,0
VT0005529,378,1
VT0005530,56,0
VT0005532,96,1
VT0005534,401,0
VT0005535,50,0
VT0005536,157,0
VT0005537,140,1
VT0005538,50,0
VT0005539,1300,0
VT0005540,400,0
VT0005541,240,1
VT0005542,302,0
VT0005545,48,0
VT0005555,40,1
VT0005556,120,0
VT0005557,64,0
VT0005563,116,0
VT0005565,6740,0
VT0005566,1638,0
VT0005570,40,0
VT0005571,82,0
VT0005573,70,1
VT0005575,94,0
VT0005577,45,2
VT0005578,333,0
VT0005581,68,0
VT0005582,44,0
VT0005583,36,0
VT0005584,32,0
VT0005586,69,0
VT0005589,110,4
VT0005590,500,0
VT0005592,362,0
VT0005593,445,1
VT0005594,118,0
VT0005596,37,1
VT0005597,212,0
VT0005598,252,1
VT0005599,750,0
VT0005600,100,0
VT0005602,235,0
VT0005603,50,1
VT0005604,32,0
VT0005607,181,0
VT0005608,105,0
VT0005609,420,0
VT0005611,201,0
VT0005615,1116,0
VT0005617,109,0
VT0005618,829,0
VT0005619,220,0
VT0005621,37,0
VT0005623,210,0
VT0005625,142,0
VT0005626,42,0
VT0005629,84,0
VT0005630,485,0
VT0005631,450,0
VT0005632,518,0
VT0005633,241,0
VT0005635,700,0
VT0005636,623,0
VT0005637,60,0
VT0005638,450,0
VT0005640,80,0
VT0005645,50,1
VT0005646,63,1
VT0005647,116,0
VT0005649,761,0
VT0005650,45,0
VT0005652,300,0
VT0005653,97,0
VT0005654,42,0
VT0005655,95,0
VT0005657,245,0
VT0006624,310,0
VT0008300,1528,0
VT0008346,25,0
VT0020000,212,0
VT0020002,225,0
VT0020003,48,1
VT0020031,50,3
VT0020080,760,0
VT0020091,52,0
VT0020092,290,0
VT0020098,64,0
VT0020100,40,0
VT0020135,48,0
VT0020151,150,0
VT0020153,292,0
VT0020184,1000,0
VT0020308,50,0
VT0020333,533,0
VT0020415,126,0
VT0020439,40,0
VT0020449,519,0
VT0020455,90,0
VT0020456,425,0
VT0020466,663,0
VT0020471,104,0
VT0020508,976,0
VT0020551,199,0
VT0020552,200,0
VT0020562,2750,0
VT0020568,897,0
VT0020603,50,0
VT0020605,55,0
VT0020614,1600,0
VT0020618,66,0
VT0020722,53,0
VT0020734,682,0
VT0020737,129,0
VT0020744,265,0
VT0020760,76,0
VT0020775,63,0
VT0020790,82,0
VT0020791,273,0
VT0020796,150,1
VT0020800,290,0
VT0020801,125,0
VT0020847,41,0
VT0020855,79,1
VT0020867,52,0
VT0020885,136,0
VT0020889,500,0
VT0020917,1695,0
VT0020934,1300,0
VT0020962,105,0
VT0020964,300,1
VT0020986,49,0
VT0020990,50,0
VT0020997,450,0
VT0021005,150,0
VT0021007,29,0
VT0021015,69,0
VT0021020,63,0
VT0021023,31,0
VT0021029,92,0
VT0021035,131,0
VT0021051,102,0
VT0021053,310,0
VT0021054,156,0
VT0021057,96,0
VT0021071,301,0
VT0021121,47,0
VT0021199,39,0
VT0021202,1819,0
VT0021207,68,2
VT0021208,73,0
VT0021254,75,0
VT0021272,70,0
VT0021384,60,0
VT0021515,130,0
VT0021570,22,0
VT0021810,11299,0
WA5300029,69,0
WA5300045,72,0
WA5300050,22867,0
WA5300133,48,0
WA5300153,118,0
WA5300250,568,0
WA5300253,119,0
WA5300302,225,1
WA5300307,1349,0
WA5300315,144,0
WA5300323,303,0
WA5300333,2372,0
WA5300339,23,0
WA5300346,27,0
WA5300367,253,0
WA5300392,1974,0
WA5300410,870,0
WA5300429,265,0
WA5300431,67,0
WA5300484,42,4
WA5300489,41,0
WA5300496,40,0
WA5300510,48,0
WA5300515,100,0
WA5300543,430,0
WA5300561,144,0
WA5300567,75,0
WA5300585,28,0
WA5300588,28,0
WA5300601,110,0
WA5300603,54,0
WA5300604,40,0
WA5300615,24,0
WA5300631,2429,0
WA5300650,9489,0
WA5300675,90,0
WA5300682,233,0
WA5300710,3036,0
WA5300792,74,0
WA5300794,33,0
WA5300800,600,0
WA5300805,37,0
WA5300837,30,0
WA5300863,125,0
WA5300886,90,0
WA5300914,88,0
WA5300944,35,0
WA5300946,233,0
WA5300950,75,0
WA5300953,162,0
WA5300956,83,0
WA5300982,240,0
WA5301000,60,0
WA5301023,53,0
WA5301031,47,0
WA5301050,2154,0
WA5301088,237,0
WA5301125,113,0
WA5301200,120,0
WA5301213,70,0
WA5301220,156,0
WA5301222,35,0
WA5301250,2259,0
WA5301265,39,0
WA5301266,58,0
WA5301270,635,0
WA5301281,75,0
WA5301300,245715,0
WA5301338,40,0
WA5301371,38,0
WA5301379,56,0
WA5301383,158,0
WA5301400,446,0
WA5301428,493,0
WA5301429,286,0
WA5301450,3300,0
WA5301463,93,0
WA5301483,218,0
WA5301484,290,0
WA5301567,141,0
WA5301576,105,0
WA5301581,61,0
WA5301591,30,0
WA5301639,144,0
WA5301649,94,1
WA5301666,27,0
WA5301668,60,0
WA5301695,414,0
WA5301698,27,0
WA5301700,372,0
WA5301712,62,0
WA5301736,30,0
WA5301799,26,0
WA5301808,47,0
WA5301819,61,1
WA5301822,51,0
WA5301826,363,0
WA5301830,45,0
WA5301832,53,0
WA5301842,92,0
WA5301852,268,0
WA5301898,94,0
WA5301916,76,0
WA5301966,282,0
WA5301977,59,0
WA5301984,355,0
WA5302006,49,0
WA5302011,40,0
WA5302043,628,0
WA5302050,40,0
WA5302051,36,2
WA5302052,1831,0
WA5302055,3224,0
WA5302117,615,0
WA5302145,193,0
WA5302150,152,0
WA5302182,47,0
WA5302200,25109,0
WA5302211,26,0
WA5302217,135,0
WA5302236,143,0
WA5302273,32,0
WA5302287,99,0
WA5302300,41,0
WA5302306,36,0
WA5302308,37,0
WA5302315,30,0
WA5302328,150,0
WA5302345,37,0
WA5302348,53,0
WA5302356,250,1
WA5302408,50,0
WA5302413,102,0
WA5302498,292,0
WA5302513,58,0
WA5302519,93,0
WA5302590,75,0
WA5302600,28930,0
WA5302601,66,0
WA5302632,76,0
WA5302667,143,0
WA5302676,367,0
WA5302699,378,0
WA5302714,16828,0
WA5302715,148,0
WA5302735,212,0
WA5302777,26,0
WA5302857,110,0
WA5302860,53,0
WA5302871,45,0
WA5302885,80,1
WA5302890,40,0
WA5302897,328,0
WA5302938,186,0
WA5302942,480,0
WA5302945,75,0
WA5302948,100,0
WA5302950,29508,0
WA5302996,106,0
WA5303000,167,5
WA5303010,64,0
WA5303014,225,0
WA5303021,30,0
WA5303052,51,0
WA5303099,210,0
WA5303129,243,0
WA5303134,610,0
WA5303150,302,0
WA5303160,5828,0
WA5303200,1141,0
WA5303224,360,0
WA5303250,2531,0
WA5303303,1869,0
WA5303313,131,0
WA5303336,35,0
WA5303344,202,0
WA5303350,107655,0
WA5303370,116,0
WA5303388,50,0
WA5303404,25,0
WA5303414,47,0
WA5303420,16595,0
WA5303427,217,0
WA5303449,35,0
WA5303450,129,0
WA5303451,50,0
WA5303456,615,0
WA5303463,61,0
WA5303468,11792,0
WA5303521,600,0
WA5303523,7,0
WA5303528,917,0
WA5303529,3675,0
WA5303606,223,0
WA5303619,63,0
WA5303660,211,0
WA5303741,141,0
WA5303754,100,1
WA5303901,125,0
WA5303912,240,0
WA5303943,102,0
WA5303950,1234,1
WA5304025,34,0
WA5304050,40,0
WA5304212,28,0
WA5304237,70,0
WA5304298,54,0
WA5304316,48,0
WA5304387,84,0
WA5304397,7900,0
WA5304398,34,0
WA5304459,38,0
WA5304461,1740,2
WA5304511,295,0
WA5304512,317,0
WA5304530,60,0
WA5304569,24,0
WA5304582,54,0
WA5304600,1158,0
WA5304601,230,0
WA5304625,991,0
WA5304629,320,0
WA5304643,355,0
WA5304670,37,0
WA5304694,31,0
WA5304700,30237,0
WA5304761,26,0
WA5304778,117,0
WA5304793,107,0
WA5304815,579,0
WA5304828,30,0
WA5304847,90,0
WA5304852,96,0
WA5304863,85,0
WA5304900,130,0
WA5304930,56,0
WA5304953,90,0
WA5304956,227,0
WA5304979,310,0
WA5304980,90,4
WA5305025,158,0
WA5305067,75,0
WA5305100,1100,0
WA5305122,16449,0
WA5305151,33,0
WA5305160,345,0
WA5305182,302,0
WA5305198,267,0
WA5305219,30,0
WA5305243,32,0
WA5305277,150,0
WA5305290,130,0
WA5305303,327,0
WA5305316,63,0
WA5305329,183,0
WA5305345,2277,0
WA5305350,4432,0
WA5305370,228,0
WA5305450,350,0
WA5305520,550,0
WA5305534,163,0
WA5305535,1035,0
WA5305536,52,0
WA5305570,54,0
WA5305575,321349,0
WA5305600,141127,0
WA5305640,66,0
WA5305704,60,0
WA5305782,49,0
WA5305783,14548,0
WA5305793,73,0
WA5305795,435,0
WA5305800,5626,0
WA5305801,310,0
WA5305811,92,0
WA5305831,71,0
WA5305836,291,0
WA5305848,48,0
WA5305859,1805,0
WA5305867,63,0
WA5305875,409,0
WA5305885,100,0
WA5305898,70,1
WA5305914,42,0
WA5305948,270,0
WA5305950,30,0
WA5305956,48,0
WA5305965,127,0
WA5305966,1200,0
WA5305980,522,0
WA5306014,35,0
WA5306015,65,0
WA5306029,8410,1
WA5306044,352,0
WA5306046,25,0
WA5306073,100,0
WA5306081,232,0
WA5306091,200,0
WA5306100,106,0
WA5306136,1143,0
WA5306147,56,5
WA5306151,90,0
WA5306200,50,0
WA5306319,95,0
WA5306321,28,0
WA5306325,100,0
WA5306344,94,0
WA5306350,120,0
WA5306396,38,0
WA5306456,95,0
WA5306461,705,0
WA5306514,35,0
WA5306529,40,0
WA5306536,110,0
WA5306559,59,2
WA5306581,30,0
WA5306630,419,0
WA5306651,48,0
WA5306705,45,0
WA5306772,250,0
WA5306794,60,0
WA5306900,1758,0
WA5306947,75,0
WA5307009,36,0
WA5307079,102,0
WA5307095,28,0
WA5307155,177,0
WA5307158,3764,0
WA5307160,36,0
WA5307167,127,0
WA5307200,48,0
WA5307215,80,0
WA5307220,6407,0
WA5307221,452,0
WA5307222,477,0
WA5307250,93,0
WA5307285,61,0
WA5307289,228,0
WA5307300,6319,0
WA5307314,170,1
WA5307350,250,0
WA5307400,193,0
WA5307450,1480,0
WA5307486,88,0
WA5307507,55,0
WA5307516,48,0
WA5307542,312,0
WA5307574,49,0
WA5307581,90,0
WA5307610,2389,0
WA5307619,330,0
WA5307620,51,0
WA5307630,160,0
WA5307650,43371,0
WA5307663,60,0
WA5307667,58,0
WA5307700,50,2
WA5307730,150,0
WA5307741,52,0
WA5307748,86,0
WA5307749,100,0
WA5307764,122,0
WA5307813,66,0
WA5307816,73,0
WA5307850,1153,2
WA5307866,36,0
WA5307870,489,0
WA5307877,379,0
WA5307900,33643,0
WA5307925,25,0
WA5307937,82,0
WA5307956,43,0
WA5307989,36,0
WA5308066,247,0
WA5308072,260,0
WA5308118,196,0
WA5308131,86,0
WA5308136,101,0
WA5308166,1043,0
WA5308200,72951,0
WA5308236,235,0
WA5308246,636,0
WA5308253,973,0
WA5308290,542,0
WA5308300,3843,0
WA5308324,44,1
WA5308330,623,1
WA5308344,42,1
WA5308350,2214,0
WA5308356,80,0
WA5308359,418,0
WA5308364,44,0
WA5308367,2248,0
WA5308371,188,0
WA5308393,488,0
WA5308401,34,0
WA5308520,220,1
WA5308586,60,0
WA5308690,68,0
WA5308740,225,0
WA5308760,32,0
WA5308815,30,0
WA5308914,48,0
WA5308915,36,0
WA5308940,165,1
WA5309000,7842,0
WA5309064,260,0
WA5309066,141,0
WA5309100,579,0
WA5309131,112,0
WA5309150,200,0
WA5309155,42,0
WA5309156,350,0
WA5309188,500,0
WA5309251,132,0
WA5309280,45,0
WA5309300,527,0
WA5309314,198,0
WA5309350,177,0
WA5309356,35,2
WA5309404,113,0
WA5309450,50,0
WA5309490,798,0
WA5309570,92,0
WA5309600,109,0
WA5309650,182,0
WA5309800,964,0
WA5309871,54,0
WA5309899,60,0
WA5309900,111,0
WA5309930,55,0
WA5310050,278,0
WA5310100,108,0
WA5310220,9434,0
WA5310221,21220,0
WA5310340,53,0
WA5310440,170,0
WA5310516,30,0
WA5310562,44,1
WA5310580,825,0
WA5310581,133,0
WA5310587,73,0
WA5310590,246,0
WA5310595,53,0
WA5310600,1071,0
WA5310614,375,0
WA5310724,520,0
WA5310725,310,0
WA5310744,79,0
WA5310746,76,0
WA5310748,591,0
WA5310750,2592,0
WA5310751,481,0
WA5310755,167,0
WA5310761,97,2
WA5310774,55,0
WA5310800,31794,0
WA5310805,142,0
WA5310808,228,0
WA5310815,130,0
WA5310838,53,0
WA5310988,62,5
WA5310991,549,0
WA5310992,123,1
WA5310994,36,0
WA5310999,167,0
WA5311002,211,0
WA5311030,43,0
WA5311050,1022,0
WA5311060,940,0
WA5311065,164,3
WA5311100,875,0
WA5311134,57,0
WA5311135,30,0
WA5311154,165,0
WA5311159,1273,0
WA5311161,28,0
WA5311200,2400,0
WA5311239,46,0
WA5311250,1602,0
WA5311278,66,1
WA5311300,449,0
WA5311340,3015,0
WA5311445,29,0
WA5311476,71,0
WA5311488,164,0
WA5311494,107,0
WA5311500,379,0
WA5311514,58,0
WA5311625,93,0
WA5311626,2400,0
WA5311656,41,0
WA5311700,5815,0
WA5311800,4367,0
WA5311850,1636,0
WA5311860,31,0
WA5311882,639,0
WA5311887,2954,0
WA5311888,92,0
WA5311901,128,0
WA5311912,284,0
WA5311914,156,0
WA5311917,400,0
WA5311947,62,0
WA5311975,53,0
WA5311985,36,0
WA5311998,32,0
WA5312003,200,0
WA5312028,90,0
WA5312100,153,0
WA5312112,116,0
WA5312154,168,0
WA5312170,110,0
WA5312200,28164,0
WA5312232,42,0
WA5312235,53,0
WA5312239,30,0
WA5312243,333,0
WA5312247,43,1
WA5312250,11718,0
WA5312270,78,0
WA5312284,16190,0
WA5312300,9425,0
WA5312350,335,0
WA5312366,90,0
WA5312400,16954,0
WA5312450,59,0
WA5312451,60,0
WA5312490,133,0
WA5312560,111,0
WA5312613,140,0
WA5312630,120,0
WA5312636,32,1
WA5312750,2615,0
WA5312751,38,0
WA5312800,664,0
WA5312850,352,0
WA5312911,133,0
WA5313200,1719,0
WA5313253,85,0
WA5313301,260,0
WA5313333,153526,0
WA5313450,725,0
WA5313451,33,0
WA5313500,2213,0
WA5313525,182,0
WA5313533,59,0
WA5313550,78,0
WA5313560,390,0
WA5313584,154,0
WA5313615,2956,0
WA5313644,50,0
WA5313651,30,0
WA5313679,28,0
WA5313701,39,0
WA5313800,65,0
WA5313850,52,0
WA5313900,1980,0
WA5313909,63,0
WA5313915,170,0
WA5313916,111,0
WA5313923,65,0
WA5313940,250,0
WA5313943,37,2
WA5313960,74,0
WA5314000,3507,0
WA5314001,93,0
WA5314026,50,0
WA5314050,8147,0
WA5314057,322,0
WA5314069,213,1
WA5314071,123,0
WA5314080,297,0
WA5314100,632,0
WA5314169,77,0
WA5314174,297,0
WA5314176,500,0
WA5314185,241,0
WA5314200,4945,0
WA5314371,65,0
WA5314446,106,0
WA5314572,150,0
WA5314600,5150,0
WA5314650,1555,0
WA5314691,30,0
WA5314730,48,0
WA5314800,85,0
WA5315020,99,0
WA5315050,1812,0
WA5315077,32,0
WA5315112,65,0
WA5315130,290,0
WA5315150,220,0
WA5315296,77,0
WA5315300,944,0
WA5315314,410,0
WA5315400,1454,0
WA5315461,253,0
WA5315483,66,0
WA5315485,53,0
WA5315501,70,0
WA5315502,113,1
WA5315503,175,0
WA5315505,150,0
WA5315510,50,0
WA5315514,180,0
WA5315515,131,0
WA5315518,162,1
WA5315521,450,0
WA5315522,915,0
WA5315523,27,0
WA5315531,183,0
WA5315532,493,0
WA5315550,4142,0
WA5315571,381,0
WA5315637,71,0
WA5315650,11969,0
WA5315663,40,0
WA5315818,329,0
WA5315864,26,0
WA5315930,64,0
WA5315948,76,4
WA5315950,1108,0
WA5315999,53,0
WA5316000,550,0
WA5316020,2360,0
WA5316150,348,0
WA5316177,250,0
WA5316190,32,0
WA5316215,123,0
WA5316231,77,0
WA5316232,147,1
WA5316234,61,0
WA5316242,192,0
WA5316256,325,0
WA5316270,24695,0
WA5316274,420,0
WA5316277,54,0
WA5316351,135,0
WA5316390,170,0
WA5316400,4154,0
WA5316480,302,0
WA5316575,146,0
WA5316589,77,0
WA5316610,155,0
WA5316650,210,0
WA5316866,86,0
WA5316892,45,0
WA5316900,316,0
WA5316937,72,0
WA5316964,34,0
WA5317000,672,0
WA5317035,194,0
WA5317049,45,0
WA5317050,365,0
WA5317100,106,0
WA5317189,35,0
WA5317241,299,0
WA5317267,100,0
WA5317631,150,2
WA5317690,106,0
WA5317715,598,0
WA5317794,210,0
WA5317901,308,0
WA5317945,42,0
WA5317950,2246,0
WA5317970,37,0
WA5317999,170,1
WA5318100,1750,0
WA5318140,74,0
WA5318150,222,0
WA5318160,60,2
WA5318180,300,1
WA5318188,100,0
WA5318189,186,0
WA5318221,54,0
WA5318250,3374,0
WA5318290,365,0
WA5318305,180,0
WA5318350,40,0
WA5318375,140,0
WA5318418,2000,0
WA5318440,55,0
WA5318450,90,2
WA5318500,5435,0
WA5318575,50,0
WA5318580,654,0
WA5318605,36,0
WA5318637,191,0
WA5318643,381,0
WA5318650,29,0
WA5318707,83,0
WA5318750,450,3
WA5318800,501,0
WA5318821,75,0
WA5318879,930,0
WA5319000,156,0
WA5319001,28,0
WA5319035,140,0
WA5319056,2856,0
WA5319068,100,0
WA5319069,556,0
WA5319095,57,0
WA5319110,34,0
WA5319155,36,0
WA5319175,96,0
WA5319184,50,0
WA5319200,53,1
WA5319204,161,0
WA5319207,1299,0
WA5319208,88,0
WA5319210,810,1
WA5319215,138,0
WA5319246,77,0
WA5319430,191,0
WA5319480,240,1
WA5319550,992,0
WA5319571,350,0
WA5319600,442,0
WA5319601,64,0
WA5319890,58,0
WA5319900,47,0
WA5319901,44,0
WA5319910,330,0
WA5319928,220,0
WA5319936,27,0
WA5319943,114,0
WA5319945,175,0
WA5319948,298,0
WA5320000,222,1
WA5320003,151,0
WA5320029,44,0
WA5320030,32,0
WA5320050,3030,0
WA5320095,26,0
WA5320100,163,0
WA5320200,635,0
WA5320226,60,0
WA5320250,459,0
WA5320265,69,0
WA5320276,42,0
WA5320300,461,0
WA5320350,181,0
WA5320425,558,0
WA5320445,488,0
WA5320469,209,0
WA5320481,42,0
WA5320500,13141,0
WA5320501,185,0
WA5320527,60,0
WA5320624,324,0
WA5320637,171,0
WA5320692,45,0
WA5320750,11050,0
WA5320776,30,0
WA5320788,54,0
WA5320803,65,0
WA5321200,36,0
WA5321450,150,0
WA5321650,4285,0
WA5321740,114,0
WA5321800,26519,0
WA5321850,569,0
WA5321900,17108,0
WA5322030,76,4
WA5322057,30,0
WA5322070,27,0
WA5322170,3711,0
WA5322285,70,0
WA5322300,3945,0
WA5322330,430,0
WA5322340,95,0
WA5322380,90,0
WA5322400,109,0
WA5322416,78,0
WA5322418,30,0
WA5322421,70,0
WA5322500,34065,0
WA5322525,870,0
WA5322550,170,0
WA5322572,914,0
WA5322585,100,0
WA5322590,55,0
WA5322593,49,0
WA5322617,2331,3
WA5322650,60,0
WA5322690,52,0
WA5322691,37,0
WA5322740,150,0
WA5322750,383,0
WA5322751,96,0
WA5322850,1812,0
WA5322871,40,0
WA5322880,20,0
WA5322881,255,4
WA5322888,619,0
WA5322916,125,0
WA5322950,20900,0
WA5323100,6638,0
WA5323101,138,1
WA5323120,368,0
WA5323128,38,0
WA5323145,66,0
WA5323180,87,0
WA5323191,65,1
WA5323240,100,0
WA5323280,119,0
WA5323290,251,0
WA5323294,331,0
WA5323341,154,0
WA5323379,37,0
WA5323380,120,0
WA5323391,61,0
WA5323400,488,0
WA5323456,108,0
WA5323480,184,0
WA5323485,95,0
WA5323486,457,0
WA5323500,1730,0
WA5323581,108,0
WA5323600,23276,0
WA5323650,8718,0
WA5323735,320,0
WA5323850,2909,0
WA5323911,66,0
WA5323960,47,0
WA5323994,54,0
WA5324006,216,0
WA5324042,30,0
WA5324050,215774,0
WA5324151,180,0
WA5324154,140,0
WA5324155,29,0
WA5324163,1329,0
WA5324164,39,0
WA5324165,43,0
WA5324170,40,0
WA5324180,150,0
WA5324181,1694,0
WA5324190,290,0
WA5324195,130,0
WA5324200,3893,0
WA5324350,9544,0
WA5324355,98,0
WA5324450,643,0
WA5324500,89,0
WA5324524,100,0
WA5324528,39,1
WA5324529,150,0
WA5324550,2987,0
WA5324643,28,0
WA5324700,165,0
WA5324707,32,0
WA5324713,1044,0
WA5324721,185,0
WA5324731,250,0
WA5324781,48,0
WA5324840,85,1
WA5324841,68,0
WA5324850,19305,0
WA5324881,210,0
WA5324885,443,0
WA5325050,29091,0
WA5325060,75,0
WA5325101,216,0
WA5325137,65,0
WA5325150,7927,0
WA5325200,36168,0
WA5325241,24,0
WA5325244,52,0
WA5325250,90,0
WA5325264,44,2
WA5325315,2255,0
WA5325341,41,0
WA5325384,91,0
WA5325547,1195,0
WA5325586,90,0
WA5325600,150,0
WA5325610,84,0
WA5325707,69,0
WA5325722,174,0
WA5325750,156,0
WA5325800,43,0
WA5325897,40,0
WA5325900,204,0
WA5325932,50,0
WA5325934,51,0
WA5325943,120,0
WA5325949,65,0
WA5326000,3468,0
WA5326014,186,0
WA5326050,35414,0
WA5326071,329,0
WA5326091,28,0
WA5326140,36,0
WA5326195,212,0
WA5326200,433,0
WA5326214,171,0
WA5326300,3255,0
WA5326450,1264,0
WA5326595,3543,0
WA5326627,1229,0
WA5326647,65,0
WA5326648,25,0
WA5326649,37,0
WA5326651,235,0
WA5326774,40,0
WA5326791,75,4
WA5326800,15313,0
WA5326801,100,0
WA5326879,66,0
WA5326911,33,0
WA5326916,60,0
WA5326951,47,3
WA5326955,56,0
WA5326995,85,0
WA5327060,130,0
WA5327091,29,0
WA5327200,694,0
WA5327236,46,1
WA5327241,104,0
WA5327270,81,0
WA5327395,1035,0
WA5327450,81,0
WA5327496,75,0
WA5327510,105,0
WA5327600,16510,0
WA5327631,276,0
WA5327750,992,0
WA5327755,88,0
WA5327828,76,0
WA5327849,34,0
WA5327900,31,0
WA5327950,39,0
WA5328020,26,0
WA5328050,1780,0
WA5328090,185,0
WA5328220,629,0
WA5328300,2745,0
WA5328340,60,0
WA5328350,390,0
WA5328385,23,0
WA5328392,57,0
WA5328400,138,0
WA5328450,4314,0
WA5328460,57,0
WA5328494,2069,0
WA5328551,109,0
WA5328575,285,0
WA5328650,1440,0
WA5328700,1428,0
WA5328950,28,0
WA5328967,138,0
WA5328970,11010,0
WA5328977,31,0
WA5329000,3993,0
WA5329014,471,0
WA5329050,5349,0
WA5329055,34,0
WA5329067,31,0
WA5329075,60,0
WA5329082,305,0
WA5329172,264,0
WA5329200,1302,0
WA5329240,72,0
WA5329250,5112,0
WA5329345,37,0
WA5329358,74,0
WA5329441,45,0
WA5329450,32,0
WA5329521,347,0
WA5329550,553,0
WA5329594,110,0
WA5329597,53,0
WA5329599,60,0
WA5329600,122,0
WA5329615,26,0
WA5329629,35,0
WA5329655,44,0
WA5329669,122,0
WA5329710,47,0
WA5329746,31,1
WA5329790,95,1
WA5329801,90,0
WA5329808,60,0
WA5329810,61,0
WA5329816,350,0
WA5329820,75,0
WA5329901,56,0
WA5329921,69,0
WA5330049,37,0
WA5330050,36,0
WA5330164,38,0
WA5330190,70,0
WA5330200,258,0
WA5330235,53,0
WA5330420,216,0
WA5330434,120,0
WA5330530,65,0
WA5330691,80,0
WA5330700,540,0
WA5330800,54,0
WA5330848,827,0
WA5330850,66,0
WA5330878,65,0
WA5330955,69,0
WA5330975,46,0
WA5330984,39,0
WA5331001,188,0
WA5331003,43,0
WA5331005,72,0
WA5331024,84,0
WA5331040,239,0
WA5331050,410,0
WA5331075,92,0
WA5331141,110,0
WA5331203,55,0
WA5331226,75,0
WA5331362,81,0
WA5331400,1304,0
WA5331450,650,0
WA5331471,37,0
WA5331477,656,2
WA5331500,249,0
WA5331565,56,0
WA5331566,66,0
WA5331569,460,0
WA5331572,88,0
WA5331575,95,0
WA5331593,348,0
WA5331600,105,0
WA5331790,25,0
WA5331820,308,0
WA5331845,328,0
WA5331881,50,0
WA5331975,24,0
WA5331989,29,0
WA5332000,85,0
WA5332027,35,0
WA5332071,32,0
WA5332074,70,0
WA5332114,29,0
WA5332300,2051,0
WA5332350,236,0
WA5332380,45,0
WA5332550,432,0
WA5332642,39,0
WA5332648,43,0
WA5332660,149,0
WA5332700,1425,0
WA5332735,110,0
WA5332736,53,0
WA5332785,70,0
WA5332820,180,0
WA5332840,62,0
WA5332850,3121,0
WA5332900,275,0
WA5332980,37,0
WA5333039,150,0
WA5333120,29,0
WA5333140,198,0
WA5333150,770,0
WA5333200,300,0
WA5333260,45,1
WA5333261,56,0
WA5333364,137,0
WA5333365,95,0
WA5333366,118,0
WA5333489,180,2
WA5333515,142,0
WA5333625,28,0
WA5333666,228,1
WA5333668,65,0
WA5333669,130,0
WA5333675,50,1
WA5333677,1050,0
WA5333678,180,0
WA5333690,111,0
WA5333695,140,0
WA5333860,1373,0
WA5333870,110,0
WA5333924,150,0
WA5333969,109,0
WA5334005,195,0
WA5334019,83,0
WA5334040,45,0
WA5334050,368,0
WA5334100,1853,0
WA5334300,53,0
WA5334301,952,0
WA5334350,11456,0
WA5334375,3454,0
WA5334400,250,0
WA5334505,165,0
WA5334544,74,0
WA5334650,50,0
WA5334751,45,0
WA5334860,37,0
WA5334889,290,0
WA5335092,85,0
WA5335100,2209,0
WA5335126,90,0
WA5335275,260,0
WA5335335,36,2
WA5335350,50,0
WA5335354,183,0
WA5335357,165,0
WA5335363,257,0
WA5335370,111,0
WA5335450,971,0
WA5335500,2757,0
WA5335550,540,1
WA5335600,420,0
WA5335639,216,0
WA5335640,120,0
WA5335650,1705,0
WA5335671,98,0
WA5335880,80,0
WA5335900,2395,0
WA5336020,62,0
WA5336050,4150,0
WA5336150,883,0
WA5336180,233,0
WA5336233,48,0
WA5336241,87,0
WA5336260,70,0
WA5336268,125,2
WA5336274,146,0
WA5336294,455,0
WA5336300,80,0
WA5336314,415,1
WA5336350,43584,0
WA5336421,409,0
WA5336705,600,0
WA5336711,329,0
WA5336740,65,0
WA5336754,90,0
WA5336782,148,0
WA5336836,40,0
WA5336850,169,0
WA5336991,60,0
WA5337105,300,0
WA5337165,204,0
WA5337250,213,0
WA5337286,55,0
WA5337400,262,0
WA5337544,38,1
WA5337550,8020,0
WA5337590,39,0
WA5337595,43,0
WA5337654,91,0
WA5337750,70,0
WA5337910,134,0
WA5337911,46,0
WA5337925,35,0
WA5337950,45,0
WA5338000,15775,0
WA5338081,50,0
WA5338100,118164,0
WA5338150,166421,0
WA5338171,48,0
WA5338261,60,0
WA5338316,87,0
WA5338400,2698,0
WA5338450,561,0
WA5338550,1202,0
WA5338600,60,0
WA5338651,111,0
WA5338792,77,0
WA5338800,12036,0
WA5338900,5335,1
WA5338950,48469,0
WA5339003,200,0
WA5339268,36,0
WA5339411,48,0
WA5339424,165,0
WA5339592,29,0
WA5339600,32847,0
WA5339740,66,0
WA5339800,23492,0
WA5339950,5373,1
WA5339991,50,0
WA5340100,74172,0
WA5340529,2760,0
WA5340650,100170,0
WA5340800,99789,0
WA5340900,79362,0
WA5340950,3171,0
WA5341140,34,0
WA5341150,20100,0
WA5341600,66699,0
WA5341640,120,0
WA5341650,56172,0
WA5341750,15989,0
WA5341800,28671,0
WA5341814,63,0
WA5341900,24231,0
WA5341980,95,0
WA5341985,3800,0
WA5341991,78,0
WA5341996,242,0
WA5341997,148809,0
WA5341998,21904,0
WA5342103,33,0
WA5342175,124,0
WA5342250,69243,0
WA5342421,33,0
WA5342447,510,0
WA5342527,70,0
WA5342635,190,0
WA5342650,2247,0
WA5342700,362,0
WA5342704,700,0
WA5342705,58,0
WA5342751,63,0
WA5342800,551,0
WA5342948,100,0
WA5343040,209,0
WA5343054,30,0
WA5343065,236,0
WA5343290,357,1
WA5343294,268,0
WA5343296,8872,0
WA5343350,1821,0
WA5343400,297,0
WA5343500,105178,0
WA5343530,54,0
WA5343550,495,0
WA5343600,343,0
WA5343783,6798,0
WA5343793,53,0
WA5343878,37,0
WA5343887,34,0
WA5343901,35,0
WA5343940,134,0
WA5343980,1380,0
WA5344052,45,0
WA5344100,96,0
WA5344130,80,0
WA5344150,2148,0
WA5344175,360,0
WA5344200,406,0
WA5344240,740,1
WA5344381,66,0
WA5344387,870,0
WA5344400,404,0
WA5344416,38,0
WA5344431,786,0
WA5344500,120,0
WA5344540,115,0
WA5344627,75,0
WA5344950,125,0
WA5344965,143,0
WA5345014,206,0
WA5345027,1214,0
WA5345061,93,0
WA5345086,170,0
WA5345087,122,0
WA5345090,2120,0
WA5345164,100,0
WA5345285,178,0
WA5345290,166,0
WA5345303,94,0
WA5345312,43,0
WA5345350,1259,0
WA5345364,140,0
WA5345365,41,0
WA5345366,135,0
WA5345400,42,0
WA5345480,45,0
WA5345550,82425,0
WA5345650,136,0
WA5345750,32,0
WA5345950,1416,0
WA5346002,100,1
WA5346150,194,0
WA5346164,172,0
WA5346219,72,0
WA5346268,75,0
WA5346275,165,0
WA5346300,45,0
WA5346316,468,0
WA5346441,267,0
WA5346500,11041,0
WA5346650,202,0
WA5346658,193,0
WA5346670,1112,0
WA5346695,35,0
WA5346737,95,0
WA5346985,56,0
WA5347000,1174,0
WA5347001,1983,0
WA5347124,85,0
WA5347150,14500,0
WA5347200,152,0
WA5347240,106,0
WA5347248,143,0
WA5347280,81,0
WA5347283,487,0
WA5347350,903,0
WA5347421,123,0
WA5347431,101,0
WA5347451,98,0
WA5347535,65,0
WA5347628,120,0
WA5347640,225,0
WA5347660,174,0
WA5347670,81,0
WA5347700,42,0
WA5347820,180,0
WA5347893,71,0
WA5347925,39,0
WA5348000,4628,0
WA5348030,39,0
WA5348031,923,0
WA5348050,182,1
WA5348058,111,0
WA5348100,57617,0
WA5348160,25,0
WA5348200,225,0
WA5348250,2487,0
WA5348300,96,0
WA5348345,736,0
WA5348348,72,0
WA5348466,63,0
WA5348475,317,0
WA5348704,46,0
WA5348800,71,0
WA5349000,938,0
WA5349050,705,0
WA5349100,721,0
WA5349120,101,0
WA5349150,20062,1
WA5349270,68204,0
WA5349515,100,0
WA5349600,68,0
WA5349650,2150,0
WA5349900,67,0
WA5349954,539,0
WA5350075,111,0
WA5350085,65,0
WA5350225,46,0
WA5350235,287,0
WA5350240,56,0
WA5350295,60,0
WA5350400,358,0
WA5350425,238,0
WA5350500,2478,0
WA5350550,215,0
WA5350600,181,0
WA5350691,463,1
WA5350700,10475,0
WA5350850,380,0
WA5350900,120,0
WA5350994,93,0
WA5351100,222,0
WA5351115,130,0
WA5351150,74,0
WA5351151,49,0
WA5351195,450,0
WA5351215,120,0
WA5351350,57,0
WA5351400,435,0
WA5351530,245,0
WA5351550,191,0
WA5351675,138,0
WA5351700,38,0
WA5351714,336,0
WA5351724,87,0
WA5351730,300,0
WA5351750,966,0
WA5351823,229,0
WA5351845,74,0
WA5351867,143,0
WA5351872,79,0
WA5351875,73,0
WA5351877,108,4
WA5351899,280,0
WA5351900,88582,0
WA5351920,700,0
WA5352000,5370,1
WA5352075,69,0
WA5352100,233,0
WA5352105,1374,0
WA5352112,87,1
WA5352118,45,0
WA5352154,58,0
WA5352172,186,0
WA5352200,7290,0
WA5352250,2753,0
WA5352385,88,0
WA5352550,85,0
WA5352590,60,0
WA5352614,98,0
WA5352900,692,1
WA5352930,30,0
WA5352957,147,0
WA5353190,98,0
WA5353213,175,0
WA5353250,579,0
WA5353263,125,0
WA5353275,1157,1
WA5353365,220,0
WA5353400,4982,0
WA5353475,207,0
WA5353640,31057,0
WA5353780,126,0
WA5353820,81,0
WA5353991,80,0
WA5354061,92,0
WA5354100,495,0
WA5354192,2759,0
WA5354200,175,0
WA5354250,593,0
WA5354350,193,0
WA5354370,45,0
WA5354380,245,0
WA5354572,25,0
WA5354591,30,0
WA5354680,278,0
WA5354683,1072,0
WA5354740,5083,0
WA5354775,245,0
WA5354850,1925,1
WA5354950,8078,0
WA5355035,46,0
WA5355060,80,0
WA5355070,85,0
WA5355160,116,0
WA5355175,137,0
WA5355205,42,0
WA5355210,1539,0
WA5355250,2083,0
WA5355320,150,0
WA5355370,81,0
WA5355376,50,0
WA5355440,1790,0
WA5355476,41,0
WA5355550,7903,0
WA5355600,18487,0
WA5355631,119,0
WA5355820,23467,0
WA5355860,28,0
WA5355874,50,0
WA5355935,200,0
WA5355990,464,0
WA5356000,6204,0
WA5356143,153,0
WA5356150,68,0
WA5356211,53,0
WA5356250,2147,0
WA5356300,32428,0
WA5356344,175,0
WA5356350,1553,0
WA5356397,180,0
WA5356500,500,0
WA5356528,200,0
WA5356557,162,0
WA5356560,200,0
WA5356700,40,0
WA5356736,70,0
WA5356780,40,0
WA5356806,47,0
WA5356820,9680,0
WA5356830,120,0
WA5356851,31,0
WA5356874,87,1
WA5356875,45,0
WA5356900,186,0
WA5356950,91,0
WA5357000,44,0
WA5357214,225,0
WA5357250,26402,0
WA5357264,31,0
WA5357300,5599,0
WA5357396,40,0
WA5357400,145,0
WA5357414,647,0
WA5357550,31437,0
WA5357598,207,0
WA5357740,156,0
WA5357851,42,0
WA5357900,52,0
WA5357930,173,0
WA5358100,3512,0
WA5358144,241,0
WA5358200,3095,0
WA5358350,2073,0
WA5358650,62,0
WA5358750,222,0
WA5358780,50,0
WA5358950,200,0
WA5359000,510,0
WA5359200,291,0
WA5359220,62,0
WA5359250,277,0
WA5359350,3331,0
WA5359576,79,0
WA5359588,218,0
WA5359591,2037,0
WA5359595,341,0
WA5359700,38050,0
WA5359800,2427,0
WA5359850,1343,0
WA5359875,55,0
WA5359953,50,0
WA5359994,5490,0
WA5360095,127,0
WA5360100,8710,0
WA5360150,1048,0
WA5360190,75,0
WA5360203,45,0
WA5360490,92,0
WA5360665,114,0
WA5360846,104,0
WA5360850,97,0
WA5360950,24402,0
WA5361100,135,0
WA5361129,78,0
WA5361250,29,0
WA5361300,2214,0
WA5361350,140,0
WA5361390,138,0
WA5361425,52,0
WA5361480,88,0
WA5361533,40,0
WA5361603,568,0
WA5361750,750,0
WA5361761,75,1
WA5361850,290,0
WA5361947,98,0
WA5362000,400,0
WA5362021,40,0
WA5362034,315,0
WA5362100,35,0
WA5362640,120,0
WA5362650,23675,0
WA5362675,695,0
WA5362695,47,0
WA5362700,492,0
WA5362750,1325,0
WA5363000,8093,0
WA5363008,9347,0
WA5363050,986,0
WA5363131,43,0
WA5363200,3817,0
WA5363210,58,0
WA5363215,239,0
WA5363216,32,0
WA5363240,66,0
WA5363277,132,0
WA5363350,540,0
WA5363381,480,0
WA5363400,392,0
WA5363408,67,0
WA5363410,57,0
WA5363448,44,0
WA5363450,126966,0
WA5363479,2681,0
WA5363480,89,1
WA5363494,410,0
WA5363497,175,0
WA5363500,80,0
WA5363600,17784,0
WA5363650,41,0
WA5363655,41,0
WA5363695,40,0
WA5363700,143,0
WA5363750,4940,0
WA5363777,30,0
WA5363907,177,0
WA5363913,107,0
WA5363918,119,0
WA5363921,42,0
WA5363950,63,0
WA5364000,4330,0
WA5364031,64,0
WA5364070,86,0
WA5364080,31,0
WA5364150,165,0
WA5364294,59,1
WA5364300,167,4
WA5364327,62,0
WA5364340,58,0
WA5364400,3256,0
WA5364450,28,0
WA5364500,10332,0
WA5364700,643,0
WA5364830,208,0
WA5364845,400,0
WA5364850,8755,0
WA5364937,282,0
WA5365300,7925,0
WA5365550,611,0
WA5365640,70,0
WA5365700,53,0
WA5365745,1924,0
WA5365800,1298,0
WA5365815,150,0
WA5365820,470,0
WA5365919,220,0
WA5366090,309,0
WA5366110,2648,0
WA5366116,200,0
WA5366125,403,0
WA5366139,25,0
WA5366146,183,0
WA5366200,33775,0
WA5366204,127,1
WA5366215,3730,0
WA5366218,301,0
WA5366219,105,0
WA5366300,6269,0
WA5366350,135,0
WA5366400,115102,0
WA5366450,1149,0
WA5366479,85,0
WA5366565,22,0
WA5366573,79,0
WA5366578,4643,0
WA5366586,240,0
WA5366588,90,0
WA5366637,7401,0
WA5366700,64,0
WA5366734,90,0
WA5366750,859,1
WA5366800,1357,0
WA5366914,92,0
WA5366932,53,0
WA5366936,402,0
WA5366950,460,5
WA5367020,250,0
WA5367050,1397,0
WA5367100,177,0
WA5367187,95,0
WA5367310,48,0
WA5367375,66,0
WA5367380,90,0
WA5367382,107,0
WA5367393,90,0
WA5367397,207,0
WA5367600,181,1
WA5367615,100,0
WA5367623,248,0
WA5367640,190,0
WA5367704,47,0
WA5367705,70,0
WA5367715,73,0
WA5367717,91,0
WA5367740,168,0
WA5367800,55,0
WA5367865,30,0
WA5367900,73,0
WA5367950,57,0
WA5368045,288,0
WA5368060,65,0
WA5368065,5211,0
WA5368180,46,0
WA5368350,1960,0
WA5368370,65,0
WA5368373,200,0
WA5368400,1395,0
WA5368417,1170,0
WA5368420,105,0
WA5368421,37,0
WA5368430,52,0
WA5368550,28067,0
WA5368700,3086,0
WA5368750,233,0
WA5368790,397,0
WA5368900,15355,0
WA5368950,48,0
WA5369000,17053,0
WA5369008,130,3
WA5369020,150,0
WA5369034,75,0
WA5369050,109,0
WA5369150,18400,0
WA5369152,80,0
WA5369157,90,0
WA5369166,40,0
WA5369167,40,2
WA5369168,90,0
WA5369250,522,0
WA5369273,81,1
WA5369350,210,0
WA5369450,624,0
WA5369650,335,0
WA5369700,40,0
WA5369720,85,0
WA5369750,12070,0
WA5369760,920,0
WA5369880,31315,0
WA5369900,30,0
WA5369945,1205,0
WA5370000,85,0
WA5370050,94520,0
WA5370185,493,0
WA5370250,70,0
WA5370350,1003,0
WA5370450,8415,0
WA5370550,1113,0
WA5370650,141,0
WA5370670,81,0
WA5370690,200,0
WA5370700,34,0
WA5370755,73,0
WA5370760,575,0
WA5370770,120,0
WA5370791,168,0
WA5370850,556,1
WA5370910,61,0
WA5370950,53,0
WA5370970,51,0
WA5370980,2758,0
WA5371290,240,0
WA5371397,34,0
WA5371400,389,0
WA5371500,4620,0
WA5371550,1418,0
WA5371605,128,0
WA5371610,34,0
WA5371614,25,2
WA5371643,105,0
WA5371650,163335,0
WA5371700,150,0
WA5371727,123,0
WA5371745,76,0
WA5371850,108091,0
WA5371900,1673,0
WA5371930,74,0
WA5372150,152,0
WA5372200,78,0
WA5372227,30,0
WA5372250,106499,0
WA5372260,38,0
WA5372267,42,1
WA5372400,21225,0
WA5372410,79,0
WA5372414,188,0
WA5372472,88,0
WA5372500,340,0
WA5372620,45,0
WA5372700,1725,0
WA5372720,40,0
WA5372750,1603,0
WA5372752,140,0
WA5372773,72,0
WA5372776,277,0
WA5372800,30,0
WA5372807,58,0
WA5372808,343,0
WA5372809,75,0
WA5372810,215,0
WA5372811,113,0
WA5372817,100,0
WA5372842,120,0
WA5372844,48,0
WA5372850,429,0
WA5372935,221,0
WA5372965,48,0
WA5372975,95,0
WA5373030,109,0
WA5373032,43,0
WA5373230,2091,0
WA5373240,230,0
WA5373300,1762,0
WA5373401,3226,0
WA5373450,175,0
WA5373550,570,0
WA5373560,126,0
WA5373600,175,0
WA5373620,34,0
WA5373750,150,0
WA5373975,514,0
WA5374000,872,4
WA5374100,242,0
WA5374130,90,0
WA5374150,3530,0
WA5374160,219,0
WA5374250,831,0
WA5374270,1426,0
WA5374364,96,0
WA5374371,444,0
WA5374372,210,0
WA5374375,320,0
WA5374400,2099,0
WA5374656,60,0
WA5374700,3389,0
WA5374705,37,0
WA5374743,111,0
WA5374800,110,0
WA5375027,322,0
WA5375028,44,0
WA5375070,108,0
WA5375100,434,0
WA5375154,482,0
WA5375200,219,1
WA5375205,60,0
WA5375265,9702,0
WA5375300,800,0
WA5375340,30,0
WA5375550,103,1
WA5375560,6600,0
WA5375616,23,0
WA5375636,128,0
WA5375645,1017,0
WA5375670,227,0
WA5375765,40,0
WA5375795,35,0
WA5375800,94,0
WA5375893,126,0
WA5375950,593,0
WA5376050,540,0
WA5376105,2098,0
WA5376145,83,0
WA5376240,425,0
WA5376250,35,0
WA5376300,477,3
WA5376460,46,0
WA5376462,32,0
WA5376467,48,0
WA5376468,40,1
WA5376470,900,0
WA5376500,122,0
WA5376520,78,0
WA5376530,761,0
WA5376620,226,0
WA5376650,224,0
WA5376658,37,0
WA5376750,120,0
WA5376787,1604,0
WA5376920,111,0
WA5376925,65,0
WA5376973,36,0
WA5376976,69,0
WA5376986,92,0
WA5376998,225,0
WA5377050,1161961,0
WA5377147,61,0
WA5377148,496,0
WA5377400,9331,0
WA5377410,130,0
WA5377620,14293,0
WA5377651,431,0
WA5377660,5823,0
WA5377670,35,0
WA5377675,48,0
WA5377777,70,0
WA5377846,41,0
WA5377850,56,0
WA5377957,83,0
WA5377960,217,0
WA5378155,2212,0
WA5378170,15089,0
WA5378373,243,1
WA5378398,35,0
WA5378455,540,0
WA5378600,148,0
WA5378618,289,0
WA5378620,1321,0
WA5378650,101,0
WA5378970,197,0
WA5378975,400,2
WA5379050,153,0
WA5379190,42,0
WA5379245,425,0
WA5379250,65033,0
WA5379275,80,0
WA5379276,61,0
WA5379280,300,0
WA5379300,35163,0
WA5379423,146,0
WA5379500,111415,0
WA5379650,39,0
WA5379800,415,0
WA5379835,90,0
WA5379860,130,0
WA5380005,98,0
WA5380100,324,0
WA5380130,47,0
WA5380200,151,0
WA5380205,340,0
WA5380210,293,0
WA5380212,109,0
WA5380220,415,0
WA5380345,35,0
WA5380550,77,0
WA5380710,34,0
WA5380800,123,0
WA5380907,67710,0
WA5380915,16367,0
WA5381048,5832,0
WA5381080,20222,0
WA5381100,41,0
WA5381120,121,0
WA5381146,39,0
WA5381150,71,0
WA5381300,2399,0
WA5381315,895,0
WA5381400,212,0
WA5381451,4414,0
WA5381475,61,0
WA5381500,2930,0
WA5381600,541,0
WA5381851,135,0
WA5382200,35,0
WA5382300,489,0
WA5382844,64155,0
WA5382850,34506,0
WA5382870,270,0
WA5382963,55,0
WA5383034,532,0
WA5383100,346138,0
WA5383116,151,0
WA5383150,570,0
WA5383290,96,0
WA5383295,245,0
WA5383310,57,0
WA5383335,85,2
WA5383400,315,0
WA5383408,90,0
WA5383424,80,0
WA5383600,740,0
WA5383650,17586,0
WA5383680,201,0
WA5383750,147,0
WA5383825,60,0
WA5383850,643,0
WA5383884,63,0
WA5383900,73,0
WA5384000,8545,0
WA5384250,4702,0
WA5384300,62,0
WA5384530,62,1
WA5384566,57,0
WA5384618,220,0
WA5384620,351,0
WA5384625,235,0
WA5384670,3192,0
WA5384730,60,1
WA5384760,340,0
WA5384770,8424,0
WA5384850,612,0
WA5384870,2157,0
WA5384898,42,0
WA5384903,85,0
WA5384907,96,0
WA5385050,19125,0
WA5385080,240,0
WA5385120,16438,0
WA5385121,47,0
WA5385123,277,0
WA5385124,716,0
WA5385128,97,0
WA5385129,187,0
WA5385138,100,0
WA5385160,500,0
WA5385201,100,0
WA5385202,7484,0
WA5385203,87,0
WA5385205,561,0
WA5385207,260,0
WA5385209,100,3
WA5385240,1480,0
WA5385257,143,0
WA5385260,2235,0
WA5385295,463,0
WA5385330,60,0
WA5385400,17194,0
WA5385550,2112,0
WA5385605,45,0
WA5385630,100,0
WA5385641,27,0
WA5385818,186,0
WA5385925,152,0
WA5385940,61,0
WA5385950,40,0
WA5386040,228,0
WA5386075,92,1
WA5386100,60,0
WA5386115,45,0
WA5386130,51,0
WA5386140,21,2
WA5386150,76,0
WA5386158,140,0
WA5386200,174,0
WA5386202,159,0
WA5386205,62,0
WA5386250,1074,0
WA5386280,63,1
WA5386284,350,0
WA5386294,56,0
WA5386304,925,0
WA5386400,4203,0
WA5386450,123,0
WA5386470,2687,2
WA5386633,27,0
WA5386647,130,0
WA5386800,446170,0
WA5387115,367,0
WA5387116,560,0
WA5387120,100,0
WA5387122,177,0
WA5387140,260,2
WA5387144,42,0
WA5387175,175,1
WA5387181,1501,0
WA5387189,387,0
WA5387195,50,0
WA5387300,1076,0
WA5387375,246,0
WA5387400,3336,0
WA5387520,127,0
WA5387600,50,0
WA5387622,308,0
WA5387780,143,0
WA5387784,3100,0
WA5388050,55,0
WA5388140,650,0
WA5388150,2198,0
WA5388200,145,0
WA5388215,116,0
WA5388298,75,0
WA5388300,1475,0
WA5388315,30,0
WA5388370,2337,0
WA5388381,63,1
WA5388383,120,0
WA5388385,51,0
WA5388386,240,0
WA5388388,378,0
WA5388398,51,0
WA5388625,34,0
WA5388660,1944,0
WA5388665,125,0
WA5388667,195,0
WA5388700,2398,0
WA5388785,80,0
WA5388850,8950,0
WA5388905,3215,0
WA5388920,45,0
WA5388945,37,0
WA5389050,117,0
WA5389055,211,0
WA5389060,360,0
WA5389080,27,0
WA5389150,321,0
WA5389250,4228,0
WA5389400,300,0
WA5389447,204,0
WA5389450,176,0
WA5389500,36298,0
WA5389550,74,0
WA5389620,52,0
WA5389650,54,0
WA5389700,51802,0
WA5389930,175,0
WA5390032,110,0
WA5390050,1173,0
WA5390100,158,0
WA5390200,1000,0
WA5390250,6433,0
WA5390260,8720,0
WA5390400,366,0
WA5390520,1540,0
WA5390542,785,0
WA5390543,76,0
WA5390685,380,0
WA5390700,150,0
WA5390847,80,0
WA5390850,54,0
WA5390875,129,0
WA5390900,985,0
WA5390975,242,0
WA5390976,141,0
WA5390979,70,0
WA5390981,148,0
WA5390993,113,0
WA5390998,126,0
WA5391000,185,0
WA5391080,65,0
WA5391130,1216,0
WA5391200,373047,0
WA5391250,405,0
WA5391445,77,0
WA5391450,24692,0
WA5391460,75,0
WA5391470,37,0
WA5391650,43,0
WA5391845,271,0
WA5391850,118,0
WA5391900,40,0
WA5391902,39,0
WA5391908,25,0
WA5391910,71,0
WA5391912,176,0
WA5391917,44,0
WA5391923,4801,0
WA5391925,40,0
WA5391930,50,0
WA5391935,45,0
WA5392062,25,0
WA5392070,150,0
WA5392150,165,0
WA5392250,1817,0
WA5392350,256,0
WA5392470,1273,0
WA5392475,787,0
WA5392500,42959,0
WA5392600,200,0
WA5392800,5255,0
WA5392829,171,0
WA5392850,4674,0
WA5392950,1190,0
WA5393000,2977,0
WA5393063,2223,0
WA5393085,340,0
WA5393200,21506,0
WA5393343,21930,0
WA5393351,19035,0
WA5393353,3768,0
WA5393354,6233,0
WA5393355,485,0
WA5393356,358,0
WA5393358,375,0
WA5393359,105,0
WA5393380,2884,0
WA5393400,21441,0
WA5393450,250,0
WA5393580,125,0
WA5393600,1140,0
WA5393820,120,0
WA5393909,108,0
WA5393945,75,0
WA5393950,210,0
WA5393986,38,0
WA5394110,1163,1
WA5394170,69,0
WA5394200,39,0
WA5394350,43690,0
WA5394475,63,0
WA5394650,150,0
WA5394830,316,0
WA5394900,21231,0
WA5394910,80,0
WA5394930,87,0
WA5394935,98,0
WA5394942,275,0
WA5394950,562,0
WA5395047,94,2
WA5395057,78,0
WA5395123,250,0
WA5395150,2857,0
WA5395167,791,0
WA5395240,206,0
WA5395300,5346,2
WA5395375,43,0
WA5395450,505,0
WA5395700,1353,0
WA5395750,1440,0
WA5395900,1410,0
WA5395904,9046,0
WA5395910,10028,0
WA5395914,795,0
WA5395915,2383,0
WA5395942,95,0
WA5396042,318,0
WA5396050,62,0
WA5396070,262,0
WA5396095,125,0
WA5396100,386,0
WA5396350,4077,1
WA5396527,53,0
WA5396550,65,0
WA5396580,1200,0
WA5396601,26883,0
WA5396700,98,0
WA5396728,615,0
WA5396750,85,0
WA5396800,1040,0
WA5396850,146,1
WA5396876,664,0
WA5396878,1867,0
WA5396879,232,0
WA5396882,46,0
WA5396883,93,0
WA5396887,26,0
WA5396889,37,0
WA5396891,30,0
WA5396930,460,0
WA5396950,1071,0
WA5397100,2425,0
WA5397110,180,2
WA5397123,40,0
WA5397400,386,0
WA5397440,45,0
WA5397450,75,0
WA5397500,3502,0
WA5397650,13491,0
WA5397750,1350,0
WA5397950,599,0
WA5398000,60,0
WA5398045,70,0
WA5398075,221,0
WA5398128,82,0
WA5398182,105,0
WA5398183,106,0
WA5398184,192,0
WA5398187,68,0
WA5398189,75,0
WA5398190,38,0
WA5398200,10640,0
WA5398215,27,0
WA5398230,25,0
WA5398673,131,0
WA5398684,175,0
WA5399000,3034,1
WA5399110,90,0
WA5399150,112858,0
WA5399350,17355,0
WA5399550,260,0
WA5399800,3518,1
WA53AA044,28,0
WA53AA046,25,0
WA53AA101,28,0
WA53AA139,102,1
WA53AA296,271,0
WA53AA317,2640,0
WA53AA361,174,0
WA53AA373,1262,0
WA53AA503,134,0
WA53AA517,31,0
WA53AA554,1458,0
WA53AA608,90,0
WA53AA642,238,0
WA53AA745,1000,0
WA53AA747,76,0
WA53AA776,75,0
WA53AA796,28,0
WA53AA916,268,0
WA53AB025,20,0
WA53AB037,425,0
WA53AB043,73,0
WA53AB072,55,0
WA53AB228,70,0
WA53AB290,29,0
WA53AB292,119,0
WA53AB325,81,0
WA53AB326,28,1
WA53AB327,73,0
WA53AB548,44,0
WA53AB569,42,0
WA53AB738,36,0
WA53AB775,25,0
WA53AB782,250,0
WA53AB809,189,0
WA53AB833,60,0
WA53AB843,330,0
WA53AB912,251,0
WA53AB914,30,0
WA53AB933,121,1
WA53AB958,93,0
WA53AB961,46,0
WA53AC008,193,0
WA53AC034,36,0
WA53AC131,30,0
WA53AC141,1165,1
WA53AC152,60,0
WA53AC166,499,0
WA53AC293,99,1
WA53AC551,45,0
WA53AC567,86,0
WA53AC660,92,0
WA53AC681,29,0
WA53AC759,277,0
WA53AC914,30,0
WA53AC941,26,0
WA53AC993,53,0
WA53AD011,196,0
WA53AD017,122,0
WA53AD018,50,1
WA53AD160,96,0
WA53AD179,268,0
WA53AD193,66,0
WA53AD198,52,0
WA53AD238,51,0
WA53AD259,96,0
WA53AD362,156,0
WA53AD423,192,0
WA53AD478,62,0
WA53AD483,96,0
WA53AD532,30,0
WA53AD564,96,0
WA53AD599,31,0
WA53AD606,96,0
WA53AD611,100,0
WA53AD621,98,0
WA53AD688,94,0
WA53AD731,100,0
WA53AD822,100,0
WA53AD861,33,0
WA53AD882,190,0
WA53AD929,100,0
WA53AD938,13,0
WA53AE050,679,0
WA53AE053,20,0
WA53AE120,100,0
WA53AE123,40,0
WA53AE302,120,0
WA53FS165,349,0
WI1110037,2520,1
WI1110038,5173,0
WI1110039,10437,0
WI1110041,767,0
WI1110049,2151,0
WI1110065,45,0
WI1110066,725,1
WI1110093,946,1
WI1110098,1793,1
WI1110099,345,0
WI1110100,3146,2
WI1110101,1950,0
WI1110103,90,0
WI1110104,100,0
WI1110107,36,0
WI1110109,150,1
WI1110110,47,0
WI1110111,1095,1
WI1110112,45,0
WI1110113,3232,1
WI1110123,700,1
WI1110124,768,0
WI1110125,1800,2
WI1110126,60,0
WI1110248,115,0
WI1111017,30,1
WI1130023,950,0
WI1130074,1638,1
WI1130078,13078,0
WI1130209,2712,0
WI1130211,1493,1
WI1130214,65,0
WI1130218,9345,1
WI1130219,4100,0
WI1130220,1117,0
WI1130221,10500,1
WI1130223,2510,0
WI1130224,272000,1
WI1130231,24500,0
WI1130232,400,1
WI1130234,1342,0
WI1130235,2787,0
WI1130236,1670,0
WI1130237,3862,0
WI1130239,1744,0
WI1130240,85,0
WI1130241,9676,0
WI1130242,23868,1
WI1130244,125,0
WI1130245,8624,0
WI1130246,400,0
WI1130247,7756,0
WI1130248,80,1
WI1130250,1096,1
WI1130251,11200,0
WI1130253,450,1
WI1130258,39300,1
WI1130259,14030,1
WI1130265,14879,0
WI1130266,160,0
WI1130267,4607,0
WI1130278,80,0
WI1130603,28,0
WI1131004,350,0
WI1132442,800,0
WI1132499,60,0
WI1132500,60,0
WI1132557,50,0
WI1132627,45,0
WI1132759,135,0
WI1133471,48,0
WI1134098,150,0
WI1134103,80,0
WI1140016,166,2
WI1140057,5112,0
WI1140058,2627,3
WI1140059,16200,0
WI1140131,8056,0
WI1140135,125,0
WI1140139,630,1
WI1140140,422,1
WI1140142,3706,1
WI1140144,1850,1
WI1140145,1610,0
WI1140146,3682,1
WI1140147,30,0
WI1140148,1063,0
WI1140150,937,0
WI1140151,2701,0
WI1140152,337,1
WI1140153,718,2
WI1140154,1262,1
WI1140155,320,2
WI1140156,40,2
WI1140162,51,0
WI1140439,420,0
WI1140854,135,0
WI1220047,150,1
WI1220084,353,0
WI1220085,682,0
WI1220087,424,0
WI1220088,80,0
WI1220089,3237,0
WI1220090,40,1
WI1220091,777,0
WI1220092,2141,1
WI1220094,1069,0
WI1220095,90,2
WI1220096,2507,0
WI1220100,37,2
WI1220102,1193,2
WI1220103,560,1
WI1220105,100,1
WI1220107,3907,0
WI1220109,664,0
WI1220110,718,2
WI1220111,181,1
WI1220112,1453,0
WI1220113,160,0
WI1220114,80,0
WI1220115,12268,0
WI1220117,718,1
WI1220118,213,0
WI1220120,367,1
WI1220121,30,0
WI1230071,1018,0
WI1230072,3216,0
WI1230075,1524,0
WI1230076,46,0
WI1230077,256,1
WI1230078,10780,0
WI1230081,260,1
WI1230083,1217,1
WI1230084,2348,1
WI1250073,877,0
WI1250074,545,1
WI1250075,1258,1
WI1250076,458,1
WI1250079,4583,0
WI1250080,842,0
WI1250081,283,1
WI1250082,547,0
WI1250084,2487,1
WI1250086,290,0
WI1250087,690,1
WI1250207,49,0
WI1250238,110,0
WI1250272,40,0
WI1250318,470,1
WI1280044,23945,0
WI1280055,45,1
WI1280101,133,0
WI1280103,12390,0
WI1280104,7926,3
WI1280106,30,0
WI1280107,3318,1
WI1280108,6211,1
WI1280109,160,0
WI1280112,1756,0
WI1280114,525,0
WI1280115,3520,0
WI1280116,31,0
WI1280120,116,0
WI1280121,35,0
WI1280122,31,0
WI1280123,31,0
WI1280125,35,0
WI1280126,40,0
WI1280127,475,2
WI1280829,58,0
WI1281056,60,1
WI1281099,48,0
WI1281100,48,1
WI1281122,66,0
WI1281138,575,0
WI1281162,32,0
WI1330068,823,1
WI1330069,991,1
WI1330070,976,0
WI1330071,810,0
WI1330073,2235,1
WI1330074,224,1
WI1330076,1222,0
WI1330077,478,0
WI1330078,98,0
WI1530060,351,1
WI1530061,895,0
WI1530064,225,2
WI1530068,5100,1
WI1530069,425,0
WI1530071,68,0
WI1540047,5703,0
WI1540111,298,1
WI1540112,36677,0
WI1540114,2119,0
WI1540115,140,0
WI1540116,130,0
WI1540118,25,1
WI1540119,5512,1
WI1540121,50,0
WI1540124,160,2
WI1540125,816,1
WI1540126,1200,0
WI1540127,64415,0
WI1540130,5588,0
WI1540132,1475,0
WI1540135,240,0
WI1540167,650,0
WI1540770,32,0
WI1541112,25,0
WI1541223,200,2
WI1570085,12703,0
WI1570086,75,0
WI1570092,300,0
WI1570093,440,1
WI1570094,37,0
WI1570096,589,0
WI1570097,450,1
WI1570098,792,1
WI1570099,150,1
WI1570100,4006,1
WI1570102,9984,0
WI1570104,292,0
WI1570105,3518,0
WI1570109,1626,0
WI1570110,300,0
WI1570112,1414,0
WI1570113,365,0
WI1570503,70,0
WI1570664,2914,0
WI1570748,70,0
WI1570849,253,1
WI1570924,75,0
WI1571232,50,0
WI1571282,40,1
WI1571284,32,0
WI2300046,99218,0
WI2300050,598,0
WI2300061,30,0
WI2300103,88,0
WI2300106,27,0
WI2300117,35,0
WI2300118,125,0
WI2300140,32,0
WI2300145,400,0
WI2300146,945,0
WI2300148,60,1
WI2300151,150,1
WI2300152,59,0
WI2300156,450,0
WI2300159,30,0
WI2300163,28,0
WI2300166,350,0
WI2300167,10754,1
WI2300172,48,0
WI2300174,50,0
WI2300175,50,0
WI2300177,220,0
WI2300486,150,2
WI2300498,51,0
WI2300619,50,0
WI2300767,1001,0
WI2300786,30,1
WI2300854,30,0
WI2300871,125,2
WI2300903,300,1
WI2300940,125,1
WI2301035,28,0
WI2301080,325,1
WI2301421,1930,0
WI2301565,35,2
WI2301743,32,1
WI2302061,26,0
WI2410100,626000,0
WI2410144,21340,0
WI2410168,12883,0
WI2410169,18659,0
WI2410172,32104,1
WI2410556,12741,0
WI2410563,22500,0
WI2410571,14393,0
WI2410584,6808,0
WI2410589,1065,0
WI2410595,63240,0
WI2410596,49064,0
WI2410597,14272,0
WI2410602,118,0
WI2410607,13535,0
WI2410918,200,0
WI2413464,50,0
WI2413515,35598,0
WI2460054,12853,0
WI2460066,260,0
WI2460067,32,0
WI2460107,2493,1
WI2460108,12500,0
WI2460109,2279,0
WI2460111,12269,0
WI2460112,11152,0
WI2460113,150,0
WI2460114,50,1
WI2460118,1500,0
WI2460120,88,0
WI2460124,100,0
WI2460128,160,0
WI2460131,26,1
WI2460132,75,0
WI2460134,4268,0
WI2460137,80,0
WI2460139,25,1
WI2460140,30,0
WI2460141,75,0
WI2460142,90,0
WI2460143,130,0
WI2460145,130,0
WI2460147,70,1
WI2460148,48,0
WI2460150,50,0
WI2460151,600,0
WI2460152,40,1
WI2460154,75,0
WI2460158,40,0
WI2460159,60,0
WI2460162,30,0
WI2460640,80,0
WI2460680,84,1
WI2460685,100,0
WI2460694,195,0
WI2460705,130,1
WI2460781,100,0
WI2460791,300,0
WI2460794,300,0
WI2460796,120,0
WI2460817,615,1
WI2460823,50,0
WI2460824,100,0
WI2460955,110,0
WI2460973,200,0
WI2460982,200,1
WI2520062,105100,0
WI2520102,250,0
WI2520175,225,0
WI2520177,11043,0
WI2520184,21819,1
WI2520191,1804,0
WI2520193,38,1
WI2520196,303,0
WI2520199,950,1
WI2520200,4900,1
WI2520201,400,1
WI2520202,5368,1
WI2522850,32,0
WI2650056,14000,0
WI2650057,1573,0
WI2650058,2766,0
WI2650060,2601,1
WI2650062,10317,0
WI2650066,7107,0
WI2650113,9028,0
WI2650116,400,0
WI2650123,5054,0
WI2650124,150,0
WI2650127,500,0
WI2650128,1839,1
WI2650143,500,0
WI2650145,1549,1
WI2650146,170,0
WI2650148,80,0
WI2650149,2304,0
WI2650150,125,0
WI2650156,40,1
WI2650157,100,0
WI2650494,30,0
WI2650907,2250,0
WI2650929,395,0
WI2651013,33,0
WI2651216,90,0
WI2651311,60,0
WI2651469,4071,2
WI2651482,25,0
WI2651536,3038,0
WI2651598,300,0
WI2670063,206,0
WI2670104,860,0
WI2670105,20027,1
WI2670107,124,0
WI2670109,54,0
WI2670110,15805,0
WI2670111,7844,1
WI2670112,4309,0
WI2670116,5659,1
WI2670120,31752,0
WI2670123,330,0
WI2670580,153,0
WI2671738,250,0
WI2671748,165,0
WI2671964,183,1
WI2680082,23867,0
WI2680191,2181,0
WI2680195,180,0
WI2680197,2350,1
WI2680198,1950,0
WI2680201,410,0
WI2680203,400,0
WI2680205,9212,0
WI2680209,8190,0
WI2680212,140,0
WI2680213,700,0
WI2680214,8671,4
WI2680216,720,0
WI2680217,27899,0
WI2680218,35,0
WI2680224,210,0
WI2680225,300,0
WI2680227,15805,0
WI2680228,750,0
WI2680229,8166,5
WI2680232,446,0
WI2680233,11750,0
WI2680236,50,1
WI2680238,70718,2
WI2680239,6419,0
WI2680242,80,0
WI2680246,141,1
WI2680247,90,0
WI2680249,80,0
WI2680253,29070,1
WI2680261,450,0
WI2680277,2100,0
WI2680279,75,0
WI2680288,30,0
WI2680290,40,1
WI2680624,106,0
WI2680761,340,1
WI2680806,110,0
WI2680862,62,0
WI2681086,144,0
WI2681104,66,0
WI2681741,8150,1
WI2682229,84,0
WI2682406,50,2
WI2682512,350,0
WI2682639,474,1
WI2682761,75,1
WI2682795,280,1
WI2683331,230,0
WI2683440,500,0
WI2683555,80,1
WI2684360,95,0
WI2684642,300,0
WI2684746,45,0
WI2685101,40,0
WI2685210,40,0
WI2685211,40,0
WI2685345,40,0
WI2685370,150,1
WI2685747,1796,0
WI2685812,587,0
WI2685839,68,0
WI2685951,27,1
WI2686008,172,0
WI2686101,40,0
WI2686114,40,0
WI2686325,50,1
WI2686336,40,0
WI2686337,40,0
WI2686359,30,0
WI2686466,25,0
WI2686481,100,0
WI2686619,25,0
WI4050071,1875,0
WI4050351,2684,1
WI4050355,4040,0
WI4050356,107369,0
WI4050453,25660,0
WI4050455,13923,1
WI4050456,17730,0
WI4050459,16715,0
WI4050464,3815,1
WI4050466,650,0
WI4050468,21133,2
WI4050726,495,0
WI4051031,4697,0
WI4051141,32,0
WI4051418,7602,1
WI4051625,5398,0
WI4051698,3670,0
WI4051769,450,0
WI4052077,658,0
WI4052638,118,0
WI4052639,53,0
WI4080076,5500,0
WI4080221,3262,0
WI4080222,4191,1
WI4080268,112,0
WI4080269,1176,0
WI4080270,3012,0
WI4080271,3114,1
WI4080274,98,0
WI4080377,487,1
WI4080407,650,1
WI4150000,52,0
WI4150064,122,0
WI4150213,135,0
WI4150510,1000,0
WI4150526,9700,0
WI4151196,60,0
WI4151845,130,0
WI4190087,30,2
WI4190155,1250,0
WI4200402,872,0
WI4200405,5414,1
WI4200429,980,1
WI4200461,1825,0
WI4200462,400,0
WI4200463,365,0
WI4200465,65,0
WI4200469,44678,1
WI4200474,478,0
WI4200475,1058,0
WI4200476,7716,1
WI4200477,494,0
WI4200484,48,0
WI4200485,1046,0
WI4200489,30,0
WI4200490,60,0
WI4200798,66,0
WI4240216,5524,0
WI4240217,1002,1
WI4240218,1365,0
WI4240219,1166,1
WI4240221,80,0
WI4240223,70,0
WI4310280,3219,0
WI4310281,2848,1
WI4310282,2737,0
WI4310284,66,0
WI4360287,25,0
WI4360364,34500,0
WI4360426,1524,1
WI4360427,3932,0
WI4360429,355,0
WI4360430,1432,0
WI4360431,1200,1
WI4360433,705,0
WI4360434,90,0
WI4360436,11270,1
WI4360437,954,0
WI4360439,757,1
WI4360441,301,3
WI4360447,195,0
WI4360640,40,0
WI4380395,10968,0
WI4380411,1026,0
WI4380436,727,0
WI4380438,350,2
WI4380439,1561,0
WI4380440,75,0
WI4380442,3420,0
WI4380444,349,1
WI4380445,585,1
WI4390009,25,0
WI4390175,50,0
WI4390281,1329,2
WI4390287,72,0
WI4390542,39,0
WI4430148,35,0
WI4430490,1264,0
WI4430493,585,1
WI4430494,90,1
WI4430495,4583,1
WI4430496,2892,1
WI4430498,517,1
WI4430499,100,0
WI4430504,80,0
WI4430506,75,0
WI4450117,13024,0
WI4450278,11340,0
WI4450333,74511,0
WI4450336,17493,0
WI4450337,3601,0
WI4450338,12168,1
WI4450342,7608,1
WI4450408,1336,0
WI4450409,3609,1
WI4450411,3028,1
WI4450414,275,0
WI4450415,921,0
WI4450421,225,0
WI4450429,21583,0
WI4450867,418,0
WI4451167,44,0
WI4451607,3260,0
WI4451651,100,0
WI4451734,120,0
WI4590449,832,0
WI4590450,1475,0
WI4590451,357,0
WI4590454,534,1
WI4590455,450,1
WI4590456,9610,0
WI4590457,4950,0
WI4590462,705,1
WI4590465,1200,0
WI4590468,150,0
WI4600354,49931,0
WI4600355,1594,0
WI4600403,4596,0
WI4600435,510,0
WI4600436,719,0
WI4600437,2213,0
WI4600439,1567,0
WI4600440,461,1
WI4600444,2271,0
WI4600445,3110,0
WI4600446,8964,0
WI4600447,564,0
WI4600449,1544,0
WI4600454,200,1
WI4600455,8687,0
WI4600456,500,0
WI4600487,1200,0
WI4690321,92,0
WI4690345,1300,0
WI4690391,4635,1
WI4690392,175,0
WI4690393,347,0
WI4690394,1249,0
WI4690395,1240,0
WI4690396,1293,0
WI4690397,110,0
WI4690398,7187,0
WI4690402,6062,1
WI4690403,1820,0
WI4690405,71,0
WI4700125,32,0
WI4700265,454,0
WI4700267,419,1
WI4700268,924,0
WI4700269,2019,0
WI4700271,102,0
WI4700282,60,0
WI4700718,2280,0
WI4710334,15144,0
WI4710348,27506,0
WI4710354,2502,2
WI4710357,3629,0
WI4710358,14000,1
WI4710453,10927,1
WI4710457,63000,0
WI4710458,85,0
WI4710459,70,0
WI4711611,3935,0
WI4712094,90,0
WI6030124,705,0
WI6030125,3423,0
WI6030127,1787,0
WI6030128,50,0
WI6030129,1931,0
WI6030130,54,0
WI6030132,2311,0
WI6030135,365,2
WI6030138,9012,0
WI6030140,95,2
WI6030142,1073,0
WI6030143,287,1
WI6030422,80,0
WI6030961,25,1
WI6060192,769,0
WI6060193,2667,0
WI6060226,450,1
WI6060227,90,0
WI6060228,443,0
WI6060230,25,0
WI6060232,375,0
WI6090445,64,0
WI6090448,3680,1
WI6090449,540,0
WI6090450,1352,0
WI6090454,78,0
WI6090456,13375,0
WI6090458,1390,0
WI6090459,126,0
WI6090461,549,0
WI6090462,3500,0
WI6090849,6701,1
WI6100283,506,0
WI6100326,834,0
WI6100327,349,1
WI6100328,1079,0
WI6100329,1308,0
WI6100330,2384,0
WI6100331,75,0
WI6100332,42,0
WI6100334,936,0
WI6100336,510,2
WI6100337,1636,2
WI6100339,346,0
WI6100340,32,0
WI6120109,200,0
WI6120243,342,1
WI6120244,490,1
WI6120246,206,2
WI6120250,6005,0
WI6120251,250,0
WI6120252,592,0
WI6120253,711,0
WI6120331,300,1
WI6170260,1043,1
WI6170261,1102,0
WI6170263,250,0
WI6170264,895,0
WI6170265,150,0
WI6170267,486,1
WI6170268,15950,0
WI6170270,700,0
WI6170271,95,0
WI6170274,317,1
WI6170276,50,0
WI6170385,60,0
WI6170445,40,0
WI6170686,85,1
WI6180230,70587,0
WI6180231,1450,0
WI6180280,9627,1
WI6180281,185,0
WI6180285,850,2
WI6180286,111,1
WI6180287,70,0
WI6180288,96,0
WI6180290,420,1
WI6180291,300,0
WI6180295,451,1
WI6180296,1269,1
WI6180298,48,0
WI6180299,60,0
WI6180300,51,0
WI6180513,35,0
WI6270004,50,1
WI6270244,3608,1
WI6270287,163,0
WI6270289,80,1
WI6270292,443,0
WI6270293,524,0
WI6270294,531,1
WI6270297,498,0
WI6270298,487,1
WI6270299,2692,0
WI6270635,60,0
WI6320233,1520,0
WI6320306,10147,1
WI6320307,39,0
WI6320308,117,0
WI6320309,53000,0
WI6320310,156,0
WI6320311,1020,0
WI6320314,85,0
WI6320315,140,0
WI6320316,300,0
WI6320318,503,0
WI6320319,351,0
WI6320323,231,0
WI6320326,275,1
WI6320327,18000,0
WI6320333,642,1
WI6320334,5045,0
WI6320336,240,0
WI6320484,80,0
WI6320638,50,1
WI6321133,40,0
WI6420069,317,1
WI6420254,9192,1
WI6420294,1120,0
WI6420295,458,2
WI6420296,653,0
WI6420297,10025,0
WI6420299,145,0
WI6420302,10000,0
WI6420305,540,0
WI6420306,490,2
WI6420307,250,0
WI6470107,1868,0
WI6470140,60,0
WI6470141,816,3
WI6480153,499,0
WI6480239,3304,1
WI6480240,118,1
WI6480243,4258,0
WI6480244,175,0
WI6480246,16000,1
WI6480249,1409,0
WI6480250,798,0
WI6480345,31,0
WI6480372,120,0
WI6480403,50,0
WI6490328,2962,1
WI6490330,1031,0
WI6490332,900,0
WI6490334,765,1
WI6490335,1061,0
WI6490336,936,0
WI6490337,1241,0
WI6490338,1150,0
WI6490339,915,0
WI6490341,2680,1
WI6490342,100,0
WI6490343,2079,0
WI6560087,18558,1
WI6560119,4440,0
WI6560120,1102,0
WI6560121,1884,0
WI6560122,170,0
WI6560125,150,0
WI6560126,10824,0
WI6560128,52,0
WI6560131,95,0
WI6560134,1872,0
WI6560136,75,0
WI6560137,3334,1
WI6560138,1386,0
WI6560140,64,0
WI6560141,553,0
WI6560143,90,0
WI6560259,170,1
WI6560886,191,0
WI6620165,120,2
WI6620270,635,1
WI6620271,1679,1
WI6620273,536,0
WI6620274,1280,0
WI6620275,1820,0
WI6620276,1500,0
WI6620319,3737,0
WI6620325,120,0
WI6620328,1701,0
WI6620329,409,0
WI6620331,1100,0
WI6620332,1888,0
WI6620579,300,0
WI6630251,306,0
WI6630252,765,1
WI6630254,264,1
WI6630256,60,0
WI6630257,1325,1
WI6630258,712,0
WI6630259,554,1
WI6630261,395,1
WI6630262,793,1
WI6630263,4362,0
WI6630267,2400,1
WI6630268,90,1
WI6630269,667,0
WI6630442,51,0
WI7010072,160,0
WI7010105,1550,0
WI7010107,1847,0
WI7010108,2775,0
WI7010110,781,0
WI7010113,75,0
WI7010114,38,0
WI7010423,75,0
WI7010424,75,0
WI7010425,75,2
WI7010592,60,0
WI7210105,86,1
WI7210107,1958,1
WI7210108,950,2
WI7210110,750,0
WI7210112,190,1
WI7290120,400,0
WI7290121,640,0
WI7290122,1333,0
WI7290124,474,0
WI7290126,37,0
WI7290127,90,0
WI7290129,4456,1
WI7290130,844,1
WI7290132,2526,1
WI7290134,40,0
WI7290136,225,0
WI7290137,758,0
WI7290294,210,0
WI7290549,170,0
WI7290555,25,0
WI7340086,7780,3
WI7340117,400,1
WI7340118,256,0
WI7350094,49,0
WI7350121,316,0
WI7350123,9661,1
WI7350124,170,2
WI7350127,3180,1
WI7370102,39994,0
WI7370107,271,1
WI7370108,1848,1
WI7370123,25,1
WI7370148,2502,1
WI7370149,1025,0
WI7370150,1491,1
WI7370151,1695,1
WI7370152,43,0
WI7370157,145,0
WI7370158,120,1
WI7370159,3406,0
WI7370161,3190,1
WI7370162,2205,0
WI7370163,16000,0
WI7370168,1643,1
WI7370169,1829,0
WI7370540,130,1
WI7370660,6398,0
WI7371256,550,0
WI7371500,49,0
WI7371700,6931,1
WI7372480,1046,0
WI7440087,49,0
WI7440115,133,0
WI7440116,2381,1
WI7440117,81,0
WI7440118,124,0
WI7440121,100,0
WI7440126,8234,1
WI7440129,500,2
WI7440139,56,0
WI7440144,48,0
WI7440609,54,0
WI7440812,315,1
WI7441240,84,0
WI7500094,1119,1
WI7500127,416,0
WI7500133,150,0
WI7500136,1743,0
WI7500138,320,0
WI7500141,26717,0
WI7500146,60,0
WI7500269,250,0
WI7500726,13486,0
WI7501175,75,0
WI7640083,75,0
WI7640112,450,2
WI7640113,1530,1
WI7640114,550,0
WI7640118,71,0
WI7641097,100,0
WI7641357,32,0
WI7641359,39,0
WI7641360,29,0
WI7641621,120,0
WI7720108,20000,0
WI7720112,800,0
WI7720113,1866,0
WI7720134,512,0
WI7720139,45,0
WI7720165,18815,0
WI7720167,55,0
WI7720169,2394,0
WI7720171,879,0
WI7720535,25,0
WI7720537,50,0
WI7720851,97,1
WI7720994,280,0
WI8020373,8000,2
WI8020375,283,2
WI8020376,750,0
WI8020378,731,0
WI8020382,50,0
WI8040094,400,0
WI8040126,488,0
WI8040129,500,0
WI8040131,600,1
WI8040132,2280,1
WI8040687,45,0
WI8070012,286,1
WI8070023,115,0
WI8070310,1460,0
WI8070311,941,0
WI8070312,652,0
WI8160142,124,0
WI8160143,200,1
WI8160145,95,4
WI8160147,26084,1
WI8260116,1515,0
WI8260118,211,1
WI8260120,760,0
WI8260121,887,1
WI8260122,191,1
WI8510130,2993,0
WI8510131,1473,1
WI8510132,660,0
WI8510223,45,1
WI8510408,300,0
WI8550127,620,0
WI8550129,333,1
WI8550131,3184,0
WI8550132,238,1
WI8550135,34,0
WI8550278,265,4
WI8550454,93,3
WI8550459,105,1
WI8580502,175,0
WI8580532,2552,0
WI8580533,241,1
WI8580534,344,1
WI8580535,90,1
WI8580537,50,0
WI8581004,85,0
WI8581015,196,0
WI8581145,120,0
WI8581273,25,0
WI8610020,79,0
WI8610124,372,0
WI8610125,4318,0
WI8610126,945,2
WI8610346,150,2
WI8610411,51,0
WI8610550,563,1
WI8660302,442,0
WI8660303,561,0
WI8660304,950,1
WI8660305,2653,0
WI8660306,93,0
WI8660734,200,0
WV3300101,2146,0
WV3300102,2744,0
WV3300103,987,0
WV3300104,3544,1
WV3300106,2050,0
WV3300107,2603,0
WV3300108,246,0
WV3300109,148,0
WV3300110,615,0
WV3300201,235,2
WV3300204,53,0
WV3300209,1102,0
WV3300212,16250,0
WV3300218,69372,0
WV3300227,2175,0
WV3300229,135,0
WV3300230,219,0
WV3300231,861,0
WV3300236,104,0
WV3300237,3300,0
WV3300238,94,0
WV3300243,150,1
WV3300402,4344,0
WV3300404,3241,1
WV3300406,2159,0
WV3300408,1126,0
WV3300409,339,0
WV3300502,610,0
WV3300506,3145,0
WV3300508,2186,0
WV3300512,4970,0
WV3300515,2967,0
WV3300516,18633,1
WV3300517,4019,1
WV3300523,240,0
WV3300608,98647,0
WV3300609,5446,0
WV3300701,880,1
WV3300702,1163,4
WV3300703,1868,3
WV3300801,1232,3
WV3300806,2199,0
WV3300809,729,0
WV3300810,92,0
WV3300811,1043,0
WV3300901,1895,0
WV3300902,48,0
WV3301005,87,0
WV3301008,2294,0
WV3301022,692,1
WV3301024,1567,1
WV3301026,762,1
WV3301037,2547,2
WV3301042,3944,2
WV3301046,25603,0
WV3301104,1751,0
WV3301106,803,0
WV3301107,425,0
WV3301108,1884,0
WV3301109,523,0
WV3301110,95,0
WV3301204,2841,0
WV3301205,2072,3
WV3301206,4559,0
WV3301207,1865,0
WV3301209,229,0
WV3301302,1478,0
WV3301303,100,0
WV3301305,3280,1
WV3301307,12065,2
WV3301309,1381,5
WV3301310,2091,2
WV3301311,1170,0
WV3301312,290,0
WV3301314,3845,1
WV3301315,2458,0
WV3301328,79,1
WV3301402,700,0
WV3301405,1911,2
WV3301406,388,0
WV3301411,2274,0
WV3301412,1046,1
WV3301414,80,0
WV3301415,205,0
WV3301504,3220,1
WV3301515,1326,2
WV3301516,4963,1
WV3301517,1659,0
WV3301519,2079,0
WV3301525,506,1
WV3301601,2328,0
WV3301603,788,5
WV3301605,200,0
WV3301607,1463,0
WV3301608,1442,0
WV3301609,245,0
WV3301610,908,0
WV3301611,254,0
WV3301612,90,0
WV3301613,150,0
WV3301701,1013,0
WV3301703,10775,0
WV3301705,19072,0
WV3301706,1059,0
WV3301709,1912,0
WV3301713,3536,2
WV3301714,1519,3
WV3301717,1845,0
WV3301719,2328,0
WV3301720,1630,3
WV3301721,4959,1
WV3301722,2727,2
WV3301724,2236,0
WV3301726,2905,0
WV3301727,2744,3
WV3301728,645,0
WV3301736,381,0
WV3301737,164,0
WV3301741,205,0
WV3301742,919,0
WV3301804,3230,0
WV3301810,5047,2
WV3301811,5420,0
WV3301814,2506,0
WV3301817,6070,0
WV3301819,170,0
WV3301904,126,0
WV3301905,15220,1
WV3301909,195,2
WV3301912,2122,1
WV3301920,78,0
WV3301929,75,0
WV3301933,4300,0
WV3301942,7250,0
WV3301947,27,4
WV3301949,172,0
WV3301963,976,0
WV3301972,107,0
WV3301979,132,1
WV3302016,209283,0
WV3302031,13758,1
WV3302077,60,2
WV3302103,1440,0
WV3302104,14534,0
WV3302202,3077,1
WV3302203,2465,1
WV3302205,4039,3
WV3302207,2226,1
WV3302208,191,3
WV3302317,1589,1
WV3302331,3662,0
WV3302341,861,0
WV3302343,908,2
WV3302347,3542,1
WV3302355,881,1
WV3302357,3611,3
WV3302361,69,1
WV3302363,2145,1
WV3302364,16921,2
WV3302405,118,0
WV3302407,113,0
WV3302411,122,1
WV3302417,32,1
WV3302420,1633,1
WV3302421,2907,2
WV3302425,332,2
WV3302431,432,1
WV3302434,2242,2
WV3302435,692,1
WV3302437,163,1
WV3302439,1537,1
WV3302440,370,0
WV3302441,322,0
WV3302448,170,0
WV3302460,1648,0
WV3302465,165,1
WV3302471,363,1
WV3302472,1220,1
WV3302475,50,1
WV3302501,1024,0
WV3302502,30586,0
WV3302503,958,1
WV3302504,699,1
WV3302506,406,0
WV3302507,506,0
WV3302508,1149,0
WV3302510,2180,0
WV3302512,955,0
WV3302513,1946,0
WV3302514,339,0
WV3302515,3226,0
WV3302517,1965,0
WV3302518,1257,1
WV3302519,1267,1
WV3302520,204,0
WV3302521,69,0
WV3302522,1880,0
WV3302523,4042,0
WV3302524,598,0
WV3302525,1179,0
WV3302529,194,0
WV3302531,353,1
WV3302532,293,0
WV3302533,96,1
WV3302534,178,0
WV3302536,221,0
WV3302603,962,0
WV3302605,2495,0
WV3302606,3463,0
WV3302607,1601,0
WV3302608,2694,0
WV3302609,4063,1
WV3302610,2212,1
WV3302611,9911,0
WV3302618,1510,0
WV3302702,497,0
WV3302703,1061,0
WV3302704,675,0
WV3302708,1679,0
WV3302709,1649,0
WV3302710,5146,1
WV3302712,4296,1
WV3302713,3303,1
WV3302714,2039,1
WV3302715,156,0
WV3302717,3902,0
WV3302801,5633,0
WV3302804,6216,1
WV3302813,2130,1
WV3302814,63,1
WV3302828,85,5
WV3302835,12174,0
WV3302849,4914,0
WV3302857,200,3
WV3302915,4796,0
WV3302920,3163,0
WV3302921,847,3
WV3302923,737,0
WV3302926,1062,0
WV3302928,6747,0
WV3302942,1001,0
WV3302946,132,0
WV3302947,937,0
WV3302949,793,0
WV3303001,223,2
WV3303002,1840,1
WV3303003,1237,1
WV3303005,2205,1
WV3303009,2660,2
WV3303011,277,1
WV3303013,621,1
WV3303014,504,1
WV3303029,2159,4
WV3303030,64,0
WV3303031,2877,1
WV3303032,380,1
WV3303033,292,1
WV3303107,5733,1
WV3303111,66851,0
WV3303112,2231,1
WV3303121,3858,0
WV3303128,3100,0
WV3303130,114,0
WV3303204,480,1
WV3303206,5331,1
WV3303207,758,0
WV3303301,3526,0
WV3303306,69,0
WV3303308,524,2
WV3303310,120,0
WV3303313,140,0
WV3303314,91,0
WV3303315,140,0
WV3303317,139,0
WV3303334,98,0
WV3303401,2480,2
WV3303402,4997,0
WV3303403,3630,2
WV3303404,5574,0
WV3303405,6106,1
WV3303406,554,2
WV3303413,1369,0
WV3303508,6297,0
WV3303512,979,0
WV3303513,610,5
WV3303514,2968,0
WV3303516,29899,1
WV3303519,1153,0
WV3303520,2657,0
WV3303521,46,0
WV3303522,90,0
WV3303523,55,0
WV3303602,1402,0
WV3303608,156,0
WV3303609,84,0
WV3303611,633,0
WV3303613,692,0
WV3303614,130,0
WV3303701,1003,0
WV3303704,2711,0
WV3303707,2357,0
WV3303802,555,4
WV3303803,1930,0
WV3303804,297,1
WV3303808,1867,3
WV3303812,504,0
WV3303815,262,0
WV3303901,317,0
WV3303902,264,1
WV3303908,7674,0
WV3303909,2239,0
WV3303912,3455,2
WV3303914,680,1
WV3303917,1856,1
WV3303918,1346,0
WV3303920,1116,0
WV3303921,1325,0
WV3303923,8753,0
WV3303924,291,0
WV3304005,8987,0
WV3304011,26410,0
WV3304020,78,0
WV3304104,47386,0
WV3304111,1747,0
WV3304115,665,3
WV3304120,550,2
WV3304123,3415,0
WV3304138,4587,2
WV3304139,4190,1
WV3304140,6663,3
WV3304144,197,1
WV3304150,813,3
WV3304151,1407,1
WV3304152,383,2
WV3304153,60,0
WV3304202,2268,0
WV3304203,9350,0
WV3304204,456,0
WV3304206,186,0
WV3304208,3802,1
WV3304209,591,3
WV3304211,4758,0
WV3304212,262,1
WV3304213,1632,0
WV3304215,1536,1
WV3304216,254,1
WV3304301,339,0
WV3304302,456,1
WV3304303,2347,2
WV3304306,1532,0
WV3304307,1,3
WV3304405,4630,0
WV3304407,2208,1
WV3304408,480,2
WV3304409,976,0
WV3304507,1350,2
WV3304513,20562,0
WV3304601,6333,0
WV3304602,2306,0
WV3304603,5296,0
WV3304605,1322,0
WV3304606,1393,1
WV3304701,952,1
WV3304704,1785,3
WV3304707,1461,0
WV3304709,753,2
WV3304711,577,1
WV3304712,25,0
WV3304801,3195,0
WV3304802,1267,4
WV3304803,1892,2
WV3304902,8098,0
WV3304905,2870,0
WV3304908,2161,0
WV3304909,2890,0
WV3304911,5327,0
WV3304912,376,0
WV3304913,151,0
WV3305001,1472,0
WV3305004,1600,3
WV3305006,7455,0
WV3305007,5519,2
WV3305009,11192,0
WV3305010,3463,1
WV3305011,1179,0
WV3305012,1220,0
WV3305102,502,3
WV3305103,3098,2
WV3305107,79,1
WV3305202,638,0
WV3305203,5272,0
WV3305204,3291,3
WV3305205,620,1
WV3305206,1942,0
WV3305207,1378,0
WV3305302,2289,0
WV3305401,1628,0
WV3305402,8141,0
WV3305404,11724,0
WV3305405,5674,1
WV3305407,34251,1
WV3305410,7883,0
WV3305411,12507,0
WV3305412,3469,0
WV3305504,241,3
WV3305516,3796,4
WV3305517,2162,1
WV3305518,3967,1
WV3305521,3616,1
WV3305527,80,1
WV3305532,44,0
WV9901745,25,0
WV9939113,50,0
WV9948024,673,0
WY5600002,2000,0
WY5600003,71,0
WY5600004,1250,0
WY5600005,4419,2
WY5600006,750,1
WY5600007,445,0
WY5600008,561,0
WY5600009,25,0
WY5600011,64165,0
WY5600012,260,0
WY5600013,116,0
WY5600015,535,2
WY5600016,176,0
WY5600017,195,0
WY5600018,2873,0
WY5600019,32222,0
WY5600020,139,2
WY5600021,35,0
WY5600022,2080,0
WY5600023,1157,0
WY5600025,841,0
WY5600026,420,0
WY5600027,200,0
WY5600028,3348,2
WY5600029,32395,0
WY5600030,486,0
WY5600031,2250,0
WY5600032,1576,0
WY5600033,2203,0
WY5600034,189,0
WY5600035,327,0
WY5600036,4050,2
WY5600037,1009,1
WY5600038,200,1
WY5600039,230,2
WY5600040,1186,1
WY5600041,1900,0
WY5600042,6310,0
WY5600044,1297,0
WY5600045,9006,2
WY5600047,10330,1
WY5600048,211,0
WY5600050,25,0
WY5600051,30,0
WY5600052,22700,0
WY5600053,515,0
WY5600054,433,0
WY5600055,1279,0
WY5600056,2775,0
WY5600058,400,4
WY5600059,114,3
WY5600060,450,0
WY5600061,1720,0
WY5600065,191,1
WY5600067,4000,0
WY5600069,1600,0
WY5600073,200,0
WY5600074,30,3
WY5600079,423,1
WY5600080,236,0
WY5600082,130,0
WY5600088,330,0
WY5600091,930,0
WY5600092,336,2
WY5600093,78,1
WY5600097,2004,0
WY5600105,500,0
WY5600106,40,1
WY5600109,45,3
WY5600110,97,0
WY5600112,20,0
WY5600113,530,1
WY5600119,140,0
WY5600120,304,0
WY5600122,30,0
WY5600127,96,0
WY5600132,144,1
WY5600133,600,0
WY5600136,3207,0
WY5600137,6400,0
WY5600140,1100,0
WY5600141,100,1
WY5600145,74,0
WY5600148,195,0
WY5600150,11727,0
WY5600154,315,0
WY5600156,1300,0
WY5600157,135,0
WY5600158,300,0
WY5600159,366,0
WY5600160,252,1
WY5600162,375,1
WY5600164,6847,0
WY5600166,230,0
WY5600168,450,0
WY5600169,131,0
WY5600171,70,0
WY5600176,7615,1
WY5600177,1822,1
WY5600179,100,0
WY5600180,200,1
WY5600181,200,0
WY5600182,165,2
WY5600183,460,0
WY5600185,230,0
WY5600186,64,0
WY5600187,3659,3
WY5600188,1024,0
WY5600189,181,2
WY5600191,498,0
WY5600192,360,1
WY5600194,150,1
WY5600195,34,0
WY5600196,263,0
WY5600197,4787,0
WY5600199,2466,1
WY5600200,200,1
WY5600201,325,0
WY5600202,824,0
WY5600203,400,0
WY5600204,110,1
WY5600205,120,0
WY5600206,800,0
WY5600207,10224,0
WY5600209,60,0
WY5600210,160,0
WY5600212,96,0
WY5600213,24760,0
WY5600214,100,2
WY5600215,150,0
WY5600216,85,0
WY5600217,260,0
WY5600218,906,0
WY5600220,1400,0
WY5600221,53,1
WY5600222,347,2
WY5600223,861,1
WY5600226,254,0
WY5600229,29,0
WY5600230,84,0
WY5600231,289,0
WY5600232,110,1
WY5600236,70,0
WY5600238,375,0
WY5600239,10000,0
WY5600246,120,0
WY5600247,165,0
WY5600249,750,0
WY5600251,1280,0
WY5600256,3595,0
WY5600258,150,0
WY5600260,128,0
WY5600263,107,0
WY5600285,218,0
WY5600287,2030,1
WY5600435,50,0
WY5600619,400,0
WY5600724,100,0
WY5600737,160,1
WY5600745,843,0
WY5600756,125,1
WY5600757,1728,1
WY5600758,150,0
WY5600760,410,0
WY5600764,2400,0
WY5600774,300,1
WY5600777,173,0
WY5600779,1078,0
WY5600780,258,0
WY5600782,450,0
WY5600786,100,1
WY5600787,120,0
WY5600788,448,0
WY5600789,400,0
WY5600805,75,0
WY5600806,51,0
WY5600810,560,0
WY5600811,400,0
WY5600820,362,1
WY5600822,1500,1
WY5600828,1500,0
WY5600829,120,0
WY5600832,144,0
WY5600835,65,0
WY5600836,65,0
WY5600847,1250,0
WY5600850,77,0
WY5600853,500,0
WY5600861,68,0
WY5600864,83,1
WY5600877,40,0
WY5600893,84,0
WY5600898,176,0
WY5600918,135,0
WY5600935,350,0
WY5600968,220,0
WY5600969,265,0
WY5600970,150,0
WY5600976,270,0
WY5601004,130,0
WY5601017,72,0
WY5601019,1200,0
WY5601021,200,0
WY5601028,148,0
WY5601032,225,0
WY5601072,125,0
WY5601083,450,0
WY5601085,450,0
WY5601098,348,1
WY5601100,100,0
WY5601115,90,1
WY5601173,1000,0
WY5601175,370,0
WY5601176,700,1
WY5601181,10500,0
WY5601182,24000,0
WY5601187,70,0
WY5601193,35,2
WY5601198,25,0
WY5601199,45,0
WY5601203,110,0
WY5601206,270,0
WY5601213,62,0
WY5601225,220,2
WY5601231,336,0
WY5601232,150,0
WY5601233,95,4
WY5601239,735,0
WY5601245,140,0
WY5601248,100,0
WY5601254,7330,0
WY5601270,75,1
WY5601271,615,0
WY5601275,42,0
WY5601279,345,0
WY5601289,485,0
WY5601292,62,1
WY5601304,152,0
WY5601315,327,0
WY5601329,198,0
WY5601332,130,0
WY5601339,324,0
WY5601343,475,0
WY5601353,688,0
WY5601357,160,0
WY5601369,305,0
WY5601391,3000,0
WY5601393,490,0
WY5601397,720,0
WY5601399,291,0
WY5601401,75,0
WY5601415,59000,0
WY5601418,465,0
WY5601439,55,0
WY5601440,900,0
WY5601449,36,1
WY5601454,900,0
WY5601457,70,0
WY5601464,94,1
WY5601471,1910,3
WY5601473,210,0
WY5601474,250,0
WY5601490,75,0
WY5601494,62,0
WY5601496,300,1
WY5601499,100,0
WY5601507,45,0
WY5601519,120,0
WY5601523,990,0
WY5601533,200,0
WY5601537,400,0
WY5601546,60,0
WY5601557,31,0
WY5601569,580,0
WY5601572,66,0
WY5601576,100,0
WY5601579,100,0
WY5601581,150,0
WY5601586,100,2
WY5601593,416,0
WY5601596,144,0
WY5601607,110,0
WY5601608,112,0
WY5601609,40,0
WY5601615,38,0
WY5601619,663,0
WY5601620,85,0
WY5601622,320,0
WY5601624,75,0
WY5601626,72,0
WY5601630,25,0
WY5601632,79,0
WY5601633,70,0
WY5601639,50,0
WY5601641,330,0
WY5601645,48,0
WY5601657,62,0
WY5601666,50,0
WY5601673,100,0
WY5601692,50,1
WY5601695,33,0
WY5601699,332,0
WY5601719,15,1
WY5601720,19,1
WY5601721,128,0
WY5601725,50,0
WY5601728,42,0
WY5601730,35,0
WY5601733,39,0
WY5601739,29,0
WY5601741,200,1
WY5601742,172,0
WY5601746,148,0
WY5601748,120,0
WY5601749,35,0
WY5680001,685,2
WY5680079,5925,0
WY5680085,7675,3
WY5680092,2600,0
WY5680093,221,0
WY5680095,4514,0
WY5680103,1830,0
WY5680122,5500,0
